album_id,rating,has_review,user_age_days,timestamp,is_verified_user,is_synthetic,collection_date,source,provenance_status
2024/example-album-1,8.2,False,939,2020-01-01 00:00:00.000000,True,True,2026-08-08T00:56:44.307745,synthetic,illustrative_synthetic
2024/example-album-1,5.5,False,744,2020-01-03 19:04:52.579505,False,True,2026-08-08T00:56:44.307745,synthetic,illustrative_synthetic
2024/example-album-1,8.5,False,665,2020-01-06 14:09:45.159010,True,True,2026-08-08T00:56:44.307745,synthetic,illustrative_synthetic
2024/example-album-1,8.7,False,252,2020-01-09 09:14:37.738515,True,True,2026-08-08T00:56:44.307745,synthetic,illustrative_synthetic
2024/example-album-1,10.0,False,1008,2020-01-12 04:19:30.318021,True,True,2026-08-08T00:56:44.307745,synthetic,illustrative_synthetic
2024/example-album-1,6.5,False,560,2020-01-14 23:24:22.897526,True,True,2026-08-08T00:56:44.307745,synthetic,illustrative_synthetic
2024/example-album-1,6.4,False,1175,2020-01-17 18:29:15.477031,True,True,2026-08-08T00:56:44.307745,synthetic,illustrative_synthetic
2024/example-album-1,8.6,True,907,2020-01-20 13:34:08.056537,False,True,2026-08-08T00:56:44.307745,synthetic,illustrative_synthetic
2024/example-album-1,8.7,True,29,2020-01-23 08:39:00.636042,True,True,2026-08-08T00:56:44.307745,synthetic,illustrative_synthetic
2024/example-album-1,6.2,False,471,2020-01-26 03:43:53.215547,False,True,2026-08-08T00:56:44.307745,synthetic,illustrative_synthetic
2024/example-album-1,6.5,False,360,2020-01-28 22:48:45.795053,False,True,2026-08-08T00:56:44.307745,synthetic,illustrative_synthetic
2024/example-album-1,8.2,False,257,2020-01-31 17:53:38.374558,False,True,2026-08-08T00:56:44.307745,synthetic,illustrative_synthetic
2024/example-album-1,5.7,False,678,2020-02-03 12:58:30.954063,False,True,2026-08-08T00:56:44.307745,synthetic,illustrative_synthetic
2024/example-album-1,6.5,False,227,2020-02-06 08:03:23.533568,False,True,2026-08-08T00:56:44.307745,synthetic,illustrative_synthetic
2024/example-album-1,7.4,False,133,2020-02-09 03:08:16.113074,True,True,2026-08-08T00:56:44.307745,synthetic,illustrative_synthetic
2024/example-album-1,9.0,False,135,2020-02-11 22:13:08.692579,True,True,2026-08-08T00:56:44.307745,synthetic,illustrative_synthetic
2024/example-album-1,6.1,False,156,2020-02-14 17:18:01.272084,True,True,2026-08-08T00:56:44.307745,synthetic,illustrative_synthetic
2024/example-album-1,3.9,False,651,2020-02-17 12:22:53.851590,False,True,2026-08-08T00:56:44.307745,synthetic,illustrative_synthetic
2024/example-album-1,3.8,True,2180,2020-02-20 07:27:46.431095,True,True,2026-08-08T00:56:44.307745,synthetic,illustrative_synthetic
2024/example-album-1,4.9,False,309,2020-02-23 02:32:39.010600,True,True,2026-08-08T00:56:44.307745,synthetic,illustrative_synthetic
2024/example-album-1,4.8,False,1355,2020-02-25 21:37:31.590106,False,True,2026-08-08T00:56:44.307745,synthetic,illustrative_synthetic
2024/example-album-1,6.9,False,155,2020-02-28 16:42:24.169611,True,True,2026-08-08T00:56:44.307745,synthetic,illustrative_synthetic
2024/example-album-1,5.1,False,326,2020-03-02 11:47:16.749116,False,True,2026-08-08T00:56:44.307745,synthetic,illustrative_synthetic
2024/example-album-1,5.9,False,1346,2020-03-05 06:52:09.328621,True,True,2026-08-08T00:56:44.307745,synthetic,illustrative_synthetic
2024/example-album-1,5.8,False,939,2020-03-08 01:57:01.908127,True,True,2026-08-08T00:56:44.307745,synthetic,illustrative_synthetic
2024/example-album-1,6.4,False,961,2020-03-10 21:01:54.487632,True,True,2026-08-08T00:56:44.307745,synthetic,illustrative_synthetic
2024/example-album-1,9.6,False,1169,2020-03-13 16:06:47.067137,True,True,2026-08-08T00:56:44.307745,synthetic,illustrative_synthetic
2024/example-album-1,8.4,False,2225,2020-03-16 11:11:39.646643,True,True,2026-08-08T00:56:44.307745,synthetic,illustrative_synthetic
2024/example-album-1,7.2,True,858,2020-03-19 06:16:32.226148,True,True,2026-08-08T00:56:44.307745,synthetic,illustrative_synthetic
2024/example-album-1,6.4,True,115,2020-03-22 01:21:24.805653,True,True,2026-08-08T00:56:44.307745,synthetic,illustrative_synthetic
2024/example-album-1,6.4,True,1226,2020-03-24 20:26:17.385159,False,True,2026-08-08T00:56:44.307745,synthetic,illustrative_synthetic
2024/example-album-1,7.8,True,1105,2020-03-27 15:31:09.964664,False,True,2026-08-08T00:56:44.307745,synthetic,illustrative_synthetic
2024/example-album-1,8.3,False,1284,2020-03-30 10:36:02.544169,True,True,2026-08-08T00:56:44.307745,synthetic,illustrative_synthetic
2024/example-album-1,5.6,False,278,2020-04-02 05:40:55.123674,True,True,2026-08-08T00:56:44.307745,synthetic,illustrative_synthetic
2024/example-album-1,7.3,False,617,2020-04-05 00:45:47.703180,True,True,2026-08-08T00:56:44.307745,synthetic,illustrative_synthetic
2024/example-album-1,3.5,False,59,2020-04-07 19:50:40.282685,False,True,2026-08-08T00:56:44.307745,synthetic,illustrative_synthetic
2024/example-album-1,7.6,False,279,2020-04-10 14:55:32.862190,False,True,2026-08-08T00:56:44.307745,synthetic,illustrative_synthetic
2024/example-album-1,8.6,False,462,2020-04-13 10:00:25.441696,True,True,2026-08-08T00:56:44.307745,synthetic,illustrative_synthetic
2024/example-album-1,6.7,True,357,2020-04-16 05:05:18.021201,True,True,2026-08-08T00:56:44.307745,synthetic,illustrative_synthetic
2024/example-album-1,10.0,False,1257,2020-04-19 00:10:10.600706,False,True,2026-08-08T00:56:44.307745,synthetic,illustrative_synthetic
2024/example-album-1,5.6,True,349,2020-04-21 19:15:03.180212,False,True,2026-08-08T00:56:44.307745,synthetic,illustrative_synthetic
2024/example-album-1,7.6,False,3464,2020-04-24 14:19:55.759717,True,True,2026-08-08T00:56:44.307745,synthetic,illustrative_synthetic
2024/example-album-1,7.1,True,298,2020-04-27 09:24:48.339222,False,True,2026-08-08T00:56:44.307745,synthetic,illustrative_synthetic
2024/example-album-1,7.0,False,560,2020-04-30 04:29:40.918727,True,True,2026-08-08T00:56:44.307745,synthetic,illustrative_synthetic
2024/example-album-1,7.0,False,58,2020-05-02 23:34:33.498233,True,True,2026-08-08T00:56:44.307745,synthetic,illustrative_synthetic
2024/example-album-1,7.4,True,659,2020-05-05 18:39:26.077738,False,True,2026-08-08T00:56:44.307745,synthetic,illustrative_synthetic
2024/example-album-1,8.7,True,373,2020-05-08 13:44:18.657243,True,True,2026-08-08T00:56:44.307745,synthetic,illustrative_synthetic
2024/example-album-1,9.7,False,2897,2020-05-11 08:49:11.236749,True,True,2026-08-08T00:56:44.307745,synthetic,illustrative_synthetic
2024/example-album-1,7.2,False,544,2020-05-14 03:54:03.816254,False,True,2026-08-08T00:56:44.307745,synthetic,illustrative_synthetic
2024/example-album-1,8.7,False,58,2020-05-16 22:58:56.395759,False,True,2026-08-08T00:56:44.307745,synthetic,illustrative_synthetic
2024/example-album-1,5.9,True,78,2020-05-19 18:03:48.975265,True,True,2026-08-08T00:56:44.307745,synthetic,illustrative_synthetic
2024/example-album-1,8.6,False,66,2020-05-22 13:08:41.554770,False,True,2026-08-08T00:56:44.307745,synthetic,illustrative_synthetic
2024/example-album-1,5.8,False,302,2020-05-25 08:13:34.134275,False,True,2026-08-08T00:56:44.307745,synthetic,illustrative_synthetic
2024/example-album-1,9.2,False,267,2020-05-28 03:18:26.713780,True,True,2026-08-08T00:56:44.307745,synthetic,illustrative_synthetic
2024/example-album-1,10.0,False,2635,2020-05-30 22:23:19.293286,False,True,2026-08-08T00:56:44.307745,synthetic,illustrative_synthetic
2024/example-album-1,7.0,False,147,2020-06-02 17:28:11.872791,False,True,2026-08-08T00:56:44.307745,synthetic,illustrative_synthetic
2024/example-album-1,3.3,False,819,2020-06-05 12:33:04.452296,True,True,2026-08-08T00:56:44.307745,synthetic,illustrative_synthetic
2024/example-album-1,6.2,True,386,2020-06-08 07:37:57.031802,True,True,2026-08-08T00:56:44.307745,synthetic,illustrative_synthetic
2024/example-album-1,9.4,False,854,2020-06-11 02:42:49.611307,False,True,2026-08-08T00:56:44.307745,synthetic,illustrative_synthetic
2024/example-album-1,8.2,True,270,2020-06-13 21:47:42.190812,False,True,2026-08-08T00:56:44.307745,synthetic,illustrative_synthetic
2024/example-album-1,7.6,False,47,2020-06-16 16:52:34.770318,True,True,2026-08-08T00:56:44.307745,synthetic,illustrative_synthetic
2024/example-album-1,9.0,False,174,2020-06-19 11:57:27.349823,True,True,2026-08-08T00:56:44.307745,synthetic,illustrative_synthetic
2024/example-album-1,8.1,False,326,2020-06-22 07:02:19.929328,False,True,2026-08-08T00:56:44.307745,synthetic,illustrative_synthetic
2024/example-album-1,9.4,True,1691,2020-06-25 02:07:12.508833,True,True,2026-08-08T00:56:44.307745,synthetic,illustrative_synthetic
2024/example-album-1,8.9,False,940,2020-06-27 21:12:05.088339,True,True,2026-08-08T00:56:44.307745,synthetic,illustrative_synthetic
2024/example-album-1,9.9,False,182,2020-06-30 16:16:57.667844,False,True,2026-08-08T00:56:44.307745,synthetic,illustrative_synthetic
2024/example-album-1,7.8,False,458,2020-07-03 11:21:50.247349,False,True,2026-08-08T00:56:44.307745,synthetic,illustrative_synthetic
2024/example-album-1,8.8,False,285,2020-07-06 06:26:42.826855,False,True,2026-08-08T00:56:44.307745,synthetic,illustrative_synthetic
2024/example-album-1,6.6,True,17,2020-07-09 01:31:35.406360,False,True,2026-08-08T00:56:44.307745,synthetic,illustrative_synthetic
2024/example-album-1,6.1,False,120,2020-07-11 20:36:27.985865,True,True,2026-08-08T00:56:44.307745,synthetic,illustrative_synthetic
2024/example-album-1,10.0,False,974,2020-07-14 15:41:20.565371,False,True,2026-08-08T00:56:44.307745,synthetic,illustrative_synthetic
2024/example-album-1,7.6,False,696,2020-07-17 10:46:13.144876,True,True,2026-08-08T00:56:44.307745,synthetic,illustrative_synthetic
2024/example-album-1,8.6,True,372,2020-07-20 05:51:05.724381,True,True,2026-08-08T00:56:44.307745,synthetic,illustrative_synthetic
2024/example-album-1,7.4,False,832,2020-07-23 00:55:58.303886,False,True,2026-08-08T00:56:44.307745,synthetic,illustrative_synthetic
2024/example-album-1,6.1,False,1352,2020-07-25 20:00:50.883392,False,True,2026-08-08T00:56:44.307745,synthetic,illustrative_synthetic
2024/example-album-1,7.2,False,1299,2020-07-28 15:05:43.462897,False,True,2026-08-08T00:56:44.307745,synthetic,illustrative_synthetic
2024/example-album-1,9.8,False,107,2020-07-31 10:10:36.042402,True,True,2026-08-08T00:56:44.307745,synthetic,illustrative_synthetic
2024/example-album-1,8.2,False,1929,2020-08-03 05:15:28.621908,False,True,2026-08-08T00:56:44.307745,synthetic,illustrative_synthetic
2024/example-album-1,4.1,True,136,2020-08-06 00:20:21.201413,False,True,2026-08-08T00:56:44.307745,synthetic,illustrative_synthetic
2024/example-album-1,6.8,False,1024,2020-08-08 19:25:13.780918,False,True,2026-08-08T00:56:44.307745,synthetic,illustrative_synthetic
2024/example-album-1,10.0,False,83,2020-08-11 14:30:06.360424,False,True,2026-08-08T00:56:44.307745,synthetic,illustrative_synthetic
2024/example-album-1,6.8,False,177,2020-08-14 09:34:58.939929,True,True,2026-08-08T00:56:44.307745,synthetic,illustrative_synthetic
2024/example-album-1,4.0,True,1049,2020-08-17 04:39:51.519434,False,True,2026-08-08T00:56:44.307745,synthetic,illustrative_synthetic
2024/example-album-1,10.0,False,252,2020-08-19 23:44:44.098939,False,True,2026-08-08T00:56:44.307745,synthetic,illustrative_synthetic
2024/example-album-1,8.4,False,242,2020-08-22 18:49:36.678445,False,True,2026-08-08T00:56:44.307745,synthetic,illustrative_synthetic
2024/example-album-1,7.1,False,2049,2020-08-25 13:54:29.257950,False,True,2026-08-08T00:56:44.307745,synthetic,illustrative_synthetic
2024/example-album-1,6.5,False,131,2020-08-28 08:59:21.837455,False,True,2026-08-08T00:56:44.307745,synthetic,illustrative_synthetic
2024/example-album-1,9.1,False,716,2020-08-31 04:04:14.416961,True,True,2026-08-08T00:56:44.307745,synthetic,illustrative_synthetic
2024/example-album-1,6.2,True,1387,2020-09-02 23:09:06.996466,True,True,2026-08-08T00:56:44.307745,synthetic,illustrative_synthetic
2024/example-album-1,9.3,False,700,2020-09-05 18:13:59.575971,False,True,2026-08-08T00:56:44.307745,synthetic,illustrative_synthetic
2024/example-album-1,8.2,False,398,2020-09-08 13:18:52.155477,False,True,2026-08-08T00:56:44.307745,synthetic,illustrative_synthetic
2024/example-album-1,7.6,False,17,2020-09-11 08:23:44.734982,False,True,2026-08-08T00:56:44.307745,synthetic,illustrative_synthetic
2024/example-album-1,7.5,False,886,2020-09-14 03:28:37.314487,True,True,2026-08-08T00:56:44.307745,synthetic,illustrative_synthetic
2024/example-album-1,6.9,False,875,2020-09-16 22:33:29.893992,True,True,2026-08-08T00:56:44.307745,synthetic,illustrative_synthetic
2024/example-album-1,9.1,True,660,2020-09-19 17:38:22.473498,False,True,2026-08-08T00:56:44.307745,synthetic,illustrative_synthetic
2024/example-album-1,5.6,False,636,2020-09-22 12:43:15.053003,False,True,2026-08-08T00:56:44.307745,synthetic,illustrative_synthetic
2024/example-album-1,4.3,False,927,2020-09-25 07:48:07.632508,True,True,2026-08-08T00:56:44.307745,synthetic,illustrative_synthetic
2024/example-album-1,8.3,False,121,2020-09-28 02:53:00.212014,False,True,2026-08-08T00:56:44.307745,synthetic,illustrative_synthetic
2024/example-album-1,8.3,False,356,2020-09-30 21:57:52.791519,True,True,2026-08-08T00:56:44.307745,synthetic,illustrative_synthetic
2024/example-album-1,8.1,True,1681,2020-10-03 17:02:45.371024,True,True,2026-08-08T00:56:44.307745,synthetic,illustrative_synthetic
2024/example-album-1,7.9,False,55,2020-10-06 12:07:37.950530,True,True,2026-08-08T00:56:44.307745,synthetic,illustrative_synthetic
2024/example-album-1,6.6,True,2357,2020-10-09 07:12:30.530035,True,True,2026-08-08T00:56:44.307745,synthetic,illustrative_synthetic
2024/example-album-1,8.6,True,1125,2020-10-12 02:17:23.109540,True,True,2026-08-08T00:56:44.307745,synthetic,illustrative_synthetic
2024/example-album-1,7.1,False,330,2020-10-14 21:22:15.689045,False,True,2026-08-08T00:56:44.307745,synthetic,illustrative_synthetic
2024/example-album-1,6.3,False,514,2020-10-17 16:27:08.268551,False,True,2026-08-08T00:56:44.307745,synthetic,illustrative_synthetic
2024/example-album-1,6.6,False,950,2020-10-20 11:32:00.848056,False,True,2026-08-08T00:56:44.307745,synthetic,illustrative_synthetic
2024/example-album-1,10.0,False,63,2020-10-23 06:36:53.427561,True,True,2026-08-08T00:56:44.307745,synthetic,illustrative_synthetic
2024/example-album-1,4.1,False,577,2020-10-26 01:41:46.007067,True,True,2026-08-08T00:56:44.307745,synthetic,illustrative_synthetic
2024/example-album-1,8.1,False,751,2020-10-28 20:46:38.586572,True,True,2026-08-08T00:56:44.307745,synthetic,illustrative_synthetic
2024/example-album-1,4.2,False,1282,2020-10-31 15:51:31.166077,False,True,2026-08-08T00:56:44.307745,synthetic,illustrative_synthetic
2024/example-album-1,7.0,False,1407,2020-11-03 10:56:23.745583,True,True,2026-08-08T00:56:44.307745,synthetic,illustrative_synthetic
2024/example-album-1,6.4,False,2248,2020-11-06 06:01:16.325088,False,True,2026-08-08T00:56:44.307745,synthetic,illustrative_synthetic
2024/example-album-1,3.4,False,586,2020-11-09 01:06:08.904593,False,True,2026-08-08T00:56:44.307745,synthetic,illustrative_synthetic
2024/example-album-1,7.9,True,1510,2020-11-11 20:11:01.484098,False,True,2026-08-08T00:56:44.307745,synthetic,illustrative_synthetic
2024/example-album-1,6.5,False,230,2020-11-14 15:15:54.063604,True,True,2026-08-08T00:56:44.307745,synthetic,illustrative_synthetic
2024/example-album-1,3.4,False,615,2020-11-17 10:20:46.643109,True,True,2026-08-08T00:56:44.307745,synthetic,illustrative_synthetic
2024/example-album-1,8.7,False,800,2020-11-20 05:25:39.222614,True,True,2026-08-08T00:56:44.307745,synthetic,illustrative_synthetic
2024/example-album-1,9.8,False,451,2020-11-23 00:30:31.802120,True,True,2026-08-08T00:56:44.307745,synthetic,illustrative_synthetic
2024/example-album-1,9.9,True,697,2020-11-25 19:35:24.381625,False,True,2026-08-08T00:56:44.307745,synthetic,illustrative_synthetic
2024/example-album-1,7.8,False,1844,2020-11-28 14:40:16.961130,True,True,2026-08-08T00:56:44.307745,synthetic,illustrative_synthetic
2024/example-album-1,7.3,False,835,2020-12-01 09:45:09.540636,False,True,2026-08-08T00:56:44.307745,synthetic,illustrative_synthetic
2024/example-album-1,9.6,False,532,2020-12-04 04:50:02.120141,True,True,2026-08-08T00:56:44.307745,synthetic,illustrative_synthetic
2024/example-album-1,10.0,False,1739,2020-12-06 23:54:54.699646,False,True,2026-08-08T00:56:44.307745,synthetic,illustrative_synthetic
2024/example-album-1,9.2,False,1889,2020-12-09 18:59:47.279151,False,True,2026-08-08T00:56:44.307745,synthetic,illustrative_synthetic
2024/example-album-1,5.5,False,656,2020-12-12 14:04:39.858657,True,True,2026-08-08T00:56:44.307745,synthetic,illustrative_synthetic
2024/example-album-1,7.6,False,517,2020-12-15 09:09:32.438162,False,True,2026-08-08T00:56:44.307745,synthetic,illustrative_synthetic
2024/example-album-1,8.0,False,1320,2020-12-18 04:14:25.017667,True,True,2026-08-08T00:56:44.307745,synthetic,illustrative_synthetic
2024/example-album-1,3.9,True,2130,2020-12-20 23:19:17.597173,False,True,2026-08-08T00:56:44.307745,synthetic,illustrative_synthetic
2024/example-album-1,8.0,False,437,2020-12-23 18:24:10.176678,False,True,2026-08-08T00:56:44.307745,synthetic,illustrative_synthetic
2024/example-album-1,10.0,False,472,2020-12-26 13:29:02.756183,False,True,2026-08-08T00:56:44.307745,synthetic,illustrative_synthetic
2024/example-album-1,8.4,False,1392,2020-12-29 08:33:55.335689,False,True,2026-08-08T00:56:44.307745,synthetic,illustrative_synthetic
2024/example-album-1,9.9,True,546,2021-01-01 03:38:47.915194,True,True,2026-08-08T00:56:44.307745,synthetic,illustrative_synthetic
2024/example-album-1,7.5,False,566,2021-01-03 22:43:40.494699,False,True,2026-08-08T00:56:44.307745,synthetic,illustrative_synthetic
2024/example-album-1,7.1,True,844,2021-01-06 17:48:33.074204,False,True,2026-08-08T00:56:44.307745,synthetic,illustrative_synthetic
2024/example-album-1,7.9,False,113,2021-01-09 12:53:25.653710,True,True,2026-08-08T00:56:44.307745,synthetic,illustrative_synthetic
2024/example-album-1,5.7,False,687,2021-01-12 07:58:18.233215,True,True,2026-08-08T00:56:44.307745,synthetic,illustrative_synthetic
2024/example-album-1,5.5,False,75,2021-01-15 03:03:10.812720,False,True,2026-08-08T00:56:44.307745,synthetic,illustrative_synthetic
2024/example-album-1,9.5,False,66,2021-01-17 22:08:03.392226,False,True,2026-08-08T00:56:44.307745,synthetic,illustrative_synthetic
2024/example-album-1,9.7,False,1166,2021-01-20 17:12:55.971731,True,True,2026-08-08T00:56:44.307745,synthetic,illustrative_synthetic
2024/example-album-1,5.4,False,652,2021-01-23 12:17:48.551236,False,True,2026-08-08T00:56:44.307745,synthetic,illustrative_synthetic
2024/example-album-1,8.9,False,15,2021-01-26 07:22:41.130742,False,True,2026-08-08T00:56:44.307745,synthetic,illustrative_synthetic
2024/example-album-1,7.0,False,635,2021-01-29 02:27:33.710247,True,True,2026-08-08T00:56:44.307745,synthetic,illustrative_synthetic
2024/example-album-1,7.8,True,752,2021-01-31 21:32:26.289752,True,True,2026-08-08T00:56:44.307745,synthetic,illustrative_synthetic
2024/example-album-1,8.0,False,166,2021-02-03 16:37:18.869257,False,True,2026-08-08T00:56:44.307745,synthetic,illustrative_synthetic
2024/example-album-1,9.0,True,165,2021-02-06 11:42:11.448763,False,True,2026-08-08T00:56:44.307745,synthetic,illustrative_synthetic
2024/example-album-1,7.3,False,69,2021-02-09 06:47:04.028268,True,True,2026-08-08T00:56:44.307745,synthetic,illustrative_synthetic
2024/example-album-1,9.7,True,443,2021-02-12 01:51:56.607773,True,True,2026-08-08T00:56:44.307745,synthetic,illustrative_synthetic
2024/example-album-1,7.8,True,797,2021-02-14 20:56:49.187279,False,True,2026-08-08T00:56:44.307745,synthetic,illustrative_synthetic
2024/example-album-1,8.3,False,2701,2021-02-17 16:01:41.766784,False,True,2026-08-08T00:56:44.307745,synthetic,illustrative_synthetic
2024/example-album-1,5.7,True,207,2021-02-20 11:06:34.346289,False,True,2026-08-08T00:56:44.307745,synthetic,illustrative_synthetic
2024/example-album-1,10.0,False,795,2021-02-23 06:11:26.925795,True,True,2026-08-08T00:56:44.307745,synthetic,illustrative_synthetic
2024/example-album-1,8.0,False,412,2021-02-26 01:16:19.505300,False,True,2026-08-08T00:56:44.307745,synthetic,illustrative_synthetic
2024/example-album-1,8.5,True,742,2021-02-28 20:21:12.084805,True,True,2026-08-08T00:56:44.307745,synthetic,illustrative_synthetic
2024/example-album-1,4.3,True,1080,2021-03-03 15:26:04.664310,True,True,2026-08-08T00:56:44.307745,synthetic,illustrative_synthetic
2024/example-album-1,5.7,False,383,2021-03-06 10:30:57.243816,False,True,2026-08-08T00:56:44.307745,synthetic,illustrative_synthetic
2024/example-album-1,9.4,True,71,2021-03-09 05:35:49.823321,False,True,2026-08-08T00:56:44.307745,synthetic,illustrative_synthetic
2024/example-album-1,7.7,True,1206,2021-03-12 00:40:42.402826,True,True,2026-08-08T00:56:44.307745,synthetic,illustrative_synthetic
2024/example-album-1,3.8,True,587,2021-03-14 19:45:34.982332,False,True,2026-08-08T00:56:44.307745,synthetic,illustrative_synthetic
2024/example-album-1,9.1,False,1843,2021-03-17 14:50:27.561837,True,True,2026-08-08T00:56:44.307745,synthetic,illustrative_synthetic
2024/example-album-1,6.2,False,165,2021-03-20 09:55:20.141342,True,True,2026-08-08T00:56:44.307745,synthetic,illustrative_synthetic
2024/example-album-1,9.7,True,112,2021-03-23 05:00:12.720848,True,True,2026-08-08T00:56:44.307745,synthetic,illustrative_synthetic
2024/example-album-1,7.0,False,145,2021-03-26 00:05:05.300353,True,True,2026-08-08T00:56:44.307745,synthetic,illustrative_synthetic
2024/example-album-1,7.6,False,3256,2021-03-28 19:09:57.879858,False,True,2026-08-08T00:56:44.307745,synthetic,illustrative_synthetic
2024/example-album-1,9.3,True,1464,2021-03-31 14:14:50.459363,False,True,2026-08-08T00:56:44.307745,synthetic,illustrative_synthetic
2024/example-album-1,5.6,False,243,2021-04-03 09:19:43.038869,False,True,2026-08-08T00:56:44.307745,synthetic,illustrative_synthetic
2024/example-album-1,5.4,False,293,2021-04-06 04:24:35.618374,True,True,2026-08-08T00:56:44.307745,synthetic,illustrative_synthetic
2024/example-album-1,6.8,False,788,2021-04-08 23:29:28.197879,True,True,2026-08-08T00:56:44.307745,synthetic,illustrative_synthetic
2024/example-album-1,8.7,False,449,2021-04-11 18:34:20.777385,True,True,2026-08-08T00:56:44.307745,synthetic,illustrative_synthetic
2024/example-album-1,4.8,False,265,2021-04-14 13:39:13.356890,False,True,2026-08-08T00:56:44.307745,synthetic,illustrative_synthetic
2024/example-album-1,4.2,True,313,2021-04-17 08:44:05.936395,True,True,2026-08-08T00:56:44.307745,synthetic,illustrative_synthetic
2024/example-album-1,8.7,False,1657,2021-04-20 03:48:58.515901,True,True,2026-08-08T00:56:44.307745,synthetic,illustrative_synthetic
2024/example-album-1,6.1,False,892,2021-04-22 22:53:51.095406,False,True,2026-08-08T00:56:44.307745,synthetic,illustrative_synthetic
2024/example-album-1,6.5,False,1667,2021-04-25 17:58:43.674911,False,True,2026-08-08T00:56:44.307745,synthetic,illustrative_synthetic
2024/example-album-1,3.9,True,2120,2021-04-28 13:03:36.254416,True,True,2026-08-08T00:56:44.307745,synthetic,illustrative_synthetic
2024/example-album-1,6.0,False,854,2021-05-01 08:08:28.833922,True,True,2026-08-08T00:56:44.307745,synthetic,illustrative_synthetic
2024/example-album-1,7.2,True,790,2021-05-04 03:13:21.413427,False,True,2026-08-08T00:56:44.307745,synthetic,illustrative_synthetic
2024/example-album-1,8.9,False,127,2021-05-06 22:18:13.992932,True,True,2026-08-08T00:56:44.307745,synthetic,illustrative_synthetic
2024/example-album-1,5.8,False,577,2021-05-09 17:23:06.572438,True,True,2026-08-08T00:56:44.307745,synthetic,illustrative_synthetic
2024/example-album-1,10.0,False,289,2021-05-12 12:27:59.151943,False,True,2026-08-08T00:56:44.307745,synthetic,illustrative_synthetic
2024/example-album-1,6.0,True,1984,2021-05-15 07:32:51.731448,True,True,2026-08-08T00:56:44.307745,synthetic,illustrative_synthetic
2024/example-album-1,6.0,False,261,2021-05-18 02:37:44.310954,True,True,2026-08-08T00:56:44.307745,synthetic,illustrative_synthetic
2024/example-album-1,10.0,True,324,2021-05-20 21:42:36.890459,True,True,2026-08-08T00:56:44.307745,synthetic,illustrative_synthetic
2024/example-album-1,7.6,True,2038,2021-05-23 16:47:29.469964,True,True,2026-08-08T00:56:44.307745,synthetic,illustrative_synthetic
2024/example-album-1,6.2,False,3116,2021-05-26 11:52:22.049469,True,True,2026-08-08T00:56:44.307745,synthetic,illustrative_synthetic
2024/example-album-1,6.9,False,797,2021-05-29 06:57:14.628975,True,True,2026-08-08T00:56:44.307745,synthetic,illustrative_synthetic
2024/example-album-1,9.6,False,662,2021-06-01 02:02:07.208480,True,True,2026-08-08T00:56:44.307745,synthetic,illustrative_synthetic
2024/example-album-1,9.8,False,270,2021-06-03 21:06:59.787985,True,True,2026-08-08T00:56:44.307745,synthetic,illustrative_synthetic
2024/example-album-1,5.7,True,1172,2021-06-06 16:11:52.367491,False,True,2026-08-08T00:56:44.307745,synthetic,illustrative_synthetic
2024/example-album-1,7.1,True,553,2021-06-09 11:16:44.946996,False,True,2026-08-08T00:56:44.307745,synthetic,illustrative_synthetic
2024/example-album-1,7.4,False,609,2021-06-12 06:21:37.526501,True,True,2026-08-08T00:56:44.307745,synthetic,illustrative_synthetic
2024/example-album-1,5.4,False,535,2021-06-15 01:26:30.106007,True,True,2026-08-08T00:56:44.307745,synthetic,illustrative_synthetic
2024/example-album-1,7.1,False,514,2021-06-17 20:31:22.685512,False,True,2026-08-08T00:56:44.307745,synthetic,illustrative_synthetic
2024/example-album-1,7.2,True,265,2021-06-20 15:36:15.265017,False,True,2026-08-08T00:56:44.307745,synthetic,illustrative_synthetic
2024/example-album-1,9.3,False,3360,2021-06-23 10:41:07.844522,False,True,2026-08-08T00:56:44.307745,synthetic,illustrative_synthetic
2024/example-album-1,9.4,False,1065,2021-06-26 05:46:00.424028,True,True,2026-08-08T00:56:44.307745,synthetic,illustrative_synthetic
2024/example-album-1,6.6,True,3255,2021-06-29 00:50:53.003533,True,True,2026-08-08T00:56:44.307745,synthetic,illustrative_synthetic
2024/example-album-1,6.8,True,3609,2021-07-01 19:55:45.583038,True,True,2026-08-08T00:56:44.307745,synthetic,illustrative_synthetic
2024/example-album-1,8.4,False,372,2021-07-04 15:00:38.162544,False,True,2026-08-08T00:56:44.307745,synthetic,illustrative_synthetic
2024/example-album-1,6.1,False,531,2021-07-07 10:05:30.742049,True,True,2026-08-08T00:56:44.307745,synthetic,illustrative_synthetic
2024/example-album-1,8.3,False,1223,2021-07-10 05:10:23.321554,True,True,2026-08-08T00:56:44.307745,synthetic,illustrative_synthetic
2024/example-album-1,7.0,False,327,2021-07-13 00:15:15.901060,True,True,2026-08-08T00:56:44.307745,synthetic,illustrative_synthetic
2024/example-album-1,5.5,False,2047,2021-07-15 19:20:08.480565,True,True,2026-08-08T00:56:44.307745,synthetic,illustrative_synthetic
2024/example-album-1,5.5,True,513,2021-07-18 14:25:01.060070,False,True,2026-08-08T00:56:44.307745,synthetic,illustrative_synthetic
2024/example-album-1,9.8,False,357,2021-07-21 09:29:53.639575,True,True,2026-08-08T00:56:44.307745,synthetic,illustrative_synthetic
2024/example-album-1,6.9,True,430,2021-07-24 04:34:46.219081,False,True,2026-08-08T00:56:44.307745,synthetic,illustrative_synthetic
2024/example-album-1,10.0,False,62,2021-07-26 23:39:38.798586,False,True,2026-08-08T00:56:44.307745,synthetic,illustrative_synthetic
2024/example-album-1,6.3,True,290,2021-07-29 18:44:31.378091,False,True,2026-08-08T00:56:44.307745,synthetic,illustrative_synthetic
2024/example-album-1,7.7,False,3242,2021-08-01 13:49:23.957597,True,True,2026-08-08T00:56:44.307745,synthetic,illustrative_synthetic
2024/example-album-1,10.0,False,428,2021-08-04 08:54:16.537102,False,True,2026-08-08T00:56:44.307745,synthetic,illustrative_synthetic
2024/example-album-1,5.3,False,378,2021-08-07 03:59:09.116607,False,True,2026-08-08T00:56:44.307745,synthetic,illustrative_synthetic
2024/example-album-1,3.8,False,720,2021-08-09 23:04:01.696113,True,True,2026-08-08T00:56:44.307745,synthetic,illustrative_synthetic
2024/example-album-1,9.5,False,685,2021-08-12 18:08:54.275618,True,True,2026-08-08T00:56:44.307745,synthetic,illustrative_synthetic
2024/example-album-1,5.7,False,98,2021-08-15 13:13:46.855123,False,True,2026-08-08T00:56:44.307745,synthetic,illustrative_synthetic
2024/example-album-1,7.2,False,858,2021-08-18 08:18:39.434628,True,True,2026-08-08T00:56:44.307745,synthetic,illustrative_synthetic
2024/example-album-1,6.1,False,96,2021-08-21 03:23:32.014134,True,True,2026-08-08T00:56:44.307745,synthetic,illustrative_synthetic
2024/example-album-1,7.7,False,183,2021-08-23 22:28:24.593639,True,True,2026-08-08T00:56:44.307745,synthetic,illustrative_synthetic
2024/example-album-1,5.5,False,47,2021-08-26 17:33:17.173144,True,True,2026-08-08T00:56:44.307745,synthetic,illustrative_synthetic
2024/example-album-1,6.9,False,1227,2021-08-29 12:38:09.752650,True,True,2026-08-08T00:56:44.307745,synthetic,illustrative_synthetic
2024/example-album-1,8.0,False,1007,2021-09-01 07:43:02.332155,False,True,2026-08-08T00:56:44.307745,synthetic,illustrative_synthetic
2024/example-album-1,5.4,False,347,2021-09-04 02:47:54.911660,True,True,2026-08-08T00:56:44.307745,synthetic,illustrative_synthetic
2024/example-album-1,5.9,False,866,2021-09-06 21:52:47.491166,False,True,2026-08-08T00:56:44.307745,synthetic,illustrative_synthetic
2024/example-album-1,6.6,True,1782,2021-09-09 16:57:40.070671,True,True,2026-08-08T00:56:44.307745,synthetic,illustrative_synthetic
2024/example-album-1,4.6,True,150,2021-09-12 12:02:32.650176,True,True,2026-08-08T00:56:44.307745,synthetic,illustrative_synthetic
2024/example-album-1,6.4,False,380,2021-09-15 07:07:25.229681,True,True,2026-08-08T00:56:44.307745,synthetic,illustrative_synthetic
2024/example-album-1,7.4,True,88,2021-09-18 02:12:17.809187,False,True,2026-08-08T00:56:44.307745,synthetic,illustrative_synthetic
2024/example-album-1,6.5,False,12,2021-09-20 21:17:10.388692,False,True,2026-08-08T00:56:44.307745,synthetic,illustrative_synthetic
2024/example-album-1,6.7,False,137,2021-09-23 16:22:02.968197,True,True,2026-08-08T00:56:44.307745,synthetic,illustrative_synthetic
2024/example-album-1,7.2,True,801,2021-09-26 11:26:55.547703,True,True,2026-08-08T00:56:44.307745,synthetic,illustrative_synthetic
2024/example-album-1,6.0,False,634,2021-09-29 06:31:48.127208,True,True,2026-08-08T00:56:44.307745,synthetic,illustrative_synthetic
2024/example-album-1,8.4,True,420,2021-10-02 01:36:40.706713,True,True,2026-08-08T00:56:44.307745,synthetic,illustrative_synthetic
2024/example-album-1,9.8,False,709,2021-10-04 20:41:33.286219,False,True,2026-08-08T00:56:44.307745,synthetic,illustrative_synthetic
2024/example-album-1,6.4,False,1507,2021-10-07 15:46:25.865724,True,True,2026-08-08T00:56:44.307745,synthetic,illustrative_synthetic
2024/example-album-1,8.1,True,669,2021-10-10 10:51:18.445229,False,True,2026-08-08T00:56:44.307745,synthetic,illustrative_synthetic
2024/example-album-1,6.8,True,1111,2021-10-13 05:56:11.024734,True,True,2026-08-08T00:56:44.307745,synthetic,illustrative_synthetic
2024/example-album-1,7.9,False,510,2021-10-16 01:01:03.604240,True,True,2026-08-08T00:56:44.307745,synthetic,illustrative_synthetic
2024/example-album-1,10.0,False,36,2021-10-18 20:05:56.183745,False,True,2026-08-08T00:56:44.307745,synthetic,illustrative_synthetic
2024/example-album-1,8.1,True,426,2021-10-21 15:10:48.763250,True,True,2026-08-08T00:56:44.307745,synthetic,illustrative_synthetic
2024/example-album-1,4.0,False,1566,2021-10-24 10:15:41.342756,False,True,2026-08-08T00:56:44.307745,synthetic,illustrative_synthetic
2024/example-album-1,8.0,True,732,2021-10-27 05:20:33.922261,True,True,2026-08-08T00:56:44.307745,synthetic,illustrative_synthetic
2024/example-album-1,9.4,False,3644,2021-10-30 00:25:26.501766,False,True,2026-08-08T00:56:44.307745,synthetic,illustrative_synthetic
2024/example-album-1,6.8,True,796,2021-11-01 19:30:19.081272,True,True,2026-08-08T00:56:44.307745,synthetic,illustrative_synthetic
2024/example-album-1,9.0,False,1310,2021-11-04 14:35:11.660777,True,True,2026-08-08T00:56:44.307745,synthetic,illustrative_synthetic
2024/example-album-1,6.0,True,1445,2021-11-07 09:40:04.240282,False,True,2026-08-08T00:56:44.307745,synthetic,illustrative_synthetic
2024/example-album-1,4.5,False,615,2021-11-10 04:44:56.819787,True,True,2026-08-08T00:56:44.307745,synthetic,illustrative_synthetic
2024/example-album-1,7.5,False,517,2021-11-12 23:49:49.399293,True,True,2026-08-08T00:56:44.307745,synthetic,illustrative_synthetic
2024/example-album-1,4.0,True,799,2021-11-15 18:54:41.978798,False,True,2026-08-08T00:56:44.307745,synthetic,illustrative_synthetic
2024/example-album-1,6.8,False,1406,2021-11-18 13:59:34.558303,True,True,2026-08-08T00:56:44.307745,synthetic,illustrative_synthetic
2024/example-album-1,9.5,False,1113,2021-11-21 09:04:27.137809,False,True,2026-08-08T00:56:44.307745,synthetic,illustrative_synthetic
2024/example-album-1,3.8,False,1052,2021-11-24 04:09:19.717314,False,True,2026-08-08T00:56:44.307745,synthetic,illustrative_synthetic
2024/example-album-1,4.9,False,140,2021-11-26 23:14:12.296819,False,True,2026-08-08T00:56:44.307745,synthetic,illustrative_synthetic
2024/example-album-1,5.3,False,416,2021-11-29 18:19:04.876325,True,True,2026-08-08T00:56:44.307745,synthetic,illustrative_synthetic
2024/example-album-1,7.1,True,970,2021-12-02 13:23:57.455830,True,True,2026-08-08T00:56:44.307745,synthetic,illustrative_synthetic
2024/example-album-1,6.5,True,522,2021-12-05 08:28:50.035335,False,True,2026-08-08T00:56:44.307745,synthetic,illustrative_synthetic
2024/example-album-1,9.7,True,2023,2021-12-08 03:33:42.614840,True,True,2026-08-08T00:56:44.307745,synthetic,illustrative_synthetic
2024/example-album-1,8.9,False,47,2021-12-10 22:38:35.194346,True,True,2026-08-08T00:56:44.307745,synthetic,illustrative_synthetic
2024/example-album-1,8.1,True,297,2021-12-13 17:43:27.773851,True,True,2026-08-08T00:56:44.307745,synthetic,illustrative_synthetic
2024/example-album-1,7.5,False,41,2021-12-16 12:48:20.353356,True,True,2026-08-08T00:56:44.307745,synthetic,illustrative_synthetic
2024/example-album-1,7.9,False,280,2021-12-19 07:53:12.932862,True,True,2026-08-08T00:56:44.307745,synthetic,illustrative_synthetic
2024/example-album-1,5.6,False,10,2021-12-22 02:58:05.512367,False,True,2026-08-08T00:56:44.307745,synthetic,illustrative_synthetic
2024/example-album-1,8.7,False,3280,2021-12-24 22:02:58.091872,False,True,2026-08-08T00:56:44.307745,synthetic,illustrative_synthetic
2024/example-album-1,5.2,False,800,2021-12-27 17:07:50.671378,False,True,2026-08-08T00:56:44.307745,synthetic,illustrative_synthetic
2024/example-album-1,8.7,False,699,2021-12-30 12:12:43.250883,True,True,2026-08-08T00:56:44.307745,synthetic,illustrative_synthetic
2024/example-album-1,9.3,False,721,2022-01-02 07:17:35.830388,True,True,2026-08-08T00:56:44.307745,synthetic,illustrative_synthetic
2024/example-album-1,7.6,False,313,2022-01-05 02:22:28.409893,True,True,2026-08-08T00:56:44.307745,synthetic,illustrative_synthetic
2024/example-album-1,6.9,False,158,2022-01-07 21:27:20.989399,False,True,2026-08-08T00:56:44.307745,synthetic,illustrative_synthetic
2024/example-album-1,7.9,False,870,2022-01-10 16:32:13.568904,True,True,2026-08-08T00:56:44.307745,synthetic,illustrative_synthetic
2024/example-album-1,2.0,False,117,2022-01-13 11:37:06.148409,True,True,2026-08-08T00:56:44.307745,synthetic,illustrative_synthetic
2024/example-album-1,7.7,True,42,2022-01-16 06:41:58.727915,True,True,2026-08-08T00:56:44.307745,synthetic,illustrative_synthetic
2024/example-album-1,7.0,False,348,2022-01-19 01:46:51.307420,False,True,2026-08-08T00:56:44.307745,synthetic,illustrative_synthetic
2024/example-album-1,7.1,True,743,2022-01-21 20:51:43.886925,False,True,2026-08-08T00:56:44.307745,synthetic,illustrative_synthetic
2024/example-album-1,8.5,False,78,2022-01-24 15:56:36.466431,False,True,2026-08-08T00:56:44.307745,synthetic,illustrative_synthetic
2024/example-album-1,7.1,False,1473,2022-01-27 11:01:29.045936,True,True,2026-08-08T00:56:44.307745,synthetic,illustrative_synthetic
2024/example-album-1,5.1,True,662,2022-01-30 06:06:21.625441,False,True,2026-08-08T00:56:44.307745,synthetic,illustrative_synthetic
2024/example-album-1,6.9,False,2144,2022-02-02 01:11:14.204947,True,True,2026-08-08T00:56:44.307745,synthetic,illustrative_synthetic
2024/example-album-1,7.3,False,35,2022-02-04 20:16:06.784452,True,True,2026-08-08T00:56:44.307745,synthetic,illustrative_synthetic
2024/example-album-1,7.4,True,12,2022-02-07 15:20:59.363957,True,True,2026-08-08T00:56:44.307745,synthetic,illustrative_synthetic
2024/example-album-1,7.5,False,242,2022-02-10 10:25:51.943462,True,True,2026-08-08T00:56:44.307745,synthetic,illustrative_synthetic
2024/example-album-1,9.1,False,26,2022-02-13 05:30:44.522968,True,True,2026-08-08T00:56:44.307745,synthetic,illustrative_synthetic
2024/example-album-1,5.2,False,1290,2022-02-16 00:35:37.102473,True,True,2026-08-08T00:56:44.307745,synthetic,illustrative_synthetic
2024/example-album-1,7.5,False,1053,2022-02-18 19:40:29.681978,True,True,2026-08-08T00:56:44.307745,synthetic,illustrative_synthetic
2024/example-album-1,9.5,False,426,2022-02-21 14:45:22.261484,False,True,2026-08-08T00:56:44.307745,synthetic,illustrative_synthetic
2024/example-album-1,4.1,False,159,2022-02-24 09:50:14.840989,False,True,2026-08-08T00:56:44.307745,synthetic,illustrative_synthetic
2024/example-album-1,7.5,False,644,2022-02-27 04:55:07.420494,False,True,2026-08-08T00:56:44.307745,synthetic,illustrative_synthetic
2024/example-album-1,6.1,False,653,2022-03-02 00:00:00.000000,True,True,2026-08-08T00:56:44.307745,synthetic,illustrative_synthetic
2024/example-album-1,6.5,False,1281,2022-03-04 19:04:52.579505,True,True,2026-08-08T00:56:44.307745,synthetic,illustrative_synthetic
2024/example-album-1,5.6,False,167,2022-03-07 14:09:45.159010,False,True,2026-08-08T00:56:44.307745,synthetic,illustrative_synthetic
2024/example-album-1,6.9,False,1099,2022-03-10 09:14:37.738515,True,True,2026-08-08T00:56:44.307745,synthetic,illustrative_synthetic
2024/example-album-1,10.0,False,935,2022-03-13 04:19:30.318021,True,True,2026-08-08T00:56:44.307745,synthetic,illustrative_synthetic
2024/example-album-1,4.9,False,455,2022-03-15 23:24:22.897526,True,True,2026-08-08T00:56:44.307745,synthetic,illustrative_synthetic
2024/example-album-1,5.1,False,42,2022-03-18 18:29:15.477031,False,True,2026-08-08T00:56:44.307745,synthetic,illustrative_synthetic
2024/example-album-1,4.9,False,99,2022-03-21 13:34:08.056537,True,True,2026-08-08T00:56:44.307745,synthetic,illustrative_synthetic
2024/example-album-1,10.0,False,89,2022-03-24 08:39:00.636042,False,True,2026-08-08T00:56:44.307745,synthetic,illustrative_synthetic
2024/example-album-1,6.4,False,630,2022-03-27 03:43:53.215547,True,True,2026-08-08T00:56:44.307745,synthetic,illustrative_synthetic
2024/example-album-1,7.2,False,1540,2022-03-29 22:48:45.795053,True,True,2026-08-08T00:56:44.307745,synthetic,illustrative_synthetic
2024/example-album-1,6.5,True,868,2022-04-01 17:53:38.374558,True,True,2026-08-08T00:56:44.307745,synthetic,illustrative_synthetic
2024/example-album-1,5.5,False,216,2022-04-04 12:58:30.954063,True,True,2026-08-08T00:56:44.307745,synthetic,illustrative_synthetic
2024/example-album-1,6.8,False,760,2022-04-07 08:03:23.533568,True,True,2026-08-08T00:56:44.307745,synthetic,illustrative_synthetic
2024/example-album-1,10.0,False,916,2022-04-10 03:08:16.113074,False,True,2026-08-08T00:56:44.307745,synthetic,illustrative_synthetic
2024/example-album-1,9.7,True,3235,2022-04-12 22:13:08.692579,True,True,2026-08-08T00:56:44.307745,synthetic,illustrative_synthetic
2024/example-album-1,5.7,False,42,2022-04-15 17:18:01.272084,True,True,2026-08-08T00:56:44.307745,synthetic,illustrative_synthetic
2024/example-album-1,8.4,False,663,2022-04-18 12:22:53.851590,False,True,2026-08-08T00:56:44.307745,synthetic,illustrative_synthetic
2024/example-album-1,5.7,False,1775,2022-04-21 07:27:46.431095,True,True,2026-08-08T00:56:44.307745,synthetic,illustrative_synthetic
2024/example-album-1,4.0,True,44,2022-04-24 02:32:39.010600,True,True,2026-08-08T00:56:44.307745,synthetic,illustrative_synthetic
2024/example-album-1,9.0,False,234,2022-04-26 21:37:31.590106,True,True,2026-08-08T00:56:44.307745,synthetic,illustrative_synthetic
2024/example-album-1,9.3,False,770,2022-04-29 16:42:24.169611,True,True,2026-08-08T00:56:44.307745,synthetic,illustrative_synthetic
2024/example-album-1,9.1,False,405,2022-05-02 11:47:16.749116,True,True,2026-08-08T00:56:44.307745,synthetic,illustrative_synthetic
2024/example-album-1,6.4,True,566,2022-05-05 06:52:09.328621,False,True,2026-08-08T00:56:44.307745,synthetic,illustrative_synthetic
2024/example-album-1,6.9,False,548,2022-05-08 01:57:01.908127,True,True,2026-08-08T00:56:44.307745,synthetic,illustrative_synthetic
2024/example-album-1,8.5,False,910,2022-05-10 21:01:54.487632,False,True,2026-08-08T00:56:44.307745,synthetic,illustrative_synthetic
2024/example-album-1,7.9,False,345,2022-05-13 16:06:47.067137,True,True,2026-08-08T00:56:44.307745,synthetic,illustrative_synthetic
2024/example-album-1,6.5,True,977,2022-05-16 11:11:39.646643,False,True,2026-08-08T00:56:44.307745,synthetic,illustrative_synthetic
2024/example-album-1,4.3,False,1209,2022-05-19 06:16:32.226148,False,True,2026-08-08T00:56:44.307745,synthetic,illustrative_synthetic
2024/example-album-1,7.4,False,725,2022-05-22 01:21:24.805653,True,True,2026-08-08T00:56:44.307745,synthetic,illustrative_synthetic
2024/example-album-1,9.1,False,289,2022-05-24 20:26:17.385159,True,True,2026-08-08T00:56:44.307745,synthetic,illustrative_synthetic
2024/example-album-1,5.0,False,1726,2022-05-27 15:31:09.964664,True,True,2026-08-08T00:56:44.307745,synthetic,illustrative_synthetic
2024/example-album-1,8.3,False,26,2022-05-30 10:36:02.544169,False,True,2026-08-08T00:56:44.307745,synthetic,illustrative_synthetic
2024/example-album-1,7.8,False,547,2022-06-02 05:40:55.123674,False,True,2026-08-08T00:56:44.307745,synthetic,illustrative_synthetic
2024/example-album-1,8.6,True,1109,2022-06-05 00:45:47.703180,True,True,2026-08-08T00:56:44.307745,synthetic,illustrative_synthetic
2024/example-album-1,8.8,False,380,2022-06-07 19:50:40.282685,False,True,2026-08-08T00:56:44.307745,synthetic,illustrative_synthetic
2024/example-album-1,5.9,True,319,2022-06-10 14:55:32.862190,True,True,2026-08-08T00:56:44.307745,synthetic,illustrative_synthetic
2024/example-album-1,4.3,False,102,2022-06-13 10:00:25.441696,True,True,2026-08-08T00:56:44.307745,synthetic,illustrative_synthetic
2024/example-album-1,6.2,False,466,2022-06-16 05:05:18.021201,False,True,2026-08-08T00:56:44.307745,synthetic,illustrative_synthetic
2024/example-album-1,8.8,False,2141,2022-06-19 00:10:10.600706,True,True,2026-08-08T00:56:44.307745,synthetic,illustrative_synthetic
2024/example-album-1,6.2,True,25,2022-06-21 19:15:03.180212,True,True,2026-08-08T00:56:44.307745,synthetic,illustrative_synthetic
2024/example-album-1,6.0,True,47,2022-06-24 14:19:55.759717,False,True,2026-08-08T00:56:44.307745,synthetic,illustrative_synthetic
2024/example-album-1,3.9,False,1837,2022-06-27 09:24:48.339222,True,True,2026-08-08T00:56:44.307745,synthetic,illustrative_synthetic
2024/example-album-1,10.0,False,4071,2022-06-30 04:29:40.918727,False,True,2026-08-08T00:56:44.307745,synthetic,illustrative_synthetic
2024/example-album-1,8.7,False,763,2022-07-02 23:34:33.498233,True,True,2026-08-08T00:56:44.307745,synthetic,illustrative_synthetic
2024/example-album-1,8.6,True,3975,2022-07-05 18:39:26.077738,True,True,2026-08-08T00:56:44.307745,synthetic,illustrative_synthetic
2024/example-album-1,8.9,True,628,2022-07-08 13:44:18.657243,True,True,2026-08-08T00:56:44.307745,synthetic,illustrative_synthetic
2024/example-album-1,8.2,True,650,2022-07-11 08:49:11.236749,False,True,2026-08-08T00:56:44.307745,synthetic,illustrative_synthetic
2024/example-album-1,6.8,False,1035,2022-07-14 03:54:03.816254,True,True,2026-08-08T00:56:44.307745,synthetic,illustrative_synthetic
2024/example-album-1,6.9,False,3008,2022-07-16 22:58:56.395759,True,True,2026-08-08T00:56:44.307745,synthetic,illustrative_synthetic
2024/example-album-1,6.4,False,272,2022-07-19 18:03:48.975265,False,True,2026-08-08T00:56:44.307745,synthetic,illustrative_synthetic
2024/example-album-1,10.0,False,613,2022-07-22 13:08:41.554770,False,True,2026-08-08T00:56:44.307745,synthetic,illustrative_synthetic
2024/example-album-1,8.2,False,2165,2022-07-25 08:13:34.134275,False,True,2026-08-08T00:56:44.307745,synthetic,illustrative_synthetic
2024/example-album-1,6.4,False,2026,2022-07-28 03:18:26.713780,True,True,2026-08-08T00:56:44.307745,synthetic,illustrative_synthetic
2024/example-album-1,8.0,False,1799,2022-07-30 22:23:19.293286,True,True,2026-08-08T00:56:44.307745,synthetic,illustrative_synthetic
2024/example-album-1,5.4,False,961,2022-08-02 17:28:11.872791,True,True,2026-08-08T00:56:44.307745,synthetic,illustrative_synthetic
2024/example-album-1,9.9,False,963,2022-08-05 12:33:04.452296,False,True,2026-08-08T00:56:44.307745,synthetic,illustrative_synthetic
2024/example-album-1,6.0,False,632,2022-08-08 07:37:57.031802,False,True,2026-08-08T00:56:44.307745,synthetic,illustrative_synthetic
2024/example-album-1,8.1,False,60,2022-08-11 02:42:49.611307,False,True,2026-08-08T00:56:44.307745,synthetic,illustrative_synthetic
2024/example-album-1,9.1,False,352,2022-08-13 21:47:42.190812,True,True,2026-08-08T00:56:44.307745,synthetic,illustrative_synthetic
2024/example-album-1,7.9,True,1110,2022-08-16 16:52:34.770318,True,True,2026-08-08T00:56:44.307745,synthetic,illustrative_synthetic
2024/example-album-1,7.4,False,374,2022-08-19 11:57:27.349823,True,True,2026-08-08T00:56:44.307745,synthetic,illustrative_synthetic
2024/example-album-1,7.2,True,270,2022-08-22 07:02:19.929328,True,True,2026-08-08T00:56:44.307745,synthetic,illustrative_synthetic
2024/example-album-1,7.1,True,17,2022-08-25 02:07:12.508833,True,True,2026-08-08T00:56:44.307745,synthetic,illustrative_synthetic
2024/example-album-1,6.2,True,1320,2022-08-27 21:12:05.088339,True,True,2026-08-08T00:56:44.307745,synthetic,illustrative_synthetic
2024/example-album-1,6.4,False,621,2022-08-30 16:16:57.667844,False,True,2026-08-08T00:56:44.307745,synthetic,illustrative_synthetic
2024/example-album-1,9.9,False,387,2022-09-02 11:21:50.247349,False,True,2026-08-08T00:56:44.307745,synthetic,illustrative_synthetic
2024/example-album-1,7.0,False,881,2022-09-05 06:26:42.826855,False,True,2026-08-08T00:56:44.307745,synthetic,illustrative_synthetic
2024/example-album-1,5.8,False,141,2022-09-08 01:31:35.406360,False,True,2026-08-08T00:56:44.307745,synthetic,illustrative_synthetic
2024/example-album-1,6.3,False,1678,2022-09-10 20:36:27.985865,False,True,2026-08-08T00:56:44.307745,synthetic,illustrative_synthetic
2024/example-album-1,9.2,False,670,2022-09-13 15:41:20.565371,False,True,2026-08-08T00:56:44.307745,synthetic,illustrative_synthetic
2024/example-album-1,8.4,True,1608,2022-09-16 10:46:13.144876,True,True,2026-08-08T00:56:44.307745,synthetic,illustrative_synthetic
2024/example-album-1,8.2,False,19,2022-09-19 05:51:05.724381,False,True,2026-08-08T00:56:44.307745,synthetic,illustrative_synthetic
2024/example-album-1,6.7,False,149,2022-09-22 00:55:58.303886,True,True,2026-08-08T00:56:44.307745,synthetic,illustrative_synthetic
2024/example-album-1,8.2,False,89,2022-09-24 20:00:50.883392,True,True,2026-08-08T00:56:44.307745,synthetic,illustrative_synthetic
2024/example-album-1,6.0,False,209,2022-09-27 15:05:43.462897,True,True,2026-08-08T00:56:44.307745,synthetic,illustrative_synthetic
2024/example-album-1,6.7,False,987,2022-09-30 10:10:36.042402,False,True,2026-08-08T00:56:44.307745,synthetic,illustrative_synthetic
2024/example-album-1,8.9,True,99,2022-10-03 05:15:28.621908,False,True,2026-08-08T00:56:44.307745,synthetic,illustrative_synthetic
2024/example-album-1,8.8,False,2470,2022-10-06 00:20:21.201413,False,True,2026-08-08T00:56:44.307745,synthetic,illustrative_synthetic
2024/example-album-1,5.4,False,775,2022-10-08 19:25:13.780918,False,True,2026-08-08T00:56:44.307745,synthetic,illustrative_synthetic
2024/example-album-1,5.7,False,1234,2022-10-11 14:30:06.360424,False,True,2026-08-08T00:56:44.307745,synthetic,illustrative_synthetic
2024/example-album-1,7.4,False,2509,2022-10-14 09:34:58.939929,True,True,2026-08-08T00:56:44.307745,synthetic,illustrative_synthetic
2024/example-album-1,10.0,True,346,2022-10-17 04:39:51.519434,False,True,2026-08-08T00:56:44.307745,synthetic,illustrative_synthetic
2024/example-album-1,3.8,True,975,2022-10-19 23:44:44.098939,False,True,2026-08-08T00:56:44.307745,synthetic,illustrative_synthetic
2024/example-album-1,7.7,True,63,2022-10-22 18:49:36.678445,False,True,2026-08-08T00:56:44.307745,synthetic,illustrative_synthetic
2024/example-album-1,4.7,True,44,2022-10-25 13:54:29.257950,True,True,2026-08-08T00:56:44.307745,synthetic,illustrative_synthetic
2024/example-album-1,6.1,True,534,2022-10-28 08:59:21.837455,True,True,2026-08-08T00:56:44.307745,synthetic,illustrative_synthetic
2024/example-album-1,6.5,False,840,2022-10-31 04:04:14.416961,False,True,2026-08-08T00:56:44.307745,synthetic,illustrative_synthetic
2024/example-album-1,6.2,False,371,2022-11-02 23:09:06.996466,True,True,2026-08-08T00:56:44.307745,synthetic,illustrative_synthetic
2024/example-album-1,7.0,False,595,2022-11-05 18:13:59.575971,True,True,2026-08-08T00:56:44.307745,synthetic,illustrative_synthetic
2024/example-album-1,4.1,False,503,2022-11-08 13:18:52.155477,True,True,2026-08-08T00:56:44.307745,synthetic,illustrative_synthetic
2024/example-album-1,8.5,True,263,2022-11-11 08:23:44.734982,True,True,2026-08-08T00:56:44.307745,synthetic,illustrative_synthetic
2024/example-album-1,7.5,False,192,2022-11-14 03:28:37.314487,True,True,2026-08-08T00:56:44.307745,synthetic,illustrative_synthetic
2024/example-album-1,6.9,True,146,2022-11-16 22:33:29.893992,False,True,2026-08-08T00:56:44.307745,synthetic,illustrative_synthetic
2024/example-album-1,10.0,False,1,2022-11-19 17:38:22.473498,False,True,2026-08-08T00:56:44.307745,synthetic,illustrative_synthetic
2024/example-album-1,3.7,True,344,2022-11-22 12:43:15.053003,False,True,2026-08-08T00:56:44.307745,synthetic,illustrative_synthetic
2024/example-album-1,5.2,False,579,2022-11-25 07:48:07.632508,True,True,2026-08-08T00:56:44.307745,synthetic,illustrative_synthetic
2024/example-album-1,8.9,False,444,2022-11-28 02:53:00.212014,True,True,2026-08-08T00:56:44.307745,synthetic,illustrative_synthetic
2024/example-album-1,8.0,False,127,2022-11-30 21:57:52.791519,True,True,2026-08-08T00:56:44.307745,synthetic,illustrative_synthetic
2024/example-album-1,8.0,False,190,2022-12-03 17:02:45.371024,True,True,2026-08-08T00:56:44.307745,synthetic,illustrative_synthetic
2024/example-album-1,7.2,False,141,2022-12-06 12:07:37.950530,True,True,2026-08-08T00:56:44.307745,synthetic,illustrative_synthetic
2024/example-album-1,7.6,True,178,2022-12-09 07:12:30.530035,False,True,2026-08-08T00:56:44.307745,synthetic,illustrative_synthetic
2024/example-album-1,5.7,False,238,2022-12-12 02:17:23.109540,False,True,2026-08-08T00:56:44.307745,synthetic,illustrative_synthetic
2024/example-album-1,5.9,False,28,2022-12-14 21:22:15.689045,True,True,2026-08-08T00:56:44.307745,synthetic,illustrative_synthetic
2024/example-album-1,8.6,False,83,2022-12-17 16:27:08.268551,True,True,2026-08-08T00:56:44.307745,synthetic,illustrative_synthetic
2024/example-album-1,6.7,False,35,2022-12-20 11:32:00.848056,True,True,2026-08-08T00:56:44.307745,synthetic,illustrative_synthetic
2024/example-album-1,6.3,False,2,2022-12-23 06:36:53.427561,True,True,2026-08-08T00:56:44.307745,synthetic,illustrative_synthetic
2024/example-album-1,7.1,False,110,2022-12-26 01:41:46.007067,True,True,2026-08-08T00:56:44.307745,synthetic,illustrative_synthetic
2024/example-album-1,5.8,False,164,2022-12-28 20:46:38.586572,True,True,2026-08-08T00:56:44.307745,synthetic,illustrative_synthetic
2024/example-album-1,8.3,False,150,2022-12-31 15:51:31.166077,True,True,2026-08-08T00:56:44.307745,synthetic,illustrative_synthetic
2024/example-album-1,10.0,True,10,2023-01-03 10:56:23.745583,True,True,2026-08-08T00:56:44.307745,synthetic,illustrative_synthetic
2024/example-album-1,4.5,True,514,2023-01-06 06:01:16.325088,False,True,2026-08-08T00:56:44.307745,synthetic,illustrative_synthetic
2024/example-album-1,10.0,False,49,2023-01-09 01:06:08.904593,True,True,2026-08-08T00:56:44.307745,synthetic,illustrative_synthetic
2024/example-album-1,8.1,True,275,2023-01-11 20:11:01.484098,True,True,2026-08-08T00:56:44.307745,synthetic,illustrative_synthetic
2024/example-album-1,5.5,True,290,2023-01-14 15:15:54.063604,True,True,2026-08-08T00:56:44.307745,synthetic,illustrative_synthetic
2024/example-album-1,7.2,True,37,2023-01-17 10:20:46.643109,True,True,2026-08-08T00:56:44.307745,synthetic,illustrative_synthetic
2024/example-album-1,4.4,False,10,2023-01-20 05:25:39.222614,True,True,2026-08-08T00:56:44.307745,synthetic,illustrative_synthetic
2024/example-album-1,5.3,True,7,2023-01-23 00:30:31.802120,False,True,2026-08-08T00:56:44.307745,synthetic,illustrative_synthetic
2024/example-album-1,7.6,True,98,2023-01-25 19:35:24.381625,False,True,2026-08-08T00:56:44.307745,synthetic,illustrative_synthetic
2024/example-album-1,8.5,False,259,2023-01-28 14:40:16.961130,False,True,2026-08-08T00:56:44.307745,synthetic,illustrative_synthetic
2024/example-album-1,7.0,True,43,2023-01-31 09:45:09.540636,True,True,2026-08-08T00:56:44.307745,synthetic,illustrative_synthetic
2024/example-album-1,6.7,False,21,2023-02-03 04:50:02.120141,True,True,2026-08-08T00:56:44.307745,synthetic,illustrative_synthetic
2024/example-album-1,6.3,False,268,2023-02-05 23:54:54.699646,True,True,2026-08-08T00:56:44.307745,synthetic,illustrative_synthetic
2024/example-album-1,6.5,False,46,2023-02-08 18:59:47.279151,True,True,2026-08-08T00:56:44.307745,synthetic,illustrative_synthetic
2024/example-album-1,7.8,False,497,2023-02-11 14:04:39.858657,False,True,2026-08-08T00:56:44.307745,synthetic,illustrative_synthetic
2024/example-album-1,7.2,False,202,2023-02-14 09:09:32.438162,True,True,2026-08-08T00:56:44.307745,synthetic,illustrative_synthetic
2024/example-album-1,8.6,True,265,2023-02-17 04:14:25.017667,True,True,2026-08-08T00:56:44.307745,synthetic,illustrative_synthetic
2024/example-album-1,4.2,False,625,2023-02-19 23:19:17.597173,True,True,2026-08-08T00:56:44.307745,synthetic,illustrative_synthetic
2024/example-album-1,5.9,True,53,2023-02-22 18:24:10.176678,True,True,2026-08-08T00:56:44.307745,synthetic,illustrative_synthetic
2024/example-album-1,7.1,True,245,2023-02-25 13:29:02.756183,False,True,2026-08-08T00:56:44.307745,synthetic,illustrative_synthetic
2024/example-album-1,7.0,False,126,2023-02-28 08:33:55.335689,True,True,2026-08-08T00:56:44.307745,synthetic,illustrative_synthetic
2024/example-album-1,8.1,True,42,2023-03-03 03:38:47.915194,True,True,2026-08-08T00:56:44.307745,synthetic,illustrative_synthetic
2024/example-album-1,10.0,True,270,2023-03-05 22:43:40.494699,True,True,2026-08-08T00:56:44.307745,synthetic,illustrative_synthetic
2024/example-album-1,2.5,False,10,2023-03-08 17:48:33.074204,False,True,2026-08-08T00:56:44.307745,synthetic,illustrative_synthetic
2024/example-album-1,10.0,False,561,2023-03-11 12:53:25.653710,True,True,2026-08-08T00:56:44.307745,synthetic,illustrative_synthetic
2024/example-album-1,10.0,True,343,2023-03-14 07:58:18.233215,False,True,2026-08-08T00:56:44.307745,synthetic,illustrative_synthetic
2024/example-album-1,8.8,True,1183,2023-03-17 03:03:10.812720,True,True,2026-08-08T00:56:44.307745,synthetic,illustrative_synthetic
2024/example-album-1,7.4,True,184,2023-03-19 22:08:03.392226,True,True,2026-08-08T00:56:44.307745,synthetic,illustrative_synthetic
2024/example-album-1,5.7,True,755,2023-03-22 17:12:55.971731,False,True,2026-08-08T00:56:44.307745,synthetic,illustrative_synthetic
2024/example-album-1,8.8,False,60,2023-03-25 12:17:48.551236,True,True,2026-08-08T00:56:44.307745,synthetic,illustrative_synthetic
2024/example-album-1,7.6,False,226,2023-03-28 07:22:41.130742,True,True,2026-08-08T00:56:44.307745,synthetic,illustrative_synthetic
2024/example-album-1,6.4,False,225,2023-03-31 02:27:33.710247,True,True,2026-08-08T00:56:44.307745,synthetic,illustrative_synthetic
2024/example-album-1,7.8,False,348,2023-04-02 21:32:26.289752,True,True,2026-08-08T00:56:44.307745,synthetic,illustrative_synthetic
2024/example-album-1,5.5,False,872,2023-04-05 16:37:18.869257,True,True,2026-08-08T00:56:44.307745,synthetic,illustrative_synthetic
2024/example-album-1,6.7,False,475,2023-04-08 11:42:11.448763,False,True,2026-08-08T00:56:44.307745,synthetic,illustrative_synthetic
2024/example-album-1,8.0,True,23,2023-04-11 06:47:04.028268,True,True,2026-08-08T00:56:44.307745,synthetic,illustrative_synthetic
2024/example-album-1,7.0,True,250,2023-04-14 01:51:56.607773,True,True,2026-08-08T00:56:44.307745,synthetic,illustrative_synthetic
2024/example-album-1,6.7,False,115,2023-04-16 20:56:49.187279,True,True,2026-08-08T00:56:44.307745,synthetic,illustrative_synthetic
2024/example-album-1,10.0,False,40,2023-04-19 16:01:41.766784,False,True,2026-08-08T00:56:44.307745,synthetic,illustrative_synthetic
2024/example-album-1,8.5,True,196,2023-04-22 11:06:34.346289,True,True,2026-08-08T00:56:44.307745,synthetic,illustrative_synthetic
2024/example-album-1,4.7,False,153,2023-04-25 06:11:26.925795,True,True,2026-08-08T00:56:44.307745,synthetic,illustrative_synthetic
2024/example-album-1,6.4,False,10,2023-04-28 01:16:19.505300,False,True,2026-08-08T00:56:44.307745,synthetic,illustrative_synthetic
2024/example-album-1,2.7,False,237,2023-04-30 20:21:12.084805,False,True,2026-08-08T00:56:44.307745,synthetic,illustrative_synthetic
2024/example-album-1,7.1,False,29,2023-05-03 15:26:04.664310,False,True,2026-08-08T00:56:44.307745,synthetic,illustrative_synthetic
2024/example-album-1,10.0,False,417,2023-05-06 10:30:57.243816,True,True,2026-08-08T00:56:44.307745,synthetic,illustrative_synthetic
2024/example-album-1,6.9,False,90,2023-05-09 05:35:49.823321,True,True,2026-08-08T00:56:44.307745,synthetic,illustrative_synthetic
2024/example-album-1,5.5,True,269,2023-05-12 00:40:42.402826,True,True,2026-08-08T00:56:44.307745,synthetic,illustrative_synthetic
2024/example-album-1,3.8,True,56,2023-05-14 19:45:34.982332,False,True,2026-08-08T00:56:44.307745,synthetic,illustrative_synthetic
2024/example-album-1,5.6,False,689,2023-05-17 14:50:27.561837,True,True,2026-08-08T00:56:44.307745,synthetic,illustrative_synthetic
2024/example-album-1,6.9,False,16,2023-05-20 09:55:20.141342,True,True,2026-08-08T00:56:44.307745,synthetic,illustrative_synthetic
2024/example-album-1,6.9,True,658,2023-05-23 05:00:12.720848,True,True,2026-08-08T00:56:44.307745,synthetic,illustrative_synthetic
2024/example-album-1,5.8,False,59,2023-05-26 00:05:05.300353,False,True,2026-08-08T00:56:44.307745,synthetic,illustrative_synthetic
2024/example-album-1,7.6,False,47,2023-05-28 19:09:57.879858,False,True,2026-08-08T00:56:44.307745,synthetic,illustrative_synthetic
2024/example-album-1,4.3,False,275,2023-05-31 14:14:50.459363,True,True,2026-08-08T00:56:44.307745,synthetic,illustrative_synthetic
2024/example-album-1,6.7,False,237,2023-06-03 09:19:43.038869,False,True,2026-08-08T00:56:44.307745,synthetic,illustrative_synthetic
2024/example-album-1,10.0,False,949,2023-06-06 04:24:35.618374,False,True,2026-08-08T00:56:44.307745,synthetic,illustrative_synthetic
2024/example-album-1,10.0,False,202,2023-06-08 23:29:28.197879,True,True,2026-08-08T00:56:44.307745,synthetic,illustrative_synthetic
2024/example-album-1,7.5,False,69,2023-06-11 18:34:20.777385,True,True,2026-08-08T00:56:44.307745,synthetic,illustrative_synthetic
2024/example-album-1,6.1,True,265,2023-06-14 13:39:13.356890,False,True,2026-08-08T00:56:44.307745,synthetic,illustrative_synthetic
2024/example-album-1,10.0,False,239,2023-06-17 08:44:05.936395,True,True,2026-08-08T00:56:44.307745,synthetic,illustrative_synthetic
2024/example-album-1,9.8,False,239,2023-06-20 03:48:58.515901,True,True,2026-08-08T00:56:44.307745,synthetic,illustrative_synthetic
2024/example-album-1,10.0,True,1021,2023-06-22 22:53:51.095406,True,True,2026-08-08T00:56:44.307745,synthetic,illustrative_synthetic
2024/example-album-1,10.0,False,88,2023-06-25 17:58:43.674911,False,True,2026-08-08T00:56:44.307745,synthetic,illustrative_synthetic
2024/example-album-1,5.5,False,165,2023-06-28 13:03:36.254416,True,True,2026-08-08T00:56:44.307745,synthetic,illustrative_synthetic
2024/example-album-1,10.0,True,520,2023-07-01 08:08:28.833922,False,True,2026-08-08T00:56:44.307745,synthetic,illustrative_synthetic
2024/example-album-1,6.3,False,317,2023-07-04 03:13:21.413427,True,True,2026-08-08T00:56:44.307745,synthetic,illustrative_synthetic
2024/example-album-1,8.4,False,68,2023-07-06 22:18:13.992932,True,True,2026-08-08T00:56:44.307745,synthetic,illustrative_synthetic
2024/example-album-1,3.9,False,420,2023-07-09 17:23:06.572438,False,True,2026-08-08T00:56:44.307745,synthetic,illustrative_synthetic
2024/example-album-1,6.1,False,54,2023-07-12 12:27:59.151943,True,True,2026-08-08T00:56:44.307745,synthetic,illustrative_synthetic
2024/example-album-1,9.1,False,326,2023-07-15 07:32:51.731448,True,True,2026-08-08T00:56:44.307745,synthetic,illustrative_synthetic
2024/example-album-1,6.7,False,581,2023-07-18 02:37:44.310954,True,True,2026-08-08T00:56:44.307745,synthetic,illustrative_synthetic
2024/example-album-1,6.2,False,430,2023-07-20 21:42:36.890459,False,True,2026-08-08T00:56:44.307745,synthetic,illustrative_synthetic
2024/example-album-1,9.0,False,4,2023-07-23 16:47:29.469964,True,True,2026-08-08T00:56:44.307745,synthetic,illustrative_synthetic
2024/example-album-1,5.7,False,213,2023-07-26 11:52:22.049469,True,True,2026-08-08T00:56:44.307745,synthetic,illustrative_synthetic
2024/example-album-1,7.8,False,50,2023-07-29 06:57:14.628975,True,True,2026-08-08T00:56:44.307745,synthetic,illustrative_synthetic
2024/example-album-1,5.9,False,116,2023-08-01 02:02:07.208480,True,True,2026-08-08T00:56:44.307745,synthetic,illustrative_synthetic
2024/example-album-1,4.5,False,413,2023-08-03 21:06:59.787985,True,True,2026-08-08T00:56:44.307745,synthetic,illustrative_synthetic
2024/example-album-1,6.9,True,57,2023-08-06 16:11:52.367491,True,True,2026-08-08T00:56:44.307745,synthetic,illustrative_synthetic
2024/example-album-1,7.0,False,793,2023-08-09 11:16:44.946996,True,True,2026-08-08T00:56:44.307745,synthetic,illustrative_synthetic
2024/example-album-1,4.3,False,8,2023-08-12 06:21:37.526501,True,True,2026-08-08T00:56:44.307745,synthetic,illustrative_synthetic
2024/example-album-1,7.5,False,56,2023-08-15 01:26:30.106007,False,True,2026-08-08T00:56:44.307745,synthetic,illustrative_synthetic
2024/example-album-1,8.1,False,15,2023-08-17 20:31:22.685512,False,True,2026-08-08T00:56:44.307745,synthetic,illustrative_synthetic
2024/example-album-1,7.7,False,204,2023-08-20 15:36:15.265017,True,True,2026-08-08T00:56:44.307745,synthetic,illustrative_synthetic
2024/example-album-1,8.0,True,85,2023-08-23 10:41:07.844522,True,True,2026-08-08T00:56:44.307745,synthetic,illustrative_synthetic
2024/example-album-1,6.8,True,210,2023-08-26 05:46:00.424028,True,True,2026-08-08T00:56:44.307745,synthetic,illustrative_synthetic
2024/example-album-1,6.9,False,625,2023-08-29 00:50:53.003533,False,True,2026-08-08T00:56:44.307745,synthetic,illustrative_synthetic
2024/example-album-1,6.8,False,292,2023-08-31 19:55:45.583038,True,True,2026-08-08T00:56:44.307745,synthetic,illustrative_synthetic
2024/example-album-1,6.0,False,14,2023-09-03 15:00:38.162544,True,True,2026-08-08T00:56:44.307745,synthetic,illustrative_synthetic
2024/example-album-1,6.3,False,1,2023-09-06 10:05:30.742049,True,True,2026-08-08T00:56:44.307745,synthetic,illustrative_synthetic
2024/example-album-1,8.0,False,325,2023-09-09 05:10:23.321554,True,True,2026-08-08T00:56:44.307745,synthetic,illustrative_synthetic
2024/example-album-1,9.8,False,31,2023-09-12 00:15:15.901060,True,True,2026-08-08T00:56:44.307745,synthetic,illustrative_synthetic
2024/example-album-1,5.1,False,220,2023-09-14 19:20:08.480565,True,True,2026-08-08T00:56:44.307745,synthetic,illustrative_synthetic
2024/example-album-1,6.8,False,722,2023-09-17 14:25:01.060070,False,True,2026-08-08T00:56:44.307745,synthetic,illustrative_synthetic
2024/example-album-1,4.7,False,244,2023-09-20 09:29:53.639575,False,True,2026-08-08T00:56:44.307745,synthetic,illustrative_synthetic
2024/example-album-1,6.7,False,392,2023-09-23 04:34:46.219081,False,True,2026-08-08T00:56:44.307745,synthetic,illustrative_synthetic
2024/example-album-1,9.4,False,144,2023-09-25 23:39:38.798586,False,True,2026-08-08T00:56:44.307745,synthetic,illustrative_synthetic
2024/example-album-1,6.8,True,149,2023-09-28 18:44:31.378091,True,True,2026-08-08T00:56:44.307745,synthetic,illustrative_synthetic
2024/example-album-1,7.0,False,10,2023-10-01 13:49:23.957597,False,True,2026-08-08T00:56:44.307745,synthetic,illustrative_synthetic
2024/example-album-1,7.9,True,48,2023-10-04 08:54:16.537102,False,True,2026-08-08T00:56:44.307745,synthetic,illustrative_synthetic
2024/example-album-1,5.3,False,13,2023-10-07 03:59:09.116607,False,True,2026-08-08T00:56:44.307745,synthetic,illustrative_synthetic
2024/example-album-1,7.4,False,113,2023-10-09 23:04:01.696113,False,True,2026-08-08T00:56:44.307745,synthetic,illustrative_synthetic
2024/example-album-1,8.5,False,332,2023-10-12 18:08:54.275618,True,True,2026-08-08T00:56:44.307745,synthetic,illustrative_synthetic
2024/example-album-1,5.6,False,41,2023-10-15 13:13:46.855123,True,True,2026-08-08T00:56:44.307745,synthetic,illustrative_synthetic
2024/example-album-1,6.6,True,539,2023-10-18 08:18:39.434628,True,True,2026-08-08T00:56:44.307745,synthetic,illustrative_synthetic
2024/example-album-1,6.6,False,221,2023-10-21 03:23:32.014134,True,True,2026-08-08T00:56:44.307745,synthetic,illustrative_synthetic
2024/example-album-1,6.1,False,271,2023-10-23 22:28:24.593639,True,True,2026-08-08T00:56:44.307745,synthetic,illustrative_synthetic
2024/example-album-1,4.7,False,509,2023-10-26 17:33:17.173144,True,True,2026-08-08T00:56:44.307745,synthetic,illustrative_synthetic
2024/example-album-1,7.3,True,203,2023-10-29 12:38:09.752650,True,True,2026-08-08T00:56:44.307745,synthetic,illustrative_synthetic
2024/example-album-1,9.5,False,273,2023-11-01 07:43:02.332155,False,True,2026-08-08T00:56:44.307745,synthetic,illustrative_synthetic
2024/example-album-1,8.9,False,228,2023-11-04 02:47:54.911660,False,True,2026-08-08T00:56:44.307745,synthetic,illustrative_synthetic
2024/example-album-1,10.0,False,20,2023-11-06 21:52:47.491166,True,True,2026-08-08T00:56:44.307745,synthetic,illustrative_synthetic
2024/example-album-1,9.7,False,61,2023-11-09 16:57:40.070671,True,True,2026-08-08T00:56:44.307745,synthetic,illustrative_synthetic
2024/example-album-1,10.0,False,473,2023-11-12 12:02:32.650176,True,True,2026-08-08T00:56:44.307745,synthetic,illustrative_synthetic
2024/example-album-1,7.6,False,1033,2023-11-15 07:07:25.229681,False,True,2026-08-08T00:56:44.307745,synthetic,illustrative_synthetic
2024/example-album-1,7.0,False,52,2023-11-18 02:12:17.809187,False,True,2026-08-08T00:56:44.307745,synthetic,illustrative_synthetic
2024/example-album-1,8.5,True,157,2023-11-20 21:17:10.388692,False,True,2026-08-08T00:56:44.307745,synthetic,illustrative_synthetic
2024/example-album-1,4.4,False,90,2023-11-23 16:22:02.968197,True,True,2026-08-08T00:56:44.307745,synthetic,illustrative_synthetic
2024/example-album-1,8.3,False,312,2023-11-26 11:26:55.547703,True,True,2026-08-08T00:56:44.307745,synthetic,illustrative_synthetic
2024/example-album-1,7.6,False,236,2023-11-29 06:31:48.127208,False,True,2026-08-08T00:56:44.307745,synthetic,illustrative_synthetic
2024/example-album-1,6.3,True,12,2023-12-02 01:36:40.706713,False,True,2026-08-08T00:56:44.307745,synthetic,illustrative_synthetic
2024/example-album-1,4.5,False,1031,2023-12-04 20:41:33.286219,True,True,2026-08-08T00:56:44.307745,synthetic,illustrative_synthetic
2024/example-album-1,7.4,False,773,2023-12-07 15:46:25.865724,True,True,2026-08-08T00:56:44.307745,synthetic,illustrative_synthetic
2024/example-album-1,8.1,True,379,2023-12-10 10:51:18.445229,True,True,2026-08-08T00:56:44.307745,synthetic,illustrative_synthetic
2024/example-album-1,8.1,True,232,2023-12-13 05:56:11.024734,True,True,2026-08-08T00:56:44.307745,synthetic,illustrative_synthetic
2024/example-album-1,7.8,True,101,2023-12-16 01:01:03.604240,False,True,2026-08-08T00:56:44.307745,synthetic,illustrative_synthetic
2024/example-album-1,7.7,False,151,2023-12-18 20:05:56.183745,False,True,2026-08-08T00:56:44.307745,synthetic,illustrative_synthetic
2024/example-album-1,6.5,False,120,2023-12-21 15:10:48.763250,True,True,2026-08-08T00:56:44.307745,synthetic,illustrative_synthetic
2024/example-album-1,8.0,False,153,2023-12-24 10:15:41.342756,True,True,2026-08-08T00:56:44.307745,synthetic,illustrative_synthetic
2024/example-album-1,9.1,False,22,2023-12-27 05:20:33.922261,True,True,2026-08-08T00:56:44.307745,synthetic,illustrative_synthetic
2024/example-album-1,9.4,False,562,2023-12-30 00:25:26.501766,True,True,2026-08-08T00:56:44.307745,synthetic,illustrative_synthetic
2024/example-album-1,6.5,False,257,2024-01-01 19:30:19.081272,True,True,2026-08-08T00:56:44.307745,synthetic,illustrative_synthetic
2024/example-album-1,6.2,True,172,2024-01-04 14:35:11.660777,False,True,2026-08-08T00:56:44.307745,synthetic,illustrative_synthetic
2024/example-album-1,8.7,True,362,2024-01-07 09:40:04.240282,False,True,2026-08-08T00:56:44.307745,synthetic,illustrative_synthetic
2024/example-album-1,7.2,False,367,2024-01-10 04:44:56.819787,True,True,2026-08-08T00:56:44.307745,synthetic,illustrative_synthetic
2024/example-album-1,5.2,False,8,2024-01-12 23:49:49.399293,False,True,2026-08-08T00:56:44.307745,synthetic,illustrative_synthetic
2024/example-album-1,6.7,False,51,2024-01-15 18:54:41.978798,False,True,2026-08-08T00:56:44.307745,synthetic,illustrative_synthetic
2024/example-album-1,6.8,False,197,2024-01-18 13:59:34.558303,True,True,2026-08-08T00:56:44.307745,synthetic,illustrative_synthetic
2024/example-album-1,4.1,False,506,2024-01-21 09:04:27.137809,False,True,2026-08-08T00:56:44.307745,synthetic,illustrative_synthetic
2024/example-album-1,6.9,False,529,2024-01-24 04:09:19.717314,False,True,2026-08-08T00:56:44.307745,synthetic,illustrative_synthetic
2024/example-album-1,8.1,False,111,2024-01-26 23:14:12.296819,False,True,2026-08-08T00:56:44.307745,synthetic,illustrative_synthetic
2024/example-album-1,5.7,True,419,2024-01-29 18:19:04.876325,True,True,2026-08-08T00:56:44.307745,synthetic,illustrative_synthetic
2024/example-album-1,5.2,False,6,2024-02-01 13:23:57.455830,True,True,2026-08-08T00:56:44.307745,synthetic,illustrative_synthetic
2024/example-album-1,7.9,False,356,2024-02-04 08:28:50.035335,True,True,2026-08-08T00:56:44.307745,synthetic,illustrative_synthetic
2024/example-album-1,8.4,False,178,2024-02-07 03:33:42.614840,True,True,2026-08-08T00:56:44.307745,synthetic,illustrative_synthetic
2024/example-album-1,7.1,True,95,2024-02-09 22:38:35.194346,True,True,2026-08-08T00:56:44.307745,synthetic,illustrative_synthetic
2024/example-album-1,3.5,False,234,2024-02-12 17:43:27.773851,False,True,2026-08-08T00:56:44.307745,synthetic,illustrative_synthetic
2024/example-album-1,7.4,False,270,2024-02-15 12:48:20.353356,True,True,2026-08-08T00:56:44.307745,synthetic,illustrative_synthetic
2024/example-album-1,7.8,False,840,2024-02-18 07:53:12.932862,True,True,2026-08-08T00:56:44.307745,synthetic,illustrative_synthetic
2024/example-album-1,4.0,True,1027,2024-02-21 02:58:05.512367,False,True,2026-08-08T00:56:44.307745,synthetic,illustrative_synthetic
2024/example-album-1,5.9,False,168,2024-02-23 22:02:58.091872,True,True,2026-08-08T00:56:44.307745,synthetic,illustrative_synthetic
2024/example-album-1,6.7,False,520,2024-02-26 17:07:50.671378,True,True,2026-08-08T00:56:44.307745,synthetic,illustrative_synthetic
2024/example-album-1,4.3,False,152,2024-02-29 12:12:43.250883,True,True,2026-08-08T00:56:44.307745,synthetic,illustrative_synthetic
2024/example-album-1,5.4,False,288,2024-03-03 07:17:35.830388,True,True,2026-08-08T00:56:44.307745,synthetic,illustrative_synthetic
2024/example-album-1,7.8,False,72,2024-03-06 02:22:28.409894,True,True,2026-08-08T00:56:44.307745,synthetic,illustrative_synthetic
2024/example-album-1,4.4,False,46,2024-03-08 21:27:20.989399,False,True,2026-08-08T00:56:44.307745,synthetic,illustrative_synthetic
2024/example-album-1,9.0,False,230,2024-03-11 16:32:13.568904,True,True,2026-08-08T00:56:44.307745,synthetic,illustrative_synthetic
2024/example-album-1,5.9,False,117,2024-03-14 11:37:06.148409,True,True,2026-08-08T00:56:44.307745,synthetic,illustrative_synthetic
2024/example-album-1,6.4,False,103,2024-03-17 06:41:58.727915,True,True,2026-08-08T00:56:44.307745,synthetic,illustrative_synthetic
2024/example-album-1,7.9,False,19,2024-03-20 01:46:51.307420,False,True,2026-08-08T00:56:44.307745,synthetic,illustrative_synthetic
2024/example-album-1,8.0,False,39,2024-03-22 20:51:43.886925,True,True,2026-08-08T00:56:44.307745,synthetic,illustrative_synthetic
2024/example-album-1,9.0,True,328,2024-03-25 15:56:36.466431,False,True,2026-08-08T00:56:44.307745,synthetic,illustrative_synthetic
2024/example-album-1,7.1,True,326,2024-03-28 11:01:29.045936,True,True,2026-08-08T00:56:44.307745,synthetic,illustrative_synthetic
2024/example-album-1,7.8,False,188,2024-03-31 06:06:21.625441,True,True,2026-08-08T00:56:44.307745,synthetic,illustrative_synthetic
2024/example-album-1,7.9,False,256,2024-04-03 01:11:14.204947,True,True,2026-08-08T00:56:44.307745,synthetic,illustrative_synthetic
2024/example-album-1,9.4,False,15,2024-04-05 20:16:06.784452,True,True,2026-08-08T00:56:44.307745,synthetic,illustrative_synthetic
2024/example-album-1,9.0,False,503,2024-04-08 15:20:59.363957,True,True,2026-08-08T00:56:44.307745,synthetic,illustrative_synthetic
2024/example-album-1,7.2,False,254,2024-04-11 10:25:51.943462,False,True,2026-08-08T00:56:44.307745,synthetic,illustrative_synthetic
2024/example-album-1,6.5,False,340,2024-04-14 05:30:44.522968,True,True,2026-08-08T00:56:44.307745,synthetic,illustrative_synthetic
2024/example-album-1,5.2,False,53,2024-04-17 00:35:37.102473,True,True,2026-08-08T00:56:44.307745,synthetic,illustrative_synthetic
2024/example-album-1,6.6,True,313,2024-04-19 19:40:29.681978,True,True,2026-08-08T00:56:44.307745,synthetic,illustrative_synthetic
2024/example-album-1,7.7,False,319,2024-04-22 14:45:22.261484,True,True,2026-08-08T00:56:44.307745,synthetic,illustrative_synthetic
2024/example-album-1,6.0,True,118,2024-04-25 09:50:14.840989,True,True,2026-08-08T00:56:44.307745,synthetic,illustrative_synthetic
2024/example-album-1,9.2,False,1034,2024-04-28 04:55:07.420494,True,True,2026-08-08T00:56:44.307745,synthetic,illustrative_synthetic
2024/example-album-1,8.8,False,118,2024-05-01 00:00:00.000000,True,True,2026-08-08T00:56:44.307745,synthetic,illustrative_synthetic
2024/example-album-1,7.2,False,659,2024-05-03 19:04:52.579505,True,True,2026-08-08T00:56:44.307745,synthetic,illustrative_synthetic
2024/example-album-1,7.5,False,503,2024-05-06 14:09:45.159010,True,True,2026-08-08T00:56:44.307745,synthetic,illustrative_synthetic
2024/example-album-1,7.7,False,696,2024-05-09 09:14:37.738515,True,True,2026-08-08T00:56:44.307745,synthetic,illustrative_synthetic
2024/example-album-1,4.3,True,173,2024-05-12 04:19:30.318021,True,True,2026-08-08T00:56:44.307745,synthetic,illustrative_synthetic
2024/example-album-1,7.4,False,64,2024-05-14 23:24:22.897526,True,True,2026-08-08T00:56:44.307745,synthetic,illustrative_synthetic
2024/example-album-1,6.9,True,53,2024-05-17 18:29:15.477031,False,True,2026-08-08T00:56:44.307745,synthetic,illustrative_synthetic
2024/example-album-1,8.9,False,405,2024-05-20 13:34:08.056537,True,True,2026-08-08T00:56:44.307745,synthetic,illustrative_synthetic
2024/example-album-1,7.7,False,222,2024-05-23 08:39:00.636042,False,True,2026-08-08T00:56:44.307745,synthetic,illustrative_synthetic
2024/example-album-1,10.0,True,177,2024-05-26 03:43:53.215547,True,True,2026-08-08T00:56:44.307745,synthetic,illustrative_synthetic
2024/example-album-1,6.3,True,161,2024-05-28 22:48:45.795053,True,True,2026-08-08T00:56:44.307745,synthetic,illustrative_synthetic
2024/example-album-1,4.8,False,11,2024-05-31 17:53:38.374558,True,True,2026-08-08T00:56:44.307745,synthetic,illustrative_synthetic
2024/example-album-1,10.0,True,125,2024-06-03 12:58:30.954063,True,True,2026-08-08T00:56:44.307745,synthetic,illustrative_synthetic
2024/example-album-1,7.0,True,762,2024-06-06 08:03:23.533568,False,True,2026-08-08T00:56:44.307745,synthetic,illustrative_synthetic
2024/example-album-1,6.4,False,291,2024-06-09 03:08:16.113074,False,True,2026-08-08T00:56:44.307745,synthetic,illustrative_synthetic
2024/example-album-1,9.2,False,71,2024-06-11 22:13:08.692579,True,True,2026-08-08T00:56:44.307745,synthetic,illustrative_synthetic
2024/example-album-1,5.5,False,524,2024-06-14 17:18:01.272084,False,True,2026-08-08T00:56:44.307745,synthetic,illustrative_synthetic
2024/example-album-1,4.7,False,331,2024-06-17 12:22:53.851590,True,True,2026-08-08T00:56:44.307745,synthetic,illustrative_synthetic
2024/example-album-1,2.8,False,915,2024-06-20 07:27:46.431095,True,True,2026-08-08T00:56:44.307745,synthetic,illustrative_synthetic
2024/example-album-1,6.2,False,97,2024-06-23 02:32:39.010600,False,True,2026-08-08T00:56:44.307745,synthetic,illustrative_synthetic
2024/example-album-1,8.5,False,73,2024-06-25 21:37:31.590106,True,True,2026-08-08T00:56:44.307745,synthetic,illustrative_synthetic
2024/example-album-1,9.6,False,658,2024-06-28 16:42:24.169611,True,True,2026-08-08T00:56:44.307745,synthetic,illustrative_synthetic
2024/example-album-1,9.0,False,155,2024-07-01 11:47:16.749116,False,True,2026-08-08T00:56:44.307745,synthetic,illustrative_synthetic
2024/example-album-1,9.1,False,123,2024-07-04 06:52:09.328621,False,True,2026-08-08T00:56:44.307745,synthetic,illustrative_synthetic
2024/example-album-1,4.9,False,351,2024-07-07 01:57:01.908127,False,True,2026-08-08T00:56:44.307745,synthetic,illustrative_synthetic
2024/example-album-1,7.6,True,132,2024-07-09 21:01:54.487632,True,True,2026-08-08T00:56:44.307745,synthetic,illustrative_synthetic
2024/example-album-1,7.5,False,69,2024-07-12 16:06:47.067137,False,True,2026-08-08T00:56:44.307745,synthetic,illustrative_synthetic
2024/example-album-1,7.9,True,378,2024-07-15 11:11:39.646643,True,True,2026-08-08T00:56:44.307745,synthetic,illustrative_synthetic
2024/example-album-1,7.4,False,246,2024-07-18 06:16:32.226148,True,True,2026-08-08T00:56:44.307745,synthetic,illustrative_synthetic
2024/example-album-1,10.0,True,46,2024-07-21 01:21:24.805653,True,True,2026-08-08T00:56:44.307745,synthetic,illustrative_synthetic
2024/example-album-1,9.0,False,364,2024-07-23 20:26:17.385159,False,True,2026-08-08T00:56:44.307745,synthetic,illustrative_synthetic
2024/example-album-1,8.0,False,48,2024-07-26 15:31:09.964664,False,True,2026-08-08T00:56:44.307745,synthetic,illustrative_synthetic
2024/example-album-1,8.4,False,13,2024-07-29 10:36:02.544169,False,True,2026-08-08T00:56:44.307745,synthetic,illustrative_synthetic
2024/example-album-1,6.1,True,294,2024-08-01 05:40:55.123674,True,True,2026-08-08T00:56:44.307745,synthetic,illustrative_synthetic
2024/example-album-1,8.3,True,73,2024-08-04 00:45:47.703180,True,True,2026-08-08T00:56:44.307745,synthetic,illustrative_synthetic
2024/example-album-1,7.3,False,258,2024-08-06 19:50:40.282685,True,True,2026-08-08T00:56:44.307745,synthetic,illustrative_synthetic
2024/example-album-1,6.5,False,1904,2024-08-09 14:55:32.862190,False,True,2026-08-08T00:56:44.307745,synthetic,illustrative_synthetic
2024/example-album-1,5.7,False,901,2024-08-12 10:00:25.441696,True,True,2026-08-08T00:56:44.307745,synthetic,illustrative_synthetic
2024/example-album-1,6.4,False,80,2024-08-15 05:05:18.021201,True,True,2026-08-08T00:56:44.307745,synthetic,illustrative_synthetic
2024/example-album-1,8.6,True,106,2024-08-18 00:10:10.600706,False,True,2026-08-08T00:56:44.307745,synthetic,illustrative_synthetic
2024/example-album-1,7.6,False,355,2024-08-20 19:15:03.180212,True,True,2026-08-08T00:56:44.307745,synthetic,illustrative_synthetic
2024/example-album-1,7.1,False,1,2024-08-23 14:19:55.759717,False,True,2026-08-08T00:56:44.307745,synthetic,illustrative_synthetic
2024/example-album-1,6.5,True,260,2024-08-26 09:24:48.339222,True,True,2026-08-08T00:56:44.307745,synthetic,illustrative_synthetic
2024/example-album-1,6.7,False,92,2024-08-29 04:29:40.918727,False,True,2026-08-08T00:56:44.307745,synthetic,illustrative_synthetic
2024/example-album-1,7.1,True,297,2024-08-31 23:34:33.498233,True,True,2026-08-08T00:56:44.307745,synthetic,illustrative_synthetic
2024/example-album-1,6.5,False,341,2024-09-03 18:39:26.077738,True,True,2026-08-08T00:56:44.307745,synthetic,illustrative_synthetic
2024/example-album-1,4.8,False,325,2024-09-06 13:44:18.657243,True,True,2026-08-08T00:56:44.307745,synthetic,illustrative_synthetic
2024/example-album-1,8.4,False,14,2024-09-09 08:49:11.236749,True,True,2026-08-08T00:56:44.307745,synthetic,illustrative_synthetic
2024/example-album-1,8.6,False,40,2024-09-12 03:54:03.816254,True,True,2026-08-08T00:56:44.307745,synthetic,illustrative_synthetic
2024/example-album-1,6.5,True,613,2024-09-14 22:58:56.395759,True,True,2026-08-08T00:56:44.307745,synthetic,illustrative_synthetic
2024/example-album-1,7.4,False,45,2024-09-17 18:03:48.975265,True,True,2026-08-08T00:56:44.307745,synthetic,illustrative_synthetic
2024/example-album-1,5.2,False,191,2024-09-20 13:08:41.554770,False,True,2026-08-08T00:56:44.307745,synthetic,illustrative_synthetic
2024/example-album-1,7.8,False,546,2024-09-23 08:13:34.134275,True,True,2026-08-08T00:56:44.307745,synthetic,illustrative_synthetic
2024/example-album-1,5.4,False,6,2024-09-26 03:18:26.713780,False,True,2026-08-08T00:56:44.307745,synthetic,illustrative_synthetic
2024/example-album-1,1.6,False,64,2024-09-28 22:23:19.293286,False,True,2026-08-08T00:56:44.307745,synthetic,illustrative_synthetic
2024/example-album-1,9.5,False,324,2024-10-01 17:28:11.872791,True,True,2026-08-08T00:56:44.307745,synthetic,illustrative_synthetic
2024/example-album-1,5.0,False,39,2024-10-04 12:33:04.452296,False,True,2026-08-08T00:56:44.307745,synthetic,illustrative_synthetic
2024/example-album-1,6.9,False,241,2024-10-07 07:37:57.031802,True,True,2026-08-08T00:56:44.307745,synthetic,illustrative_synthetic
2024/example-album-1,7.4,False,536,2024-10-10 02:42:49.611307,True,True,2026-08-08T00:56:44.307745,synthetic,illustrative_synthetic
2024/example-album-1,8.0,False,265,2024-10-12 21:47:42.190812,True,True,2026-08-08T00:56:44.307745,synthetic,illustrative_synthetic
2024/example-album-1,7.1,False,588,2024-10-15 16:52:34.770318,False,True,2026-08-08T00:56:44.307745,synthetic,illustrative_synthetic
2024/example-album-1,7.6,True,108,2024-10-18 11:57:27.349823,True,True,2026-08-08T00:56:44.307745,synthetic,illustrative_synthetic
2024/example-album-1,6.5,False,381,2024-10-21 07:02:19.929328,True,True,2026-08-08T00:56:44.307745,synthetic,illustrative_synthetic
2024/example-album-1,4.0,True,565,2024-10-24 02:07:12.508833,False,True,2026-08-08T00:56:44.307745,synthetic,illustrative_synthetic
2024/example-album-1,7.5,False,96,2024-10-26 21:12:05.088339,True,True,2026-08-08T00:56:44.307745,synthetic,illustrative_synthetic
2024/example-album-1,6.4,True,564,2024-10-29 16:16:57.667844,False,True,2026-08-08T00:56:44.307745,synthetic,illustrative_synthetic
2024/example-album-1,7.3,True,30,2024-11-01 11:21:50.247349,False,True,2026-08-08T00:56:44.307745,synthetic,illustrative_synthetic
2024/example-album-1,10.0,False,256,2024-11-04 06:26:42.826855,False,True,2026-08-08T00:56:44.307745,synthetic,illustrative_synthetic
2024/example-album-1,6.9,False,50,2024-11-07 01:31:35.406360,False,True,2026-08-08T00:56:44.307745,synthetic,illustrative_synthetic
2024/example-album-1,7.0,False,365,2024-11-09 20:36:27.985865,False,True,2026-08-08T00:56:44.307745,synthetic,illustrative_synthetic
2024/example-album-1,3.9,False,232,2024-11-12 15:41:20.565371,True,True,2026-08-08T00:56:44.307745,synthetic,illustrative_synthetic
2024/example-album-1,4.9,False,335,2024-11-15 10:46:13.144876,False,True,2026-08-08T00:56:44.307745,synthetic,illustrative_synthetic
2024/example-album-1,5.4,False,506,2024-11-18 05:51:05.724381,False,True,2026-08-08T00:56:44.307745,synthetic,illustrative_synthetic
2024/example-album-1,8.2,False,206,2024-11-21 00:55:58.303886,False,True,2026-08-08T00:56:44.307745,synthetic,illustrative_synthetic
2024/example-album-1,5.2,False,78,2024-11-23 20:00:50.883392,True,True,2026-08-08T00:56:44.307745,synthetic,illustrative_synthetic
2024/example-album-1,3.3,False,580,2024-11-26 15:05:43.462897,False,True,2026-08-08T00:56:44.307745,synthetic,illustrative_synthetic
2024/example-album-1,7.8,True,828,2024-11-29 10:10:36.042402,True,True,2026-08-08T00:56:44.307745,synthetic,illustrative_synthetic
2024/example-album-1,5.6,False,589,2024-12-02 05:15:28.621908,True,True,2026-08-08T00:56:44.307745,synthetic,illustrative_synthetic
2024/example-album-1,4.0,False,43,2024-12-05 00:20:21.201413,True,True,2026-08-08T00:56:44.307745,synthetic,illustrative_synthetic
2024/example-album-1,8.4,True,471,2024-12-07 19:25:13.780918,True,True,2026-08-08T00:56:44.307745,synthetic,illustrative_synthetic
2024/example-album-1,6.3,False,308,2024-12-10 14:30:06.360424,False,True,2026-08-08T00:56:44.307745,synthetic,illustrative_synthetic
2024/example-album-1,8.0,False,166,2024-12-13 09:34:58.939929,True,True,2026-08-08T00:56:44.307745,synthetic,illustrative_synthetic
2024/example-album-1,5.2,True,37,2024-12-16 04:39:51.519434,False,True,2026-08-08T00:56:44.307745,synthetic,illustrative_synthetic
2024/example-album-1,6.7,False,357,2024-12-18 23:44:44.098939,False,True,2026-08-08T00:56:44.307745,synthetic,illustrative_synthetic
2024/example-album-1,4.8,True,324,2024-12-21 18:49:36.678445,True,True,2026-08-08T00:56:44.307745,synthetic,illustrative_synthetic
2024/example-album-1,7.2,True,81,2024-12-24 13:54:29.257950,False,True,2026-08-08T00:56:44.307745,synthetic,illustrative_synthetic
2024/example-album-1,7.3,False,145,2024-12-27 08:59:21.837455,True,True,2026-08-08T00:56:44.307745,synthetic,illustrative_synthetic
2024/example-album-1,7.0,True,52,2024-12-30 04:04:14.416961,False,True,2026-08-08T00:56:44.307745,synthetic,illustrative_synthetic
2024/example-album-1,9.1,True,797,2025-01-01 23:09:06.996466,False,True,2026-08-08T00:56:44.307745,synthetic,illustrative_synthetic
2024/example-album-1,10.0,False,196,2025-01-04 18:13:59.575971,True,True,2026-08-08T00:56:44.307745,synthetic,illustrative_synthetic
2024/example-album-1,7.8,True,281,2025-01-07 13:18:52.155477,False,True,2026-08-08T00:56:44.307745,synthetic,illustrative_synthetic
2024/example-album-1,10.0,False,253,2025-01-10 08:23:44.734982,True,True,2026-08-08T00:56:44.307745,synthetic,illustrative_synthetic
2024/example-album-1,3.8,False,465,2025-01-13 03:28:37.314487,True,True,2026-08-08T00:56:44.307745,synthetic,illustrative_synthetic
2024/example-album-1,6.3,True,315,2025-01-15 22:33:29.893992,False,True,2026-08-08T00:56:44.307745,synthetic,illustrative_synthetic
2024/example-album-1,4.4,False,89,2025-01-18 17:38:22.473498,True,True,2026-08-08T00:56:44.307745,synthetic,illustrative_synthetic
2024/example-album-1,5.7,True,187,2025-01-21 12:43:15.053003,False,True,2026-08-08T00:56:44.307745,synthetic,illustrative_synthetic
2024/example-album-1,6.4,False,111,2025-01-24 07:48:07.632508,True,True,2026-08-08T00:56:44.307745,synthetic,illustrative_synthetic
2024/example-album-1,10.0,True,175,2025-01-27 02:53:00.212014,True,True,2026-08-08T00:56:44.307745,synthetic,illustrative_synthetic
2024/example-album-1,7.1,False,328,2025-01-29 21:57:52.791519,False,True,2026-08-08T00:56:44.307745,synthetic,illustrative_synthetic
2024/example-album-1,9.2,True,197,2025-02-01 17:02:45.371024,True,True,2026-08-08T00:56:44.307745,synthetic,illustrative_synthetic
2024/example-album-1,6.2,False,276,2025-02-04 12:07:37.950530,True,True,2026-08-08T00:56:44.307745,synthetic,illustrative_synthetic
2024/example-album-1,5.7,True,55,2025-02-07 07:12:30.530035,True,True,2026-08-08T00:56:44.307745,synthetic,illustrative_synthetic
2024/example-album-1,8.4,True,206,2025-02-10 02:17:23.109540,False,True,2026-08-08T00:56:44.307745,synthetic,illustrative_synthetic
2024/example-album-1,8.4,False,345,2025-02-12 21:22:15.689045,True,True,2026-08-08T00:56:44.307745,synthetic,illustrative_synthetic
2024/example-album-1,5.3,False,306,2025-02-15 16:27:08.268551,True,True,2026-08-08T00:56:44.307745,synthetic,illustrative_synthetic
2024/example-album-1,5.1,False,154,2025-02-18 11:32:00.848056,True,True,2026-08-08T00:56:44.307745,synthetic,illustrative_synthetic
2024/example-album-1,8.5,True,69,2025-02-21 06:36:53.427561,True,True,2026-08-08T00:56:44.307745,synthetic,illustrative_synthetic
2024/example-album-1,4.2,True,874,2025-02-24 01:41:46.007067,False,True,2026-08-08T00:56:44.307745,synthetic,illustrative_synthetic
2024/example-album-1,4.2,False,278,2025-02-26 20:46:38.586572,True,True,2026-08-08T00:56:44.307745,synthetic,illustrative_synthetic
2024/example-album-1,5.5,False,203,2025-03-01 15:51:31.166077,True,True,2026-08-08T00:56:44.307745,synthetic,illustrative_synthetic
2024/example-album-1,9.8,False,51,2025-03-04 10:56:23.745583,False,True,2026-08-08T00:56:44.307745,synthetic,illustrative_synthetic
2024/example-album-1,3.9,False,397,2025-03-07 06:01:16.325088,True,True,2026-08-08T00:56:44.307745,synthetic,illustrative_synthetic
2024/example-album-1,9.2,False,258,2025-03-10 01:06:08.904593,True,True,2026-08-08T00:56:44.307745,synthetic,illustrative_synthetic
2024/example-album-1,4.4,True,78,2025-03-12 20:11:01.484098,True,True,2026-08-08T00:56:44.307745,synthetic,illustrative_synthetic
2024/example-album-1,2.7,False,3,2025-03-15 15:15:54.063604,True,True,2026-08-08T00:56:44.307745,synthetic,illustrative_synthetic
2024/example-album-1,9.3,False,220,2025-03-18 10:20:46.643109,False,True,2026-08-08T00:56:44.307745,synthetic,illustrative_synthetic
2024/example-album-1,6.0,False,59,2025-03-21 05:25:39.222614,False,True,2026-08-08T00:56:44.307745,synthetic,illustrative_synthetic
2024/example-album-1,8.9,False,152,2025-03-24 00:30:31.802120,False,True,2026-08-08T00:56:44.307745,synthetic,illustrative_synthetic
2024/example-album-1,8.7,True,347,2025-03-26 19:35:24.381625,False,True,2026-08-08T00:56:44.307745,synthetic,illustrative_synthetic
2024/example-album-1,8.5,False,339,2025-03-29 14:40:16.961130,True,True,2026-08-08T00:56:44.307745,synthetic,illustrative_synthetic
2024/example-album-1,6.0,False,23,2025-04-01 09:45:09.540636,True,True,2026-08-08T00:56:44.307745,synthetic,illustrative_synthetic
2024/example-album-1,5.1,False,122,2025-04-04 04:50:02.120141,False,True,2026-08-08T00:56:44.307745,synthetic,illustrative_synthetic
2024/example-album-1,7.5,False,654,2025-04-06 23:54:54.699646,False,True,2026-08-08T00:56:44.307745,synthetic,illustrative_synthetic
2024/example-album-1,6.9,False,89,2025-04-09 18:59:47.279151,False,True,2026-08-08T00:56:44.307745,synthetic,illustrative_synthetic
2024/example-album-1,9.2,True,134,2025-04-12 14:04:39.858657,True,True,2026-08-08T00:56:44.307745,synthetic,illustrative_synthetic
2024/example-album-1,8.2,False,156,2025-04-15 09:09:32.438162,False,True,2026-08-08T00:56:44.307745,synthetic,illustrative_synthetic
2024/example-album-1,9.6,True,1,2025-04-18 04:14:25.017667,False,True,2026-08-08T00:56:44.307745,synthetic,illustrative_synthetic
2024/example-album-1,4.6,False,382,2025-04-20 23:19:17.597173,False,True,2026-08-08T00:56:44.307745,synthetic,illustrative_synthetic
2024/example-album-1,10.0,True,19,2025-04-23 18:24:10.176678,False,True,2026-08-08T00:56:44.307745,synthetic,illustrative_synthetic
2024/example-album-1,7.9,False,92,2025-04-26 13:29:02.756183,True,True,2026-08-08T00:56:44.307745,synthetic,illustrative_synthetic
2024/example-album-1,4.9,False,70,2025-04-29 08:33:55.335689,True,True,2026-08-08T00:56:44.307745,synthetic,illustrative_synthetic
2024/example-album-1,7.9,False,252,2025-05-02 03:38:47.915194,True,True,2026-08-08T00:56:44.307745,synthetic,illustrative_synthetic
2024/example-album-1,7.7,True,127,2025-05-04 22:43:40.494699,True,True,2026-08-08T00:56:44.307745,synthetic,illustrative_synthetic
2024/example-album-1,7.0,False,359,2025-05-07 17:48:33.074204,False,True,2026-08-08T00:56:44.307745,synthetic,illustrative_synthetic
2024/example-album-1,8.3,False,439,2025-05-10 12:53:25.653710,True,True,2026-08-08T00:56:44.307745,synthetic,illustrative_synthetic
2024/example-album-1,5.7,False,46,2025-05-13 07:58:18.233215,True,True,2026-08-08T00:56:44.307745,synthetic,illustrative_synthetic
2024/example-album-1,5.2,True,61,2025-05-16 03:03:10.812720,True,True,2026-08-08T00:56:44.307745,synthetic,illustrative_synthetic
2024/example-album-1,7.8,False,273,2025-05-18 22:08:03.392226,False,True,2026-08-08T00:56:44.307745,synthetic,illustrative_synthetic
2024/example-album-1,3.9,False,473,2025-05-21 17:12:55.971731,True,True,2026-08-08T00:56:44.307745,synthetic,illustrative_synthetic
2024/example-album-1,10.0,False,914,2025-05-24 12:17:48.551236,True,True,2026-08-08T00:56:44.307745,synthetic,illustrative_synthetic
2024/example-album-1,9.6,True,70,2025-05-27 07:22:41.130742,False,True,2026-08-08T00:56:44.307745,synthetic,illustrative_synthetic
2024/example-album-1,7.9,False,540,2025-05-30 02:27:33.710247,True,True,2026-08-08T00:56:44.307745,synthetic,illustrative_synthetic
2024/example-album-1,8.9,True,43,2025-06-01 21:32:26.289752,True,True,2026-08-08T00:56:44.307745,synthetic,illustrative_synthetic
2024/example-album-1,8.7,True,153,2025-06-04 16:37:18.869257,True,True,2026-08-08T00:56:44.307745,synthetic,illustrative_synthetic
2024/example-album-1,7.4,True,483,2025-06-07 11:42:11.448763,True,True,2026-08-08T00:56:44.307745,synthetic,illustrative_synthetic
2024/example-album-1,6.7,False,77,2025-06-10 06:47:04.028268,False,True,2026-08-08T00:56:44.307745,synthetic,illustrative_synthetic
2024/example-album-1,6.5,False,51,2025-06-13 01:51:56.607773,False,True,2026-08-08T00:56:44.307745,synthetic,illustrative_synthetic
2024/example-album-1,10.0,True,11,2025-06-15 20:56:49.187279,True,True,2026-08-08T00:56:44.307745,synthetic,illustrative_synthetic
2024/example-album-1,5.5,False,275,2025-06-18 16:01:41.766784,False,True,2026-08-08T00:56:44.307745,synthetic,illustrative_synthetic
2024/example-album-1,7.8,False,248,2025-06-21 11:06:34.346289,False,True,2026-08-08T00:56:44.307745,synthetic,illustrative_synthetic
2024/example-album-1,3.6,False,1103,2025-06-24 06:11:26.925795,True,True,2026-08-08T00:56:44.307745,synthetic,illustrative_synthetic
2024/example-album-1,6.5,False,196,2025-06-27 01:16:19.505300,True,True,2026-08-08T00:56:44.307745,synthetic,illustrative_synthetic
2024/example-album-1,7.8,False,59,2025-06-29 20:21:12.084805,True,True,2026-08-08T00:56:44.307745,synthetic,illustrative_synthetic
2024/example-album-1,7.1,True,136,2025-07-02 15:26:04.664310,False,True,2026-08-08T00:56:44.307745,synthetic,illustrative_synthetic
2024/example-album-1,4.5,False,18,2025-07-05 10:30:57.243816,True,True,2026-08-08T00:56:44.307745,synthetic,illustrative_synthetic
2024/example-album-1,9.8,False,322,2025-07-08 05:35:49.823321,True,True,2026-08-08T00:56:44.307745,synthetic,illustrative_synthetic
2024/example-album-1,8.4,False,383,2025-07-11 00:40:42.402826,False,True,2026-08-08T00:56:44.307745,synthetic,illustrative_synthetic
2024/example-album-1,8.0,False,73,2025-07-13 19:45:34.982332,False,True,2026-08-08T00:56:44.307745,synthetic,illustrative_synthetic
2024/example-album-1,7.3,False,89,2025-07-16 14:50:27.561837,False,True,2026-08-08T00:56:44.307745,synthetic,illustrative_synthetic
2024/example-album-1,5.5,False,23,2025-07-19 09:55:20.141342,False,True,2026-08-08T00:56:44.307745,synthetic,illustrative_synthetic
2024/example-album-1,7.7,False,23,2025-07-22 05:00:12.720848,True,True,2026-08-08T00:56:44.307745,synthetic,illustrative_synthetic
2024/example-album-1,8.1,False,165,2025-07-25 00:05:05.300353,False,True,2026-08-08T00:56:44.307745,synthetic,illustrative_synthetic
2024/example-album-1,8.3,False,223,2025-07-27 19:09:57.879858,True,True,2026-08-08T00:56:44.307745,synthetic,illustrative_synthetic
2024/example-album-1,7.2,False,3,2025-07-30 14:14:50.459363,True,True,2026-08-08T00:56:44.307745,synthetic,illustrative_synthetic
2024/example-album-1,7.6,False,323,2025-08-02 09:19:43.038869,False,True,2026-08-08T00:56:44.307745,synthetic,illustrative_synthetic
2024/example-album-1,5.0,True,101,2025-08-05 04:24:35.618374,True,True,2026-08-08T00:56:44.307745,synthetic,illustrative_synthetic
2024/example-album-1,5.4,False,245,2025-08-07 23:29:28.197879,True,True,2026-08-08T00:56:44.307745,synthetic,illustrative_synthetic
2024/example-album-1,6.9,False,230,2025-08-10 18:34:20.777385,False,True,2026-08-08T00:56:44.307745,synthetic,illustrative_synthetic
2024/example-album-1,10.0,False,462,2025-08-13 13:39:13.356890,True,True,2026-08-08T00:56:44.307745,synthetic,illustrative_synthetic
2024/example-album-1,6.2,False,587,2025-08-16 08:44:05.936395,True,True,2026-08-08T00:56:44.307745,synthetic,illustrative_synthetic
2024/example-album-1,6.1,False,569,2025-08-19 03:48:58.515901,False,True,2026-08-08T00:56:44.307745,synthetic,illustrative_synthetic
2024/example-album-1,3.5,False,119,2025-08-21 22:53:51.095406,False,True,2026-08-08T00:56:44.307745,synthetic,illustrative_synthetic
2024/example-album-1,8.9,False,284,2025-08-24 17:58:43.674911,False,True,2026-08-08T00:56:44.307745,synthetic,illustrative_synthetic
2024/example-album-1,4.2,False,48,2025-08-27 13:03:36.254416,True,True,2026-08-08T00:56:44.307745,synthetic,illustrative_synthetic
2024/example-album-1,5.7,False,182,2025-08-30 08:08:28.833922,True,True,2026-08-08T00:56:44.307745,synthetic,illustrative_synthetic
2024/example-album-1,9.9,False,107,2025-09-02 03:13:21.413427,False,True,2026-08-08T00:56:44.307745,synthetic,illustrative_synthetic
2024/example-album-1,6.9,False,117,2025-09-04 22:18:13.992932,True,True,2026-08-08T00:56:44.307745,synthetic,illustrative_synthetic
2024/example-album-1,6.6,True,441,2025-09-07 17:23:06.572438,True,True,2026-08-08T00:56:44.307745,synthetic,illustrative_synthetic
2024/example-album-1,3.3,False,693,2025-09-10 12:27:59.151943,True,True,2026-08-08T00:56:44.307745,synthetic,illustrative_synthetic
2024/example-album-1,7.3,True,121,2025-09-13 07:32:51.731448,True,True,2026-08-08T00:56:44.307745,synthetic,illustrative_synthetic
2024/example-album-1,6.5,False,493,2025-09-16 02:37:44.310954,True,True,2026-08-08T00:56:44.307745,synthetic,illustrative_synthetic
2024/example-album-1,5.7,False,169,2025-09-18 21:42:36.890459,False,True,2026-08-08T00:56:44.307745,synthetic,illustrative_synthetic
2024/example-album-1,9.1,False,92,2025-09-21 16:47:29.469964,False,True,2026-08-08T00:56:44.307745,synthetic,illustrative_synthetic
2024/example-album-1,10.0,False,145,2025-09-24 11:52:22.049469,True,True,2026-08-08T00:56:44.307745,synthetic,illustrative_synthetic
2024/example-album-1,5.1,False,105,2025-09-27 06:57:14.628975,False,True,2026-08-08T00:56:44.307745,synthetic,illustrative_synthetic
2024/example-album-1,8.3,True,46,2025-09-30 02:02:07.208480,True,True,2026-08-08T00:56:44.307745,synthetic,illustrative_synthetic
2024/example-album-1,9.4,False,13,2025-10-02 21:06:59.787985,True,True,2026-08-08T00:56:44.307745,synthetic,illustrative_synthetic
2024/example-album-1,6.7,False,8,2025-10-05 16:11:52.367491,False,True,2026-08-08T00:56:44.307745,synthetic,illustrative_synthetic
2024/example-album-1,4.4,True,374,2025-10-08 11:16:44.946996,True,True,2026-08-08T00:56:44.307745,synthetic,illustrative_synthetic
2024/example-album-1,9.7,True,243,2025-10-11 06:21:37.526501,False,True,2026-08-08T00:56:44.307745,synthetic,illustrative_synthetic
2024/example-album-1,4.3,False,126,2025-10-14 01:26:30.106007,True,True,2026-08-08T00:56:44.307745,synthetic,illustrative_synthetic
2024/example-album-1,10.0,True,186,2025-10-16 20:31:22.685512,True,True,2026-08-08T00:56:44.307745,synthetic,illustrative_synthetic
2024/example-album-1,5.7,False,1280,2025-10-19 15:36:15.265017,True,True,2026-08-08T00:56:44.307745,synthetic,illustrative_synthetic
2024/example-album-1,4.0,True,163,2025-10-22 10:41:07.844522,True,True,2026-08-08T00:56:44.307745,synthetic,illustrative_synthetic
2024/example-album-1,6.2,True,70,2025-10-25 05:46:00.424028,False,True,2026-08-08T00:56:44.307745,synthetic,illustrative_synthetic
2024/example-album-1,7.1,False,357,2025-10-28 00:50:53.003533,False,True,2026-08-08T00:56:44.307745,synthetic,illustrative_synthetic
2024/example-album-1,7.5,True,37,2025-10-30 19:55:45.583038,True,True,2026-08-08T00:56:44.307745,synthetic,illustrative_synthetic
2024/example-album-1,8.4,True,261,2025-11-02 15:00:38.162544,True,True,2026-08-08T00:56:44.307745,synthetic,illustrative_synthetic
2024/example-album-1,7.7,False,160,2025-11-05 10:05:30.742049,False,True,2026-08-08T00:56:44.307745,synthetic,illustrative_synthetic
2024/example-album-1,10.0,False,234,2025-11-08 05:10:23.321554,False,True,2026-08-08T00:56:44.307745,synthetic,illustrative_synthetic
2024/example-album-1,7.0,False,96,2025-11-11 00:15:15.901060,True,True,2026-08-08T00:56:44.307745,synthetic,illustrative_synthetic
2024/example-album-1,7.8,True,146,2025-11-13 19:20:08.480565,True,True,2026-08-08T00:56:44.307745,synthetic,illustrative_synthetic
2024/example-album-1,7.6,False,414,2025-11-16 14:25:01.060070,True,True,2026-08-08T00:56:44.307745,synthetic,illustrative_synthetic
2024/example-album-1,3.8,False,26,2025-11-19 09:29:53.639575,True,True,2026-08-08T00:56:44.307745,synthetic,illustrative_synthetic
2024/example-album-1,4.8,False,469,2025-11-22 04:34:46.219081,True,True,2026-08-08T00:56:44.307745,synthetic,illustrative_synthetic
2024/example-album-1,7.3,False,532,2025-11-24 23:39:38.798586,True,True,2026-08-08T00:56:44.307745,synthetic,illustrative_synthetic
2024/example-album-1,8.1,False,140,2025-11-27 18:44:31.378091,True,True,2026-08-08T00:56:44.307745,synthetic,illustrative_synthetic
2024/example-album-1,3.1,False,369,2025-11-30 13:49:23.957597,True,True,2026-08-08T00:56:44.307745,synthetic,illustrative_synthetic
2024/example-album-1,10.0,False,290,2025-12-03 08:54:16.537102,True,True,2026-08-08T00:56:44.307745,synthetic,illustrative_synthetic
2024/example-album-1,8.2,False,215,2025-12-06 03:59:09.116607,False,True,2026-08-08T00:56:44.307745,synthetic,illustrative_synthetic
2024/example-album-1,7.2,False,412,2025-12-08 23:04:01.696113,True,True,2026-08-08T00:56:44.307745,synthetic,illustrative_synthetic
2024/example-album-1,8.1,False,126,2025-12-11 18:08:54.275618,True,True,2026-08-08T00:56:44.307745,synthetic,illustrative_synthetic
2024/example-album-1,6.1,False,546,2025-12-14 13:13:46.855123,True,True,2026-08-08T00:56:44.307745,synthetic,illustrative_synthetic
2024/example-album-1,7.5,False,727,2025-12-17 08:18:39.434628,True,True,2026-08-08T00:56:44.307745,synthetic,illustrative_synthetic
2024/example-album-1,7.9,False,284,2025-12-20 03:23:32.014134,False,True,2026-08-08T00:56:44.307745,synthetic,illustrative_synthetic
2024/example-album-1,6.9,False,62,2025-12-22 22:28:24.593639,True,True,2026-08-08T00:56:44.307745,synthetic,illustrative_synthetic
2024/example-album-1,8.0,False,13,2025-12-25 17:33:17.173144,True,True,2026-08-08T00:56:44.307745,synthetic,illustrative_synthetic
2024/example-album-1,5.4,False,148,2025-12-28 12:38:09.752650,False,True,2026-08-08T00:56:44.307745,synthetic,illustrative_synthetic
2024/example-album-1,6.7,False,20,2025-12-31 07:43:02.332155,False,True,2026-08-08T00:56:44.307745,synthetic,illustrative_synthetic
2024/example-album-1,6.3,True,137,2026-01-03 02:47:54.911660,False,True,2026-08-08T00:56:44.307745,synthetic,illustrative_synthetic
2024/example-album-1,5.5,False,732,2026-01-05 21:52:47.491166,True,True,2026-08-08T00:56:44.307745,synthetic,illustrative_synthetic
2024/example-album-1,6.9,False,423,2026-01-08 16:57:40.070671,True,True,2026-08-08T00:56:44.307745,synthetic,illustrative_synthetic
2024/example-album-1,8.2,False,23,2026-01-11 12:02:32.650176,False,True,2026-08-08T00:56:44.307745,synthetic,illustrative_synthetic
2024/example-album-1,6.4,False,67,2026-01-14 07:07:25.229681,True,True,2026-08-08T00:56:44.307745,synthetic,illustrative_synthetic
2024/example-album-1,8.3,False,330,2026-01-17 02:12:17.809187,False,True,2026-08-08T00:56:44.307745,synthetic,illustrative_synthetic
2024/example-album-1,7.2,False,914,2026-01-19 21:17:10.388692,False,True,2026-08-08T00:56:44.307745,synthetic,illustrative_synthetic
2024/example-album-1,5.3,False,391,2026-01-22 16:22:02.968197,True,True,2026-08-08T00:56:44.307745,synthetic,illustrative_synthetic
2024/example-album-1,7.9,True,45,2026-01-25 11:26:55.547703,True,True,2026-08-08T00:56:44.307745,synthetic,illustrative_synthetic
2024/example-album-1,7.6,False,148,2026-01-28 06:31:48.127208,True,True,2026-08-08T00:56:44.307745,synthetic,illustrative_synthetic
2024/example-album-1,8.4,False,468,2026-01-31 01:36:40.706713,True,True,2026-08-08T00:56:44.307745,synthetic,illustrative_synthetic
2024/example-album-1,8.1,False,250,2026-02-02 20:41:33.286219,False,True,2026-08-08T00:56:44.307745,synthetic,illustrative_synthetic
2024/example-album-1,7.5,False,135,2026-02-05 15:46:25.865724,False,True,2026-08-08T00:56:44.307745,synthetic,illustrative_synthetic
2024/example-album-1,7.6,True,1796,2026-02-08 10:51:18.445229,True,True,2026-08-08T00:56:44.307745,synthetic,illustrative_synthetic
2024/example-album-1,5.5,False,374,2026-02-11 05:56:11.024734,False,True,2026-08-08T00:56:44.307745,synthetic,illustrative_synthetic
2024/example-album-1,10.0,False,192,2026-02-14 01:01:03.604240,True,True,2026-08-08T00:56:44.307745,synthetic,illustrative_synthetic
2024/example-album-1,7.1,False,339,2026-02-16 20:05:56.183745,False,True,2026-08-08T00:56:44.307745,synthetic,illustrative_synthetic
2024/example-album-1,6.0,True,78,2026-02-19 15:10:48.763250,True,True,2026-08-08T00:56:44.307745,synthetic,illustrative_synthetic
2024/example-album-1,5.7,False,549,2026-02-22 10:15:41.342756,False,True,2026-08-08T00:56:44.307745,synthetic,illustrative_synthetic
2024/example-album-1,3.8,False,218,2026-02-25 05:20:33.922261,False,True,2026-08-08T00:56:44.307745,synthetic,illustrative_synthetic
2024/example-album-1,3.6,False,351,2026-02-28 00:25:26.501766,True,True,2026-08-08T00:56:44.307745,synthetic,illustrative_synthetic
2024/example-album-1,10.0,False,1567,2026-03-02 19:30:19.081272,True,True,2026-08-08T00:56:44.307745,synthetic,illustrative_synthetic
2024/example-album-1,3.7,True,207,2026-03-05 14:35:11.660777,False,True,2026-08-08T00:56:44.307745,synthetic,illustrative_synthetic
2024/example-album-1,5.5,False,192,2026-03-08 09:40:04.240282,True,True,2026-08-08T00:56:44.307745,synthetic,illustrative_synthetic
2024/example-album-1,6.4,False,228,2026-03-11 04:44:56.819788,False,True,2026-08-08T00:56:44.307745,synthetic,illustrative_synthetic
2024/example-album-1,6.6,False,126,2026-03-13 23:49:49.399293,False,True,2026-08-08T00:56:44.307745,synthetic,illustrative_synthetic
2024/example-album-1,6.5,True,256,2026-03-16 18:54:41.978798,False,True,2026-08-08T00:56:44.307745,synthetic,illustrative_synthetic
2024/example-album-1,6.6,False,21,2026-03-19 13:59:34.558303,True,True,2026-08-08T00:56:44.307745,synthetic,illustrative_synthetic
2024/example-album-1,7.8,False,581,2026-03-22 09:04:27.137809,False,True,2026-08-08T00:56:44.307745,synthetic,illustrative_synthetic
2024/example-album-1,6.1,False,1341,2026-03-25 04:09:19.717314,False,True,2026-08-08T00:56:44.307745,synthetic,illustrative_synthetic
2024/example-album-1,7.6,False,203,2026-03-27 23:14:12.296819,True,True,2026-08-08T00:56:44.307745,synthetic,illustrative_synthetic
2024/example-album-1,6.9,True,3,2026-03-30 18:19:04.876325,True,True,2026-08-08T00:56:44.307745,synthetic,illustrative_synthetic
2024/example-album-1,8.8,False,102,2026-04-02 13:23:57.455830,True,True,2026-08-08T00:56:44.307745,synthetic,illustrative_synthetic
2024/example-album-1,8.9,False,3,2026-04-05 08:28:50.035335,False,True,2026-08-08T00:56:44.307745,synthetic,illustrative_synthetic
2024/example-album-1,6.1,False,50,2026-04-08 03:33:42.614841,True,True,2026-08-08T00:56:44.307745,synthetic,illustrative_synthetic
2024/example-album-1,7.8,True,708,2026-04-10 22:38:35.194346,True,True,2026-08-08T00:56:44.307745,synthetic,illustrative_synthetic
2024/example-album-1,9.2,False,150,2026-04-13 17:43:27.773851,True,True,2026-08-08T00:56:44.307745,synthetic,illustrative_synthetic
2024/example-album-1,5.2,False,201,2026-04-16 12:48:20.353356,False,True,2026-08-08T00:56:44.307745,synthetic,illustrative_synthetic
2024/example-album-1,6.9,True,243,2026-04-19 07:53:12.932862,True,True,2026-08-08T00:56:44.307745,synthetic,illustrative_synthetic
2024/example-album-1,7.8,False,70,2026-04-22 02:58:05.512367,False,True,2026-08-08T00:56:44.307745,synthetic,illustrative_synthetic
2024/example-album-1,8.5,True,571,2026-04-24 22:02:58.091872,False,True,2026-08-08T00:56:44.307745,synthetic,illustrative_synthetic
2024/example-album-1,4.6,True,297,2026-04-27 17:07:50.671378,False,True,2026-08-08T00:56:44.307745,synthetic,illustrative_synthetic
2024/example-album-1,7.1,False,311,2026-04-30 12:12:43.250883,False,True,2026-08-08T00:56:44.307745,synthetic,illustrative_synthetic
2024/example-album-1,6.0,False,223,2026-05-03 07:17:35.830388,True,True,2026-08-08T00:56:44.307745,synthetic,illustrative_synthetic
2024/example-album-1,10.0,False,367,2026-05-06 02:22:28.409894,False,True,2026-08-08T00:56:44.307745,synthetic,illustrative_synthetic
2024/example-album-1,8.4,True,161,2026-05-08 21:27:20.989399,True,True,2026-08-08T00:56:44.307745,synthetic,illustrative_synthetic
2024/example-album-1,6.7,False,449,2026-05-11 16:32:13.568904,False,True,2026-08-08T00:56:44.307745,synthetic,illustrative_synthetic
2024/example-album-1,4.9,False,247,2026-05-14 11:37:06.148409,True,True,2026-08-08T00:56:44.307745,synthetic,illustrative_synthetic
2024/example-album-1,6.4,False,14,2026-05-17 06:41:58.727915,False,True,2026-08-08T00:56:44.307745,synthetic,illustrative_synthetic
2024/example-album-1,6.6,False,28,2026-05-20 01:46:51.307420,False,True,2026-08-08T00:56:44.307745,synthetic,illustrative_synthetic
2024/example-album-1,9.0,False,142,2026-05-22 20:51:43.886925,True,True,2026-08-08T00:56:44.307745,synthetic,illustrative_synthetic
2024/example-album-1,5.3,False,9,2026-05-25 15:56:36.466431,False,True,2026-08-08T00:56:44.307745,synthetic,illustrative_synthetic
2024/example-album-1,6.8,True,24,2026-05-28 11:01:29.045936,True,True,2026-08-08T00:56:44.307745,synthetic,illustrative_synthetic
2024/example-album-1,7.5,False,138,2026-05-31 06:06:21.625441,True,True,2026-08-08T00:56:44.307745,synthetic,illustrative_synthetic
2024/example-album-1,5.9,True,103,2026-06-03 01:11:14.204947,True,True,2026-08-08T00:56:44.307745,synthetic,illustrative_synthetic
2024/example-album-1,9.3,False,308,2026-06-05 20:16:06.784452,True,True,2026-08-08T00:56:44.307745,synthetic,illustrative_synthetic
2024/example-album-1,6.9,True,87,2026-06-08 15:20:59.363957,True,True,2026-08-08T00:56:44.307745,synthetic,illustrative_synthetic
2024/example-album-1,10.0,False,93,2026-06-11 10:25:51.943462,False,True,2026-08-08T00:56:44.307745,synthetic,illustrative_synthetic
2024/example-album-1,8.9,False,137,2026-06-14 05:30:44.522968,True,True,2026-08-08T00:56:44.307745,synthetic,illustrative_synthetic
2024/example-album-1,6.9,False,11,2026-06-17 00:35:37.102473,True,True,2026-08-08T00:56:44.307745,synthetic,illustrative_synthetic
2024/example-album-1,6.3,False,306,2026-06-19 19:40:29.681978,False,True,2026-08-08T00:56:44.307745,synthetic,illustrative_synthetic
2024/example-album-1,8.7,False,396,2026-06-22 14:45:22.261484,False,True,2026-08-08T00:56:44.307745,synthetic,illustrative_synthetic
2024/example-album-1,7.5,True,1057,2026-06-25 09:50:14.840989,True,True,2026-08-08T00:56:44.307745,synthetic,illustrative_synthetic
2024/example-album-1,5.1,False,452,2026-06-28 04:55:07.420494,False,True,2026-08-08T00:56:44.307745,synthetic,illustrative_synthetic
2024/example-album-1,6.6,False,112,2026-07-01 00:00:00.000000,True,True,2026-08-08T00:56:44.307745,synthetic,illustrative_synthetic
2023/example-album-2,7.8,True,683,2020-01-01 00:00:00.000000,True,True,2026-08-08T00:56:44.307745,synthetic,illustrative_synthetic
2023/example-album-2,6.8,False,200,2020-01-03 22:39:36.178660,False,True,2026-08-08T00:56:44.307745,synthetic,illustrative_synthetic
2023/example-album-2,8.4,False,656,2020-01-06 21:19:12.357320,False,True,2026-08-08T00:56:44.307745,synthetic,illustrative_synthetic
2023/example-album-2,7.2,False,945,2020-01-09 19:58:48.535980,True,True,2026-08-08T00:56:44.307745,synthetic,illustrative_synthetic
2023/example-album-2,7.9,True,623,2020-01-12 18:38:24.714640,False,True,2026-08-08T00:56:44.307745,synthetic,illustrative_synthetic
2023/example-album-2,5.7,True,695,2020-01-15 17:18:00.893300,False,True,2026-08-08T00:56:44.307745,synthetic,illustrative_synthetic
2023/example-album-2,10.0,False,157,2020-01-18 15:57:37.071960,True,True,2026-08-08T00:56:44.307745,synthetic,illustrative_synthetic
2023/example-album-2,6.2,False,3372,2020-01-21 14:37:13.250620,True,True,2026-08-08T00:56:44.307745,synthetic,illustrative_synthetic
2023/example-album-2,10.0,True,298,2020-01-24 13:16:49.429280,True,True,2026-08-08T00:56:44.307745,synthetic,illustrative_synthetic
2023/example-album-2,6.9,False,240,2020-01-27 11:56:25.607940,True,True,2026-08-08T00:56:44.307745,synthetic,illustrative_synthetic
2023/example-album-2,8.7,False,1810,2020-01-30 10:36:01.786600,True,True,2026-08-08T00:56:44.307745,synthetic,illustrative_synthetic
2023/example-album-2,8.5,False,1082,2020-02-02 09:15:37.965260,False,True,2026-08-08T00:56:44.307745,synthetic,illustrative_synthetic
2023/example-album-2,9.3,True,124,2020-02-05 07:55:14.143920,True,True,2026-08-08T00:56:44.307745,synthetic,illustrative_synthetic
2023/example-album-2,5.7,True,48,2020-02-08 06:34:50.322580,False,True,2026-08-08T00:56:44.307745,synthetic,illustrative_synthetic
2023/example-album-2,9.1,False,307,2020-02-11 05:14:26.501240,False,True,2026-08-08T00:56:44.307745,synthetic,illustrative_synthetic
2023/example-album-2,10.0,False,3078,2020-02-14 03:54:02.679900,False,True,2026-08-08T00:56:44.307745,synthetic,illustrative_synthetic
2023/example-album-2,6.7,True,1251,2020-02-17 02:33:38.858560,True,True,2026-08-08T00:56:44.307745,synthetic,illustrative_synthetic
2023/example-album-2,7.3,False,565,2020-02-20 01:13:15.037220,True,True,2026-08-08T00:56:44.307745,synthetic,illustrative_synthetic
2023/example-album-2,6.3,True,10,2020-02-22 23:52:51.215880,False,True,2026-08-08T00:56:44.307745,synthetic,illustrative_synthetic
2023/example-album-2,6.6,True,340,2020-02-25 22:32:27.394540,True,True,2026-08-08T00:56:44.307745,synthetic,illustrative_synthetic
2023/example-album-2,10.0,False,285,2020-02-28 21:12:03.573200,True,True,2026-08-08T00:56:44.307745,synthetic,illustrative_synthetic
2023/example-album-2,5.4,False,2334,2020-03-02 19:51:39.751861,False,True,2026-08-08T00:56:44.307745,synthetic,illustrative_synthetic
2023/example-album-2,5.5,True,18,2020-03-05 18:31:15.930521,True,True,2026-08-08T00:56:44.307745,synthetic,illustrative_synthetic
2023/example-album-2,10.0,False,13,2020-03-08 17:10:52.109181,True,True,2026-08-08T00:56:44.307745,synthetic,illustrative_synthetic
2023/example-album-2,8.3,False,878,2020-03-11 15:50:28.287841,True,True,2026-08-08T00:56:44.307745,synthetic,illustrative_synthetic
2023/example-album-2,10.0,False,109,2020-03-14 14:30:04.466501,True,True,2026-08-08T00:56:44.307745,synthetic,illustrative_synthetic
2023/example-album-2,6.4,True,383,2020-03-17 13:09:40.645161,False,True,2026-08-08T00:56:44.307745,synthetic,illustrative_synthetic
2023/example-album-2,7.4,True,76,2020-03-20 11:49:16.823821,True,True,2026-08-08T00:56:44.307745,synthetic,illustrative_synthetic
2023/example-album-2,6.0,True,159,2020-03-23 10:28:53.002481,False,True,2026-08-08T00:56:44.307745,synthetic,illustrative_synthetic
2023/example-album-2,7.5,False,332,2020-03-26 09:08:29.181141,False,True,2026-08-08T00:56:44.307745,synthetic,illustrative_synthetic
2023/example-album-2,4.0,False,737,2020-03-29 07:48:05.359801,True,True,2026-08-08T00:56:44.307745,synthetic,illustrative_synthetic
2023/example-album-2,8.4,True,1085,2020-04-01 06:27:41.538461,True,True,2026-08-08T00:56:44.307745,synthetic,illustrative_synthetic
2023/example-album-2,7.8,False,649,2020-04-04 05:07:17.717121,True,True,2026-08-08T00:56:44.307745,synthetic,illustrative_synthetic
2023/example-album-2,7.1,False,20,2020-04-07 03:46:53.895781,False,True,2026-08-08T00:56:44.307745,synthetic,illustrative_synthetic
2023/example-album-2,6.5,True,401,2020-04-10 02:26:30.074441,False,True,2026-08-08T00:56:44.307745,synthetic,illustrative_synthetic
2023/example-album-2,5.6,True,143,2020-04-13 01:06:06.253101,True,True,2026-08-08T00:56:44.307745,synthetic,illustrative_synthetic
2023/example-album-2,8.5,True,151,2020-04-15 23:45:42.431761,True,True,2026-08-08T00:56:44.307745,synthetic,illustrative_synthetic
2023/example-album-2,5.1,True,506,2020-04-18 22:25:18.610421,True,True,2026-08-08T00:56:44.307745,synthetic,illustrative_synthetic
2023/example-album-2,8.1,False,1068,2020-04-21 21:04:54.789081,True,True,2026-08-08T00:56:44.307745,synthetic,illustrative_synthetic
2023/example-album-2,10.0,True,196,2020-04-24 19:44:30.967741,True,True,2026-08-08T00:56:44.307745,synthetic,illustrative_synthetic
2023/example-album-2,9.9,False,1219,2020-04-27 18:24:07.146401,True,True,2026-08-08T00:56:44.307745,synthetic,illustrative_synthetic
2023/example-album-2,4.5,False,1081,2020-04-30 17:03:43.325062,False,True,2026-08-08T00:56:44.307745,synthetic,illustrative_synthetic
2023/example-album-2,6.2,False,2070,2020-05-03 15:43:19.503722,True,True,2026-08-08T00:56:44.307745,synthetic,illustrative_synthetic
2023/example-album-2,8.0,False,1572,2020-05-06 14:22:55.682382,True,True,2026-08-08T00:56:44.307745,synthetic,illustrative_synthetic
2023/example-album-2,7.1,False,572,2020-05-09 13:02:31.861042,False,True,2026-08-08T00:56:44.307745,synthetic,illustrative_synthetic
2023/example-album-2,4.7,False,175,2020-05-12 11:42:08.039702,False,True,2026-08-08T00:56:44.307745,synthetic,illustrative_synthetic
2023/example-album-2,7.9,False,911,2020-05-15 10:21:44.218362,True,True,2026-08-08T00:56:44.307745,synthetic,illustrative_synthetic
2023/example-album-2,7.2,False,2436,2020-05-18 09:01:20.397022,False,True,2026-08-08T00:56:44.307745,synthetic,illustrative_synthetic
2023/example-album-2,10.0,True,1632,2020-05-21 07:40:56.575682,True,True,2026-08-08T00:56:44.307745,synthetic,illustrative_synthetic
2023/example-album-2,6.7,False,306,2020-05-24 06:20:32.754342,False,True,2026-08-08T00:56:44.307745,synthetic,illustrative_synthetic
2023/example-album-2,9.3,True,2897,2020-05-27 05:00:08.933002,True,True,2026-08-08T00:56:44.307745,synthetic,illustrative_synthetic
2023/example-album-2,4.9,False,210,2020-05-30 03:39:45.111662,False,True,2026-08-08T00:56:44.307745,synthetic,illustrative_synthetic
2023/example-album-2,5.3,False,615,2020-06-02 02:19:21.290322,True,True,2026-08-08T00:56:44.307745,synthetic,illustrative_synthetic
2023/example-album-2,8.5,False,511,2020-06-05 00:58:57.468982,False,True,2026-08-08T00:56:44.307745,synthetic,illustrative_synthetic
2023/example-album-2,9.2,False,1562,2020-06-07 23:38:33.647642,False,True,2026-08-08T00:56:44.307745,synthetic,illustrative_synthetic
2023/example-album-2,5.5,False,475,2020-06-10 22:18:09.826302,True,True,2026-08-08T00:56:44.307745,synthetic,illustrative_synthetic
2023/example-album-2,7.2,False,1058,2020-06-13 20:57:46.004962,True,True,2026-08-08T00:56:44.307745,synthetic,illustrative_synthetic
2023/example-album-2,4.7,False,387,2020-06-16 19:37:22.183622,True,True,2026-08-08T00:56:44.307745,synthetic,illustrative_synthetic
2023/example-album-2,6.9,False,168,2020-06-19 18:16:58.362282,True,True,2026-08-08T00:56:44.307745,synthetic,illustrative_synthetic
2023/example-album-2,8.7,False,1283,2020-06-22 16:56:34.540942,False,True,2026-08-08T00:56:44.307745,synthetic,illustrative_synthetic
2023/example-album-2,6.4,True,592,2020-06-25 15:36:10.719602,False,True,2026-08-08T00:56:44.307745,synthetic,illustrative_synthetic
2023/example-album-2,6.8,False,1298,2020-06-28 14:15:46.898263,True,True,2026-08-08T00:56:44.307745,synthetic,illustrative_synthetic
2023/example-album-2,5.2,True,603,2020-07-01 12:55:23.076923,True,True,2026-08-08T00:56:44.307745,synthetic,illustrative_synthetic
2023/example-album-2,6.0,False,335,2020-07-04 11:34:59.255583,False,True,2026-08-08T00:56:44.307745,synthetic,illustrative_synthetic
2023/example-album-2,10.0,False,389,2020-07-07 10:14:35.434243,True,True,2026-08-08T00:56:44.307745,synthetic,illustrative_synthetic
2023/example-album-2,7.3,False,3719,2020-07-10 08:54:11.612903,False,True,2026-08-08T00:56:44.307745,synthetic,illustrative_synthetic
2023/example-album-2,5.4,False,1711,2020-07-13 07:33:47.791563,True,True,2026-08-08T00:56:44.307745,synthetic,illustrative_synthetic
2023/example-album-2,6.6,False,1540,2020-07-16 06:13:23.970223,True,True,2026-08-08T00:56:44.307745,synthetic,illustrative_synthetic
2023/example-album-2,4.3,False,1164,2020-07-19 04:53:00.148883,True,True,2026-08-08T00:56:44.307745,synthetic,illustrative_synthetic
2023/example-album-2,5.4,False,145,2020-07-22 03:32:36.327543,True,True,2026-08-08T00:56:44.307745,synthetic,illustrative_synthetic
2023/example-album-2,9.6,False,825,2020-07-25 02:12:12.506203,False,True,2026-08-08T00:56:44.307745,synthetic,illustrative_synthetic
2023/example-album-2,6.9,False,559,2020-07-28 00:51:48.684863,True,True,2026-08-08T00:56:44.307745,synthetic,illustrative_synthetic
2023/example-album-2,10.0,False,751,2020-07-30 23:31:24.863523,False,True,2026-08-08T00:56:44.307745,synthetic,illustrative_synthetic
2023/example-album-2,7.0,False,422,2020-08-02 22:11:01.042183,False,True,2026-08-08T00:56:44.307745,synthetic,illustrative_synthetic
2023/example-album-2,7.1,True,1606,2020-08-05 20:50:37.220843,True,True,2026-08-08T00:56:44.307745,synthetic,illustrative_synthetic
2023/example-album-2,8.4,True,1103,2020-08-08 19:30:13.399503,True,True,2026-08-08T00:56:44.307745,synthetic,illustrative_synthetic
2023/example-album-2,2.4,False,809,2020-08-11 18:09:49.578163,False,True,2026-08-08T00:56:44.307745,synthetic,illustrative_synthetic
2023/example-album-2,7.6,True,379,2020-08-14 16:49:25.756823,False,True,2026-08-08T00:56:44.307745,synthetic,illustrative_synthetic
2023/example-album-2,7.1,False,501,2020-08-17 15:29:01.935483,True,True,2026-08-08T00:56:44.307745,synthetic,illustrative_synthetic
2023/example-album-2,9.9,True,766,2020-08-20 14:08:38.114143,True,True,2026-08-08T00:56:44.307745,synthetic,illustrative_synthetic
2023/example-album-2,8.9,False,2,2020-08-23 12:48:14.292803,False,True,2026-08-08T00:56:44.307745,synthetic,illustrative_synthetic
2023/example-album-2,5.2,True,567,2020-08-26 11:27:50.471464,True,True,2026-08-08T00:56:44.307745,synthetic,illustrative_synthetic
2023/example-album-2,9.4,False,1079,2020-08-29 10:07:26.650124,False,True,2026-08-08T00:56:44.307745,synthetic,illustrative_synthetic
2023/example-album-2,6.7,False,1302,2020-09-01 08:47:02.828784,True,True,2026-08-08T00:56:44.307745,synthetic,illustrative_synthetic
2023/example-album-2,5.6,False,431,2020-09-04 07:26:39.007444,False,True,2026-08-08T00:56:44.307745,synthetic,illustrative_synthetic
2023/example-album-2,7.6,False,395,2020-09-07 06:06:15.186104,True,True,2026-08-08T00:56:44.307745,synthetic,illustrative_synthetic
2023/example-album-2,6.8,False,3061,2020-09-10 04:45:51.364764,False,True,2026-08-08T00:56:44.307745,synthetic,illustrative_synthetic
2023/example-album-2,10.0,False,148,2020-09-13 03:25:27.543424,True,True,2026-08-08T00:56:44.307745,synthetic,illustrative_synthetic
2023/example-album-2,7.8,False,497,2020-09-16 02:05:03.722084,True,True,2026-08-08T00:56:44.307745,synthetic,illustrative_synthetic
2023/example-album-2,7.6,True,504,2020-09-19 00:44:39.900744,True,True,2026-08-08T00:56:44.307745,synthetic,illustrative_synthetic
2023/example-album-2,8.8,True,830,2020-09-21 23:24:16.079404,False,True,2026-08-08T00:56:44.307745,synthetic,illustrative_synthetic
2023/example-album-2,9.2,False,695,2020-09-24 22:03:52.258064,True,True,2026-08-08T00:56:44.307745,synthetic,illustrative_synthetic
2023/example-album-2,8.6,False,695,2020-09-27 20:43:28.436724,True,True,2026-08-08T00:56:44.307745,synthetic,illustrative_synthetic
2023/example-album-2,9.8,False,375,2020-09-30 19:23:04.615384,False,True,2026-08-08T00:56:44.307745,synthetic,illustrative_synthetic
2023/example-album-2,8.3,False,1137,2020-10-03 18:02:40.794044,True,True,2026-08-08T00:56:44.307745,synthetic,illustrative_synthetic
2023/example-album-2,7.5,True,1300,2020-10-06 16:42:16.972704,True,True,2026-08-08T00:56:44.307745,synthetic,illustrative_synthetic
2023/example-album-2,9.4,False,1254,2020-10-09 15:21:53.151364,False,True,2026-08-08T00:56:44.307745,synthetic,illustrative_synthetic
2023/example-album-2,7.0,False,495,2020-10-12 14:01:29.330024,False,True,2026-08-08T00:56:44.307745,synthetic,illustrative_synthetic
2023/example-album-2,7.3,False,724,2020-10-15 12:41:05.508684,False,True,2026-08-08T00:56:44.307745,synthetic,illustrative_synthetic
2023/example-album-2,10.0,True,216,2020-10-18 11:20:41.687344,True,True,2026-08-08T00:56:44.307745,synthetic,illustrative_synthetic
2023/example-album-2,10.0,False,733,2020-10-21 10:00:17.866004,True,True,2026-08-08T00:56:44.307745,synthetic,illustrative_synthetic
2023/example-album-2,7.2,True,725,2020-10-24 08:39:54.044665,False,True,2026-08-08T00:56:44.307745,synthetic,illustrative_synthetic
2023/example-album-2,6.4,False,464,2020-10-27 07:19:30.223325,True,True,2026-08-08T00:56:44.307745,synthetic,illustrative_synthetic
2023/example-album-2,9.8,False,2692,2020-10-30 05:59:06.401985,False,True,2026-08-08T00:56:44.307745,synthetic,illustrative_synthetic
2023/example-album-2,8.6,False,241,2020-11-02 04:38:42.580645,True,True,2026-08-08T00:56:44.307745,synthetic,illustrative_synthetic
2023/example-album-2,7.8,True,40,2020-11-05 03:18:18.759305,False,True,2026-08-08T00:56:44.307745,synthetic,illustrative_synthetic
2023/example-album-2,6.6,False,2532,2020-11-08 01:57:54.937965,False,True,2026-08-08T00:56:44.307745,synthetic,illustrative_synthetic
2023/example-album-2,7.8,False,1557,2020-11-11 00:37:31.116625,True,True,2026-08-08T00:56:44.307745,synthetic,illustrative_synthetic
2023/example-album-2,7.2,False,115,2020-11-13 23:17:07.295285,True,True,2026-08-08T00:56:44.307745,synthetic,illustrative_synthetic
2023/example-album-2,6.0,False,442,2020-11-16 21:56:43.473945,True,True,2026-08-08T00:56:44.307745,synthetic,illustrative_synthetic
2023/example-album-2,7.4,False,142,2020-11-19 20:36:19.652605,True,True,2026-08-08T00:56:44.307745,synthetic,illustrative_synthetic
2023/example-album-2,7.7,False,699,2020-11-22 19:15:55.831265,False,True,2026-08-08T00:56:44.307745,synthetic,illustrative_synthetic
2023/example-album-2,6.5,False,132,2020-11-25 17:55:32.009925,True,True,2026-08-08T00:56:44.307745,synthetic,illustrative_synthetic
2023/example-album-2,8.8,False,775,2020-11-28 16:35:08.188585,True,True,2026-08-08T00:56:44.307745,synthetic,illustrative_synthetic
2023/example-album-2,9.5,False,295,2020-12-01 15:14:44.367245,True,True,2026-08-08T00:56:44.307745,synthetic,illustrative_synthetic
2023/example-album-2,8.9,False,2121,2020-12-04 13:54:20.545905,False,True,2026-08-08T00:56:44.307745,synthetic,illustrative_synthetic
2023/example-album-2,6.7,False,486,2020-12-07 12:33:56.724565,True,True,2026-08-08T00:56:44.307745,synthetic,illustrative_synthetic
2023/example-album-2,8.6,False,786,2020-12-10 11:13:32.903225,True,True,2026-08-08T00:56:44.307745,synthetic,illustrative_synthetic
2023/example-album-2,7.3,True,280,2020-12-13 09:53:09.081885,False,True,2026-08-08T00:56:44.307745,synthetic,illustrative_synthetic
2023/example-album-2,5.0,False,505,2020-12-16 08:32:45.260545,True,True,2026-08-08T00:56:44.307745,synthetic,illustrative_synthetic
2023/example-album-2,8.4,True,40,2020-12-19 07:12:21.439205,True,True,2026-08-08T00:56:44.307745,synthetic,illustrative_synthetic
2023/example-album-2,7.5,False,263,2020-12-22 05:51:57.617866,False,True,2026-08-08T00:56:44.307745,synthetic,illustrative_synthetic
2023/example-album-2,10.0,True,671,2020-12-25 04:31:33.796526,True,True,2026-08-08T00:56:44.307745,synthetic,illustrative_synthetic
2023/example-album-2,9.8,True,230,2020-12-28 03:11:09.975186,False,True,2026-08-08T00:56:44.307745,synthetic,illustrative_synthetic
2023/example-album-2,8.5,False,136,2020-12-31 01:50:46.153846,False,True,2026-08-08T00:56:44.307745,synthetic,illustrative_synthetic
2023/example-album-2,7.6,False,27,2021-01-03 00:30:22.332506,False,True,2026-08-08T00:56:44.307745,synthetic,illustrative_synthetic
2023/example-album-2,7.5,True,393,2021-01-05 23:09:58.511166,True,True,2026-08-08T00:56:44.307745,synthetic,illustrative_synthetic
2023/example-album-2,5.4,False,1623,2021-01-08 21:49:34.689826,True,True,2026-08-08T00:56:44.307745,synthetic,illustrative_synthetic
2023/example-album-2,4.1,False,991,2021-01-11 20:29:10.868486,True,True,2026-08-08T00:56:44.307745,synthetic,illustrative_synthetic
2023/example-album-2,5.6,False,2736,2021-01-14 19:08:47.047146,True,True,2026-08-08T00:56:44.307745,synthetic,illustrative_synthetic
2023/example-album-2,7.1,False,984,2021-01-17 17:48:23.225806,True,True,2026-08-08T00:56:44.307745,synthetic,illustrative_synthetic
2023/example-album-2,3.4,False,363,2021-01-20 16:27:59.404466,True,True,2026-08-08T00:56:44.307745,synthetic,illustrative_synthetic
2023/example-album-2,6.2,False,1540,2021-01-23 15:07:35.583126,False,True,2026-08-08T00:56:44.307745,synthetic,illustrative_synthetic
2023/example-album-2,6.8,False,1127,2021-01-26 13:47:11.761786,True,True,2026-08-08T00:56:44.307745,synthetic,illustrative_synthetic
2023/example-album-2,6.8,False,510,2021-01-29 12:26:47.940446,False,True,2026-08-08T00:56:44.307745,synthetic,illustrative_synthetic
2023/example-album-2,6.0,False,4032,2021-02-01 11:06:24.119106,False,True,2026-08-08T00:56:44.307745,synthetic,illustrative_synthetic
2023/example-album-2,6.6,False,2443,2021-02-04 09:46:00.297766,False,True,2026-08-08T00:56:44.307745,synthetic,illustrative_synthetic
2023/example-album-2,10.0,False,100,2021-02-07 08:25:36.476426,False,True,2026-08-08T00:56:44.307745,synthetic,illustrative_synthetic
2023/example-album-2,8.4,False,2509,2021-02-10 07:05:12.655086,False,True,2026-08-08T00:56:44.307745,synthetic,illustrative_synthetic
2023/example-album-2,6.2,False,654,2021-02-13 05:44:48.833746,True,True,2026-08-08T00:56:44.307745,synthetic,illustrative_synthetic
2023/example-album-2,7.1,False,806,2021-02-16 04:24:25.012406,True,True,2026-08-08T00:56:44.307745,synthetic,illustrative_synthetic
2023/example-album-2,7.1,False,1145,2021-02-19 03:04:01.191067,False,True,2026-08-08T00:56:44.307745,synthetic,illustrative_synthetic
2023/example-album-2,5.8,False,138,2021-02-22 01:43:37.369727,False,True,2026-08-08T00:56:44.307745,synthetic,illustrative_synthetic
2023/example-album-2,5.8,False,595,2021-02-25 00:23:13.548387,False,True,2026-08-08T00:56:44.307745,synthetic,illustrative_synthetic
2023/example-album-2,9.0,False,147,2021-02-27 23:02:49.727047,False,True,2026-08-08T00:56:44.307745,synthetic,illustrative_synthetic
2023/example-album-2,6.4,False,451,2021-03-02 21:42:25.905707,True,True,2026-08-08T00:56:44.307745,synthetic,illustrative_synthetic
2023/example-album-2,5.2,False,80,2021-03-05 20:22:02.084367,True,True,2026-08-08T00:56:44.307745,synthetic,illustrative_synthetic
2023/example-album-2,7.1,False,495,2021-03-08 19:01:38.263027,False,True,2026-08-08T00:56:44.307745,synthetic,illustrative_synthetic
2023/example-album-2,7.4,True,165,2021-03-11 17:41:14.441687,True,True,2026-08-08T00:56:44.307745,synthetic,illustrative_synthetic
2023/example-album-2,3.6,False,575,2021-03-14 16:20:50.620347,True,True,2026-08-08T00:56:44.307745,synthetic,illustrative_synthetic
2023/example-album-2,7.1,True,847,2021-03-17 15:00:26.799007,False,True,2026-08-08T00:56:44.307745,synthetic,illustrative_synthetic
2023/example-album-2,8.8,False,2282,2021-03-20 13:40:02.977667,False,True,2026-08-08T00:56:44.307745,synthetic,illustrative_synthetic
2023/example-album-2,8.0,True,730,2021-03-23 12:19:39.156327,True,True,2026-08-08T00:56:44.307745,synthetic,illustrative_synthetic
2023/example-album-2,10.0,False,875,2021-03-26 10:59:15.334987,False,True,2026-08-08T00:56:44.307745,synthetic,illustrative_synthetic
2023/example-album-2,9.5,False,14,2021-03-29 09:38:51.513647,True,True,2026-08-08T00:56:44.307745,synthetic,illustrative_synthetic
2023/example-album-2,9.8,True,769,2021-04-01 08:18:27.692307,False,True,2026-08-08T00:56:44.307745,synthetic,illustrative_synthetic
2023/example-album-2,10.0,False,430,2021-04-04 06:58:03.870967,True,True,2026-08-08T00:56:44.307745,synthetic,illustrative_synthetic
2023/example-album-2,8.6,False,712,2021-04-07 05:37:40.049627,False,True,2026-08-08T00:56:44.307745,synthetic,illustrative_synthetic
2023/example-album-2,7.5,True,211,2021-04-10 04:17:16.228287,True,True,2026-08-08T00:56:44.307745,synthetic,illustrative_synthetic
2023/example-album-2,9.0,False,431,2021-04-13 02:56:52.406947,True,True,2026-08-08T00:56:44.307745,synthetic,illustrative_synthetic
2023/example-album-2,6.2,True,1697,2021-04-16 01:36:28.585607,True,True,2026-08-08T00:56:44.307745,synthetic,illustrative_synthetic
2023/example-album-2,7.4,True,767,2021-04-19 00:16:04.764267,True,True,2026-08-08T00:56:44.307745,synthetic,illustrative_synthetic
2023/example-album-2,6.0,True,1328,2021-04-21 22:55:40.942928,True,True,2026-08-08T00:56:44.307745,synthetic,illustrative_synthetic
2023/example-album-2,7.9,False,560,2021-04-24 21:35:17.121588,False,True,2026-08-08T00:56:44.307745,synthetic,illustrative_synthetic
2023/example-album-2,6.0,False,111,2021-04-27 20:14:53.300248,False,True,2026-08-08T00:56:44.307745,synthetic,illustrative_synthetic
2023/example-album-2,6.0,False,0,2021-04-30 18:54:29.478908,True,True,2026-08-08T00:56:44.307745,synthetic,illustrative_synthetic
2023/example-album-2,7.9,False,548,2021-05-03 17:34:05.657568,False,True,2026-08-08T00:56:44.307745,synthetic,illustrative_synthetic
2023/example-album-2,7.0,False,665,2021-05-06 16:13:41.836228,False,True,2026-08-08T00:56:44.307745,synthetic,illustrative_synthetic
2023/example-album-2,3.7,False,303,2021-05-09 14:53:18.014888,False,True,2026-08-08T00:56:44.307745,synthetic,illustrative_synthetic
2023/example-album-2,4.6,False,634,2021-05-12 13:32:54.193548,True,True,2026-08-08T00:56:44.307745,synthetic,illustrative_synthetic
2023/example-album-2,5.1,False,1225,2021-05-15 12:12:30.372208,True,True,2026-08-08T00:56:44.307745,synthetic,illustrative_synthetic
2023/example-album-2,5.6,True,452,2021-05-18 10:52:06.550868,False,True,2026-08-08T00:56:44.307745,synthetic,illustrative_synthetic
2023/example-album-2,7.9,True,998,2021-05-21 09:31:42.729528,True,True,2026-08-08T00:56:44.307745,synthetic,illustrative_synthetic
2023/example-album-2,7.6,False,2491,2021-05-24 08:11:18.908188,True,True,2026-08-08T00:56:44.307745,synthetic,illustrative_synthetic
2023/example-album-2,9.1,False,1410,2021-05-27 06:50:55.086848,False,True,2026-08-08T00:56:44.307745,synthetic,illustrative_synthetic
2023/example-album-2,8.6,True,393,2021-05-30 05:30:31.265508,True,True,2026-08-08T00:56:44.307745,synthetic,illustrative_synthetic
2023/example-album-2,9.1,False,208,2021-06-02 04:10:07.444168,False,True,2026-08-08T00:56:44.307745,synthetic,illustrative_synthetic
2023/example-album-2,8.3,False,644,2021-06-05 02:49:43.622828,True,True,2026-08-08T00:56:44.307745,synthetic,illustrative_synthetic
2023/example-album-2,7.6,False,1594,2021-06-08 01:29:19.801488,False,True,2026-08-08T00:56:44.307745,synthetic,illustrative_synthetic
2023/example-album-2,9.2,True,887,2021-06-11 00:08:55.980148,False,True,2026-08-08T00:56:44.307745,synthetic,illustrative_synthetic
2023/example-album-2,8.9,True,2158,2021-06-13 22:48:32.158808,False,True,2026-08-08T00:56:44.307745,synthetic,illustrative_synthetic
2023/example-album-2,7.9,False,2285,2021-06-16 21:28:08.337468,False,True,2026-08-08T00:56:44.307745,synthetic,illustrative_synthetic
2023/example-album-2,9.5,False,532,2021-06-19 20:07:44.516129,False,True,2026-08-08T00:56:44.307745,synthetic,illustrative_synthetic
2023/example-album-2,3.0,False,1224,2021-06-22 18:47:20.694789,True,True,2026-08-08T00:56:44.307745,synthetic,illustrative_synthetic
2023/example-album-2,6.7,True,539,2021-06-25 17:26:56.873449,False,True,2026-08-08T00:56:44.307745,synthetic,illustrative_synthetic
2023/example-album-2,6.6,False,1,2021-06-28 16:06:33.052109,False,True,2026-08-08T00:56:44.307745,synthetic,illustrative_synthetic
2023/example-album-2,9.3,True,4488,2021-07-01 14:46:09.230769,True,True,2026-08-08T00:56:44.307745,synthetic,illustrative_synthetic
2023/example-album-2,10.0,False,725,2021-07-04 13:25:45.409429,True,True,2026-08-08T00:56:44.307745,synthetic,illustrative_synthetic
2023/example-album-2,4.6,False,523,2021-07-07 12:05:21.588089,True,True,2026-08-08T00:56:44.307745,synthetic,illustrative_synthetic
2023/example-album-2,9.7,False,72,2021-07-10 10:44:57.766749,True,True,2026-08-08T00:56:44.307745,synthetic,illustrative_synthetic
2023/example-album-2,5.1,False,238,2021-07-13 09:24:33.945409,False,True,2026-08-08T00:56:44.307745,synthetic,illustrative_synthetic
2023/example-album-2,5.1,False,258,2021-07-16 08:04:10.124069,True,True,2026-08-08T00:56:44.307745,synthetic,illustrative_synthetic
2023/example-album-2,6.8,True,984,2021-07-19 06:43:46.302729,True,True,2026-08-08T00:56:44.307745,synthetic,illustrative_synthetic
2023/example-album-2,6.6,False,1697,2021-07-22 05:23:22.481389,True,True,2026-08-08T00:56:44.307745,synthetic,illustrative_synthetic
2023/example-album-2,4.4,True,60,2021-07-25 04:02:58.660049,True,True,2026-08-08T00:56:44.307745,synthetic,illustrative_synthetic
2023/example-album-2,8.4,False,811,2021-07-28 02:42:34.838709,False,True,2026-08-08T00:56:44.307745,synthetic,illustrative_synthetic
2023/example-album-2,8.4,False,76,2021-07-31 01:22:11.017369,True,True,2026-08-08T00:56:44.307745,synthetic,illustrative_synthetic
2023/example-album-2,9.1,False,326,2021-08-03 00:01:47.196029,True,True,2026-08-08T00:56:44.307745,synthetic,illustrative_synthetic
2023/example-album-2,6.4,True,4164,2021-08-05 22:41:23.374689,True,True,2026-08-08T00:56:44.307745,synthetic,illustrative_synthetic
2023/example-album-2,7.1,False,798,2021-08-08 21:20:59.553349,False,True,2026-08-08T00:56:44.307745,synthetic,illustrative_synthetic
2023/example-album-2,7.1,False,561,2021-08-11 20:00:35.732009,False,True,2026-08-08T00:56:44.307745,synthetic,illustrative_synthetic
2023/example-album-2,10.0,False,1755,2021-08-14 18:40:11.910669,True,True,2026-08-08T00:56:44.307745,synthetic,illustrative_synthetic
2023/example-album-2,2.1,False,974,2021-08-17 17:19:48.089330,True,True,2026-08-08T00:56:44.307745,synthetic,illustrative_synthetic
2023/example-album-2,5.5,True,233,2021-08-20 15:59:24.267990,True,True,2026-08-08T00:56:44.307745,synthetic,illustrative_synthetic
2023/example-album-2,7.2,False,663,2021-08-23 14:39:00.446650,True,True,2026-08-08T00:56:44.307745,synthetic,illustrative_synthetic
2023/example-album-2,5.2,True,684,2021-08-26 13:18:36.625310,False,True,2026-08-08T00:56:44.307745,synthetic,illustrative_synthetic
2023/example-album-2,6.7,True,692,2021-08-29 11:58:12.803970,True,True,2026-08-08T00:56:44.307745,synthetic,illustrative_synthetic
2023/example-album-2,7.0,False,326,2021-09-01 10:37:48.982630,True,True,2026-08-08T00:56:44.307745,synthetic,illustrative_synthetic
2023/example-album-2,6.0,False,865,2021-09-04 09:17:25.161290,True,True,2026-08-08T00:56:44.307745,synthetic,illustrative_synthetic
2023/example-album-2,7.3,True,453,2021-09-07 07:57:01.339950,True,True,2026-08-08T00:56:44.307745,synthetic,illustrative_synthetic
2023/example-album-2,8.3,False,2002,2021-09-10 06:36:37.518610,True,True,2026-08-08T00:56:44.307745,synthetic,illustrative_synthetic
2023/example-album-2,6.8,False,251,2021-09-13 05:16:13.697270,True,True,2026-08-08T00:56:44.307745,synthetic,illustrative_synthetic
2023/example-album-2,6.4,False,892,2021-09-16 03:55:49.875930,True,True,2026-08-08T00:56:44.307745,synthetic,illustrative_synthetic
2023/example-album-2,6.9,True,851,2021-09-19 02:35:26.054590,True,True,2026-08-08T00:56:44.307745,synthetic,illustrative_synthetic
2023/example-album-2,7.2,False,373,2021-09-22 01:15:02.233250,True,True,2026-08-08T00:56:44.307745,synthetic,illustrative_synthetic
2023/example-album-2,4.1,True,166,2021-09-24 23:54:38.411910,False,True,2026-08-08T00:56:44.307745,synthetic,illustrative_synthetic
2023/example-album-2,8.0,True,72,2021-09-27 22:34:14.590570,True,True,2026-08-08T00:56:44.307745,synthetic,illustrative_synthetic
2023/example-album-2,6.4,False,815,2021-09-30 21:13:50.769230,True,True,2026-08-08T00:56:44.307745,synthetic,illustrative_synthetic
2023/example-album-2,9.5,False,435,2021-10-03 19:53:26.947890,True,True,2026-08-08T00:56:44.307745,synthetic,illustrative_synthetic
2023/example-album-2,8.3,True,506,2021-10-06 18:33:03.126550,False,True,2026-08-08T00:56:44.307745,synthetic,illustrative_synthetic
2023/example-album-2,9.3,True,400,2021-10-09 17:12:39.305210,False,True,2026-08-08T00:56:44.307745,synthetic,illustrative_synthetic
2023/example-album-2,5.4,False,110,2021-10-12 15:52:15.483870,False,True,2026-08-08T00:56:44.307745,synthetic,illustrative_synthetic
2023/example-album-2,6.5,False,487,2021-10-15 14:31:51.662531,False,True,2026-08-08T00:56:44.307745,synthetic,illustrative_synthetic
2023/example-album-2,5.0,False,12,2021-10-18 13:11:27.841191,False,True,2026-08-08T00:56:44.307745,synthetic,illustrative_synthetic
2023/example-album-2,5.9,False,367,2021-10-21 11:51:04.019851,True,True,2026-08-08T00:56:44.307745,synthetic,illustrative_synthetic
2023/example-album-2,9.5,True,582,2021-10-24 10:30:40.198511,False,True,2026-08-08T00:56:44.307745,synthetic,illustrative_synthetic
2023/example-album-2,9.9,False,1894,2021-10-27 09:10:16.377171,False,True,2026-08-08T00:56:44.307745,synthetic,illustrative_synthetic
2023/example-album-2,5.1,False,110,2021-10-30 07:49:52.555831,True,True,2026-08-08T00:56:44.307745,synthetic,illustrative_synthetic
2023/example-album-2,6.4,False,721,2021-11-02 06:29:28.734491,True,True,2026-08-08T00:56:44.307745,synthetic,illustrative_synthetic
2023/example-album-2,7.1,True,348,2021-11-05 05:09:04.913151,True,True,2026-08-08T00:56:44.307745,synthetic,illustrative_synthetic
2023/example-album-2,8.3,False,1304,2021-11-08 03:48:41.091811,True,True,2026-08-08T00:56:44.307745,synthetic,illustrative_synthetic
2023/example-album-2,4.0,False,214,2021-11-11 02:28:17.270471,False,True,2026-08-08T00:56:44.307745,synthetic,illustrative_synthetic
2023/example-album-2,4.3,False,420,2021-11-14 01:07:53.449131,True,True,2026-08-08T00:56:44.307745,synthetic,illustrative_synthetic
2023/example-album-2,8.1,False,998,2021-11-16 23:47:29.627791,False,True,2026-08-08T00:56:44.307745,synthetic,illustrative_synthetic
2023/example-album-2,3.7,False,328,2021-11-19 22:27:05.806451,False,True,2026-08-08T00:56:44.307745,synthetic,illustrative_synthetic
2023/example-album-2,6.4,False,1266,2021-11-22 21:06:41.985111,True,True,2026-08-08T00:56:44.307745,synthetic,illustrative_synthetic
2023/example-album-2,7.5,False,53,2021-11-25 19:46:18.163771,True,True,2026-08-08T00:56:44.307745,synthetic,illustrative_synthetic
2023/example-album-2,7.9,True,225,2021-11-28 18:25:54.342431,False,True,2026-08-08T00:56:44.307745,synthetic,illustrative_synthetic
2023/example-album-2,6.9,False,19,2021-12-01 17:05:30.521091,False,True,2026-08-08T00:56:44.307745,synthetic,illustrative_synthetic
2023/example-album-2,6.5,False,1045,2021-12-04 15:45:06.699751,True,True,2026-08-08T00:56:44.307745,synthetic,illustrative_synthetic
2023/example-album-2,8.7,False,413,2021-12-07 14:24:42.878411,True,True,2026-08-08T00:56:44.307745,synthetic,illustrative_synthetic
2023/example-album-2,7.7,False,696,2021-12-10 13:04:19.057071,False,True,2026-08-08T00:56:44.307745,synthetic,illustrative_synthetic
2023/example-album-2,6.0,True,71,2021-12-13 11:43:55.235732,False,True,2026-08-08T00:56:44.307745,synthetic,illustrative_synthetic
2023/example-album-2,7.3,False,675,2021-12-16 10:23:31.414392,True,True,2026-08-08T00:56:44.307745,synthetic,illustrative_synthetic
2023/example-album-2,7.9,False,252,2021-12-19 09:03:07.593052,True,True,2026-08-08T00:56:44.307745,synthetic,illustrative_synthetic
2023/example-album-2,10.0,False,843,2021-12-22 07:42:43.771712,False,True,2026-08-08T00:56:44.307745,synthetic,illustrative_synthetic
2023/example-album-2,8.6,False,278,2021-12-25 06:22:19.950372,True,True,2026-08-08T00:56:44.307745,synthetic,illustrative_synthetic
2023/example-album-2,9.4,False,383,2021-12-28 05:01:56.129032,True,True,2026-08-08T00:56:44.307745,synthetic,illustrative_synthetic
2023/example-album-2,6.1,False,412,2021-12-31 03:41:32.307692,True,True,2026-08-08T00:56:44.307745,synthetic,illustrative_synthetic
2023/example-album-2,6.3,False,4468,2022-01-03 02:21:08.486352,True,True,2026-08-08T00:56:44.307745,synthetic,illustrative_synthetic
2023/example-album-2,6.8,False,1579,2022-01-06 01:00:44.665012,True,True,2026-08-08T00:56:44.307745,synthetic,illustrative_synthetic
2023/example-album-2,6.9,False,14,2022-01-08 23:40:20.843672,False,True,2026-08-08T00:56:44.307745,synthetic,illustrative_synthetic
2023/example-album-2,5.4,True,326,2022-01-11 22:19:57.022332,False,True,2026-08-08T00:56:44.307745,synthetic,illustrative_synthetic
2023/example-album-2,9.5,False,1736,2022-01-14 20:59:33.200992,True,True,2026-08-08T00:56:44.307745,synthetic,illustrative_synthetic
2023/example-album-2,8.8,False,687,2022-01-17 19:39:09.379652,True,True,2026-08-08T00:56:44.307745,synthetic,illustrative_synthetic
2023/example-album-2,6.6,False,1024,2022-01-20 18:18:45.558312,True,True,2026-08-08T00:56:44.307745,synthetic,illustrative_synthetic
2023/example-album-2,8.4,True,196,2022-01-23 16:58:21.736972,False,True,2026-08-08T00:56:44.307745,synthetic,illustrative_synthetic
2023/example-album-2,7.6,True,74,2022-01-26 15:37:57.915632,False,True,2026-08-08T00:56:44.307745,synthetic,illustrative_synthetic
2023/example-album-2,8.5,False,234,2022-01-29 14:17:34.094292,False,True,2026-08-08T00:56:44.307745,synthetic,illustrative_synthetic
2023/example-album-2,4.8,False,2540,2022-02-01 12:57:10.272952,False,True,2026-08-08T00:56:44.307745,synthetic,illustrative_synthetic
2023/example-album-2,6.9,True,655,2022-02-04 11:36:46.451612,False,True,2026-08-08T00:56:44.307745,synthetic,illustrative_synthetic
2023/example-album-2,7.1,True,432,2022-02-07 10:16:22.630272,False,True,2026-08-08T00:56:44.307745,synthetic,illustrative_synthetic
2023/example-album-2,8.3,True,796,2022-02-10 08:55:58.808933,True,True,2026-08-08T00:56:44.307745,synthetic,illustrative_synthetic
2023/example-album-2,6.1,False,905,2022-02-13 07:35:34.987593,False,True,2026-08-08T00:56:44.307745,synthetic,illustrative_synthetic
2023/example-album-2,2.7,False,910,2022-02-16 06:15:11.166253,False,True,2026-08-08T00:56:44.307745,synthetic,illustrative_synthetic
2023/example-album-2,5.3,False,329,2022-02-19 04:54:47.344913,True,True,2026-08-08T00:56:44.307745,synthetic,illustrative_synthetic
2023/example-album-2,7.1,True,3945,2022-02-22 03:34:23.523573,True,True,2026-08-08T00:56:44.307745,synthetic,illustrative_synthetic
2023/example-album-2,7.3,False,200,2022-02-25 02:13:59.702233,False,True,2026-08-08T00:56:44.307745,synthetic,illustrative_synthetic
2023/example-album-2,10.0,False,1666,2022-02-28 00:53:35.880893,True,True,2026-08-08T00:56:44.307745,synthetic,illustrative_synthetic
2023/example-album-2,8.2,True,441,2022-03-02 23:33:12.059553,False,True,2026-08-08T00:56:44.307745,synthetic,illustrative_synthetic
2023/example-album-2,7.3,False,693,2022-03-05 22:12:48.238213,True,True,2026-08-08T00:56:44.307745,synthetic,illustrative_synthetic
2023/example-album-2,7.1,False,786,2022-03-08 20:52:24.416873,True,True,2026-08-08T00:56:44.307745,synthetic,illustrative_synthetic
2023/example-album-2,9.2,False,141,2022-03-11 19:32:00.595533,True,True,2026-08-08T00:56:44.307745,synthetic,illustrative_synthetic
2023/example-album-2,6.1,False,261,2022-03-14 18:11:36.774193,False,True,2026-08-08T00:56:44.307745,synthetic,illustrative_synthetic
2023/example-album-2,6.9,False,855,2022-03-17 16:51:12.952853,True,True,2026-08-08T00:56:44.307745,synthetic,illustrative_synthetic
2023/example-album-2,5.2,False,1357,2022-03-20 15:30:49.131513,False,True,2026-08-08T00:56:44.307745,synthetic,illustrative_synthetic
2023/example-album-2,9.8,False,704,2022-03-23 14:10:25.310173,True,True,2026-08-08T00:56:44.307745,synthetic,illustrative_synthetic
2023/example-album-2,7.9,False,1942,2022-03-26 12:50:01.488833,True,True,2026-08-08T00:56:44.307745,synthetic,illustrative_synthetic
2023/example-album-2,5.9,True,476,2022-03-29 11:29:37.667493,True,True,2026-08-08T00:56:44.307745,synthetic,illustrative_synthetic
2023/example-album-2,7.0,False,372,2022-04-01 10:09:13.846153,True,True,2026-08-08T00:56:44.307745,synthetic,illustrative_synthetic
2023/example-album-2,8.1,True,1401,2022-04-04 08:48:50.024813,False,True,2026-08-08T00:56:44.307745,synthetic,illustrative_synthetic
2023/example-album-2,6.7,False,33,2022-04-07 07:28:26.203473,False,True,2026-08-08T00:56:44.307745,synthetic,illustrative_synthetic
2023/example-album-2,6.2,False,1348,2022-04-10 06:08:02.382134,True,True,2026-08-08T00:56:44.307745,synthetic,illustrative_synthetic
2023/example-album-2,6.0,False,234,2022-04-13 04:47:38.560794,True,True,2026-08-08T00:56:44.307745,synthetic,illustrative_synthetic
2023/example-album-2,7.8,False,773,2022-04-16 03:27:14.739454,False,True,2026-08-08T00:56:44.307745,synthetic,illustrative_synthetic
2023/example-album-2,6.6,True,13,2022-04-19 02:06:50.918114,False,True,2026-08-08T00:56:44.307745,synthetic,illustrative_synthetic
2023/example-album-2,6.4,False,314,2022-04-22 00:46:27.096774,True,True,2026-08-08T00:56:44.307745,synthetic,illustrative_synthetic
2023/example-album-2,4.8,False,2291,2022-04-24 23:26:03.275434,False,True,2026-08-08T00:56:44.307745,synthetic,illustrative_synthetic
2023/example-album-2,7.3,False,957,2022-04-27 22:05:39.454094,True,True,2026-08-08T00:56:44.307745,synthetic,illustrative_synthetic
2023/example-album-2,6.9,False,267,2022-04-30 20:45:15.632754,True,True,2026-08-08T00:56:44.307745,synthetic,illustrative_synthetic
2023/example-album-2,6.6,False,158,2022-05-03 19:24:51.811414,False,True,2026-08-08T00:56:44.307745,synthetic,illustrative_synthetic
2023/example-album-2,7.6,False,409,2022-05-06 18:04:27.990074,False,True,2026-08-08T00:56:44.307745,synthetic,illustrative_synthetic
2023/example-album-2,8.5,False,190,2022-05-09 16:44:04.168734,False,True,2026-08-08T00:56:44.307745,synthetic,illustrative_synthetic
2023/example-album-2,8.5,True,1724,2022-05-12 15:23:40.347394,True,True,2026-08-08T00:56:44.307745,synthetic,illustrative_synthetic
2023/example-album-2,8.2,False,829,2022-05-15 14:03:16.526054,True,True,2026-08-08T00:56:44.307745,synthetic,illustrative_synthetic
2023/example-album-2,6.8,True,814,2022-05-18 12:42:52.704714,False,True,2026-08-08T00:56:44.307745,synthetic,illustrative_synthetic
2023/example-album-2,6.2,True,1831,2022-05-21 11:22:28.883374,True,True,2026-08-08T00:56:44.307745,synthetic,illustrative_synthetic
2023/example-album-2,5.3,False,796,2022-05-24 10:02:05.062034,True,True,2026-08-08T00:56:44.307745,synthetic,illustrative_synthetic
2023/example-album-2,6.1,False,4035,2022-05-27 08:41:41.240694,False,True,2026-08-08T00:56:44.307745,synthetic,illustrative_synthetic
2023/example-album-2,7.2,False,354,2022-05-30 07:21:17.419354,True,True,2026-08-08T00:56:44.307745,synthetic,illustrative_synthetic
2023/example-album-2,5.8,False,756,2022-06-02 06:00:53.598014,True,True,2026-08-08T00:56:44.307745,synthetic,illustrative_synthetic
2023/example-album-2,7.4,False,216,2022-06-05 04:40:29.776674,True,True,2026-08-08T00:56:44.307745,synthetic,illustrative_synthetic
2023/example-album-2,5.5,False,626,2022-06-08 03:20:05.955334,False,True,2026-08-08T00:56:44.307745,synthetic,illustrative_synthetic
2023/example-album-2,4.2,False,451,2022-06-11 01:59:42.133995,True,True,2026-08-08T00:56:44.307745,synthetic,illustrative_synthetic
2023/example-album-2,8.7,False,157,2022-06-14 00:39:18.312655,True,True,2026-08-08T00:56:44.307745,synthetic,illustrative_synthetic
2023/example-album-2,6.3,False,251,2022-06-16 23:18:54.491315,True,True,2026-08-08T00:56:44.307745,synthetic,illustrative_synthetic
2023/example-album-2,5.7,False,354,2022-06-19 21:58:30.669975,True,True,2026-08-08T00:56:44.307745,synthetic,illustrative_synthetic
2023/example-album-2,5.2,False,569,2022-06-22 20:38:06.848635,True,True,2026-08-08T00:56:44.307745,synthetic,illustrative_synthetic
2023/example-album-2,8.0,True,967,2022-06-25 19:17:43.027295,False,True,2026-08-08T00:56:44.307745,synthetic,illustrative_synthetic
2023/example-album-2,9.7,False,334,2022-06-28 17:57:19.205955,True,True,2026-08-08T00:56:44.307745,synthetic,illustrative_synthetic
2023/example-album-2,6.5,False,205,2022-07-01 16:36:55.384615,True,True,2026-08-08T00:56:44.307745,synthetic,illustrative_synthetic
2023/example-album-2,6.8,True,1582,2022-07-04 15:16:31.563275,True,True,2026-08-08T00:56:44.307745,synthetic,illustrative_synthetic
2023/example-album-2,9.1,True,2223,2022-07-07 13:56:07.741935,True,True,2026-08-08T00:56:44.307745,synthetic,illustrative_synthetic
2023/example-album-2,3.9,False,485,2022-07-10 12:35:43.920595,True,True,2026-08-08T00:56:44.307745,synthetic,illustrative_synthetic
2023/example-album-2,10.0,False,484,2022-07-13 11:15:20.099255,False,True,2026-08-08T00:56:44.307745,synthetic,illustrative_synthetic
2023/example-album-2,10.0,False,49,2022-07-16 09:54:56.277915,False,True,2026-08-08T00:56:44.307745,synthetic,illustrative_synthetic
2023/example-album-2,2.3,False,254,2022-07-19 08:34:32.456575,False,True,2026-08-08T00:56:44.307745,synthetic,illustrative_synthetic
2023/example-album-2,7.0,False,228,2022-07-22 07:14:08.635235,True,True,2026-08-08T00:56:44.307745,synthetic,illustrative_synthetic
2023/example-album-2,5.9,False,670,2022-07-25 05:53:44.813895,False,True,2026-08-08T00:56:44.307745,synthetic,illustrative_synthetic
2023/example-album-2,6.7,False,109,2022-07-28 04:33:20.992555,False,True,2026-08-08T00:56:44.307745,synthetic,illustrative_synthetic
2023/example-album-2,6.4,False,321,2022-07-31 03:12:57.171215,True,True,2026-08-08T00:56:44.307745,synthetic,illustrative_synthetic
2023/example-album-2,8.7,True,1029,2022-08-03 01:52:33.349875,True,True,2026-08-08T00:56:44.307745,synthetic,illustrative_synthetic
2023/example-album-2,7.0,False,899,2022-08-06 00:32:09.528535,False,True,2026-08-08T00:56:44.307745,synthetic,illustrative_synthetic
2023/example-album-2,5.6,True,285,2022-08-08 23:11:45.707196,True,True,2026-08-08T00:56:44.307745,synthetic,illustrative_synthetic
2023/example-album-2,6.9,True,114,2022-08-11 21:51:21.885856,True,True,2026-08-08T00:56:44.307745,synthetic,illustrative_synthetic
2023/example-album-2,8.1,False,310,2022-08-14 20:30:58.064516,False,True,2026-08-08T00:56:44.307745,synthetic,illustrative_synthetic
2023/example-album-2,5.1,True,569,2022-08-17 19:10:34.243176,True,True,2026-08-08T00:56:44.307745,synthetic,illustrative_synthetic
2023/example-album-2,4.2,False,618,2022-08-20 17:50:10.421836,False,True,2026-08-08T00:56:44.307745,synthetic,illustrative_synthetic
2023/example-album-2,10.0,False,77,2022-08-23 16:29:46.600496,True,True,2026-08-08T00:56:44.307745,synthetic,illustrative_synthetic
2023/example-album-2,6.0,True,371,2022-08-26 15:09:22.779156,True,True,2026-08-08T00:56:44.307745,synthetic,illustrative_synthetic
2023/example-album-2,7.0,False,1490,2022-08-29 13:48:58.957816,True,True,2026-08-08T00:56:44.307745,synthetic,illustrative_synthetic
2023/example-album-2,6.5,False,2317,2022-09-01 12:28:35.136476,True,True,2026-08-08T00:56:44.307745,synthetic,illustrative_synthetic
2023/example-album-2,8.2,False,2375,2022-09-04 11:08:11.315136,False,True,2026-08-08T00:56:44.307745,synthetic,illustrative_synthetic
2023/example-album-2,10.0,False,68,2022-09-07 09:47:47.493796,False,True,2026-08-08T00:56:44.307745,synthetic,illustrative_synthetic
2023/example-album-2,8.2,False,2106,2022-09-10 08:27:23.672456,False,True,2026-08-08T00:56:44.307745,synthetic,illustrative_synthetic
2023/example-album-2,4.5,False,1272,2022-09-13 07:06:59.851116,True,True,2026-08-08T00:56:44.307745,synthetic,illustrative_synthetic
2023/example-album-2,4.7,False,833,2022-09-16 05:46:36.029776,True,True,2026-08-08T00:56:44.307745,synthetic,illustrative_synthetic
2023/example-album-2,6.5,False,528,2022-09-19 04:26:12.208436,True,True,2026-08-08T00:56:44.307745,synthetic,illustrative_synthetic
2023/example-album-2,6.7,False,220,2022-09-22 03:05:48.387096,True,True,2026-08-08T00:56:44.307745,synthetic,illustrative_synthetic
2023/example-album-2,4.1,False,713,2022-09-25 01:45:24.565756,False,True,2026-08-08T00:56:44.307745,synthetic,illustrative_synthetic
2023/example-album-2,8.7,False,100,2022-09-28 00:25:00.744416,True,True,2026-08-08T00:56:44.307745,synthetic,illustrative_synthetic
2023/example-album-2,5.2,False,50,2022-09-30 23:04:36.923076,True,True,2026-08-08T00:56:44.307745,synthetic,illustrative_synthetic
2023/example-album-2,9.9,False,2012,2022-10-03 21:44:13.101736,True,True,2026-08-08T00:56:44.307745,synthetic,illustrative_synthetic
2023/example-album-2,10.0,False,223,2022-10-06 20:23:49.280397,False,True,2026-08-08T00:56:44.307745,synthetic,illustrative_synthetic
2023/example-album-2,6.8,False,1861,2022-10-09 19:03:25.459057,True,True,2026-08-08T00:56:44.307745,synthetic,illustrative_synthetic
2023/example-album-2,8.0,False,142,2022-10-12 17:43:01.637717,False,True,2026-08-08T00:56:44.307745,synthetic,illustrative_synthetic
2023/example-album-2,5.0,False,240,2022-10-15 16:22:37.816377,False,True,2026-08-08T00:56:44.307745,synthetic,illustrative_synthetic
2023/example-album-2,8.3,False,166,2022-10-18 15:02:13.995037,False,True,2026-08-08T00:56:44.307745,synthetic,illustrative_synthetic
2023/example-album-2,6.3,True,434,2022-10-21 13:41:50.173697,True,True,2026-08-08T00:56:44.307745,synthetic,illustrative_synthetic
2023/example-album-2,5.2,True,1555,2022-10-24 12:21:26.352357,True,True,2026-08-08T00:56:44.307745,synthetic,illustrative_synthetic
2023/example-album-2,6.7,False,1882,2022-10-27 11:01:02.531017,True,True,2026-08-08T00:56:44.307745,synthetic,illustrative_synthetic
2023/example-album-2,6.4,False,534,2022-10-30 09:40:38.709677,False,True,2026-08-08T00:56:44.307745,synthetic,illustrative_synthetic
2023/example-album-2,6.3,False,332,2022-11-02 08:20:14.888337,False,True,2026-08-08T00:56:44.307745,synthetic,illustrative_synthetic
2023/example-album-2,5.4,False,30,2022-11-05 06:59:51.066997,True,True,2026-08-08T00:56:44.307745,synthetic,illustrative_synthetic
2023/example-album-2,4.3,False,27,2022-11-08 05:39:27.245657,True,True,2026-08-08T00:56:44.307745,synthetic,illustrative_synthetic
2023/example-album-2,5.0,False,498,2022-11-11 04:19:03.424317,True,True,2026-08-08T00:56:44.307745,synthetic,illustrative_synthetic
2023/example-album-2,6.0,False,156,2022-11-14 02:58:39.602977,False,True,2026-08-08T00:56:44.307745,synthetic,illustrative_synthetic
2023/example-album-2,8.0,False,425,2022-11-17 01:38:15.781637,True,True,2026-08-08T00:56:44.307745,synthetic,illustrative_synthetic
2023/example-album-2,6.2,False,162,2022-11-20 00:17:51.960297,True,True,2026-08-08T00:56:44.307745,synthetic,illustrative_synthetic
2023/example-album-2,5.4,True,231,2022-11-22 22:57:28.138957,False,True,2026-08-08T00:56:44.307745,synthetic,illustrative_synthetic
2023/example-album-2,4.7,True,291,2022-11-25 21:37:04.317617,True,True,2026-08-08T00:56:44.307745,synthetic,illustrative_synthetic
2023/example-album-2,7.5,True,183,2022-11-28 20:16:40.496277,True,True,2026-08-08T00:56:44.307745,synthetic,illustrative_synthetic
2023/example-album-2,6.9,False,151,2022-12-01 18:56:16.674937,True,True,2026-08-08T00:56:44.307745,synthetic,illustrative_synthetic
2023/example-album-2,5.9,False,150,2022-12-04 17:35:52.853598,True,True,2026-08-08T00:56:44.307745,synthetic,illustrative_synthetic
2023/example-album-2,7.9,False,44,2022-12-07 16:15:29.032258,False,True,2026-08-08T00:56:44.307745,synthetic,illustrative_synthetic
2023/example-album-2,6.6,True,363,2022-12-10 14:55:05.210918,True,True,2026-08-08T00:56:44.307745,synthetic,illustrative_synthetic
2023/example-album-2,3.5,False,49,2022-12-13 13:34:41.389578,True,True,2026-08-08T00:56:44.307745,synthetic,illustrative_synthetic
2023/example-album-2,6.8,False,70,2022-12-16 12:14:17.568238,True,True,2026-08-08T00:56:44.307745,synthetic,illustrative_synthetic
2023/example-album-2,4.3,False,163,2022-12-19 10:53:53.746898,True,True,2026-08-08T00:56:44.307745,synthetic,illustrative_synthetic
2023/example-album-2,8.4,False,164,2022-12-22 09:33:29.925558,False,True,2026-08-08T00:56:44.307745,synthetic,illustrative_synthetic
2023/example-album-2,9.0,True,143,2022-12-25 08:13:06.104218,False,True,2026-08-08T00:56:44.307745,synthetic,illustrative_synthetic
2023/example-album-2,5.0,False,522,2022-12-28 06:52:42.282878,True,True,2026-08-08T00:56:44.307745,synthetic,illustrative_synthetic
2023/example-album-2,9.9,False,106,2022-12-31 05:32:18.461538,True,True,2026-08-08T00:56:44.307745,synthetic,illustrative_synthetic
2023/example-album-2,10.0,False,626,2023-01-03 04:11:54.640198,True,True,2026-08-08T00:56:44.307745,synthetic,illustrative_synthetic
2023/example-album-2,6.7,False,266,2023-01-06 02:51:30.818858,True,True,2026-08-08T00:56:44.307745,synthetic,illustrative_synthetic
2023/example-album-2,7.7,False,244,2023-01-09 01:31:06.997518,True,True,2026-08-08T00:56:44.307745,synthetic,illustrative_synthetic
2023/example-album-2,8.3,False,284,2023-01-12 00:10:43.176178,False,True,2026-08-08T00:56:44.307745,synthetic,illustrative_synthetic
2023/example-album-2,6.3,False,70,2023-01-14 22:50:19.354838,True,True,2026-08-08T00:56:44.307745,synthetic,illustrative_synthetic
2023/example-album-2,6.7,True,276,2023-01-17 21:29:55.533498,True,True,2026-08-08T00:56:44.307745,synthetic,illustrative_synthetic
2023/example-album-2,8.2,False,494,2023-01-20 20:09:31.712158,True,True,2026-08-08T00:56:44.307745,synthetic,illustrative_synthetic
2023/example-album-2,8.0,False,338,2023-01-23 18:49:07.890818,False,True,2026-08-08T00:56:44.307745,synthetic,illustrative_synthetic
2023/example-album-2,4.6,False,28,2023-01-26 17:28:44.069478,True,True,2026-08-08T00:56:44.307745,synthetic,illustrative_synthetic
2023/example-album-2,10.0,False,142,2023-01-29 16:08:20.248138,False,True,2026-08-08T00:56:44.307745,synthetic,illustrative_synthetic
2023/example-album-2,6.2,False,8,2023-02-01 14:47:56.426799,True,True,2026-08-08T00:56:44.307745,synthetic,illustrative_synthetic
2023/example-album-2,9.8,True,134,2023-02-04 13:27:32.605459,False,True,2026-08-08T00:56:44.307745,synthetic,illustrative_synthetic
2023/example-album-2,7.0,False,46,2023-02-07 12:07:08.784119,False,True,2026-08-08T00:56:44.307745,synthetic,illustrative_synthetic
2023/example-album-2,10.0,False,184,2023-02-10 10:46:44.962779,True,True,2026-08-08T00:56:44.307745,synthetic,illustrative_synthetic
2023/example-album-2,8.0,False,9,2023-02-13 09:26:21.141439,True,True,2026-08-08T00:56:44.307745,synthetic,illustrative_synthetic
2023/example-album-2,7.1,False,818,2023-02-16 08:05:57.320099,True,True,2026-08-08T00:56:44.307745,synthetic,illustrative_synthetic
2023/example-album-2,4.7,False,117,2023-02-19 06:45:33.498759,False,True,2026-08-08T00:56:44.307745,synthetic,illustrative_synthetic
2023/example-album-2,5.5,True,432,2023-02-22 05:25:09.677419,False,True,2026-08-08T00:56:44.307745,synthetic,illustrative_synthetic
2023/example-album-2,4.5,False,74,2023-02-25 04:04:45.856079,True,True,2026-08-08T00:56:44.307745,synthetic,illustrative_synthetic
2023/example-album-2,9.3,False,381,2023-02-28 02:44:22.034739,True,True,2026-08-08T00:56:44.307745,synthetic,illustrative_synthetic
2023/example-album-2,4.7,False,128,2023-03-03 01:23:58.213399,True,True,2026-08-08T00:56:44.307745,synthetic,illustrative_synthetic
2023/example-album-2,6.3,False,287,2023-03-06 00:03:34.392059,True,True,2026-08-08T00:56:44.307745,synthetic,illustrative_synthetic
2023/example-album-2,3.5,True,822,2023-03-08 22:43:10.570719,False,True,2026-08-08T00:56:44.307745,synthetic,illustrative_synthetic
2023/example-album-2,4.1,False,326,2023-03-11 21:22:46.749379,True,True,2026-08-08T00:56:44.307745,synthetic,illustrative_synthetic
2023/example-album-2,8.5,False,42,2023-03-14 20:02:22.928039,True,True,2026-08-08T00:56:44.307745,synthetic,illustrative_synthetic
2023/example-album-2,7.7,True,672,2023-03-17 18:41:59.106699,False,True,2026-08-08T00:56:44.307745,synthetic,illustrative_synthetic
2023/example-album-2,7.1,False,396,2023-03-20 17:21:35.285359,False,True,2026-08-08T00:56:44.307745,synthetic,illustrative_synthetic
2023/example-album-2,6.3,False,588,2023-03-23 16:01:11.464019,False,True,2026-08-08T00:56:44.307745,synthetic,illustrative_synthetic
2023/example-album-2,3.9,False,682,2023-03-26 14:40:47.642679,True,True,2026-08-08T00:56:44.307745,synthetic,illustrative_synthetic
2023/example-album-2,6.0,True,90,2023-03-29 13:20:23.821339,False,True,2026-08-08T00:56:44.307745,synthetic,illustrative_synthetic
2023/example-album-2,6.8,True,119,2023-04-01 12:00:00.000000,True,True,2026-08-08T00:56:44.307745,synthetic,illustrative_synthetic
2023/example-album-2,8.3,True,430,2023-04-04 10:39:36.178660,True,True,2026-08-08T00:56:44.307745,synthetic,illustrative_synthetic
2023/example-album-2,9.2,True,17,2023-04-07 09:19:12.357320,True,True,2026-08-08T00:56:44.307745,synthetic,illustrative_synthetic
2023/example-album-2,8.6,False,113,2023-04-10 07:58:48.535980,False,True,2026-08-08T00:56:44.307745,synthetic,illustrative_synthetic
2023/example-album-2,7.7,False,129,2023-04-13 06:38:24.714640,True,True,2026-08-08T00:56:44.307745,synthetic,illustrative_synthetic
2023/example-album-2,7.1,False,604,2023-04-16 05:18:00.893300,False,True,2026-08-08T00:56:44.307745,synthetic,illustrative_synthetic
2023/example-album-2,6.6,False,854,2023-04-19 03:57:37.071960,False,True,2026-08-08T00:56:44.307745,synthetic,illustrative_synthetic
2023/example-album-2,6.9,False,47,2023-04-22 02:37:13.250620,False,True,2026-08-08T00:56:44.307745,synthetic,illustrative_synthetic
2023/example-album-2,5.8,False,206,2023-04-25 01:16:49.429280,False,True,2026-08-08T00:56:44.307745,synthetic,illustrative_synthetic
2023/example-album-2,5.0,True,393,2023-04-27 23:56:25.607940,False,True,2026-08-08T00:56:44.307745,synthetic,illustrative_synthetic
2023/example-album-2,9.1,True,125,2023-04-30 22:36:01.786600,True,True,2026-08-08T00:56:44.307745,synthetic,illustrative_synthetic
2023/example-album-2,9.3,True,227,2023-05-03 21:15:37.965260,True,True,2026-08-08T00:56:44.307745,synthetic,illustrative_synthetic
2023/example-album-2,1.9,False,78,2023-05-06 19:55:14.143920,False,True,2026-08-08T00:56:44.307745,synthetic,illustrative_synthetic
2023/example-album-2,4.2,False,436,2023-05-09 18:34:50.322580,True,True,2026-08-08T00:56:44.307745,synthetic,illustrative_synthetic
2023/example-album-2,7.4,False,426,2023-05-12 17:14:26.501240,True,True,2026-08-08T00:56:44.307745,synthetic,illustrative_synthetic
2023/example-album-2,7.0,False,168,2023-05-15 15:54:02.679900,False,True,2026-08-08T00:56:44.307745,synthetic,illustrative_synthetic
2023/example-album-2,8.1,False,129,2023-05-18 14:33:38.858560,True,True,2026-08-08T00:56:44.307745,synthetic,illustrative_synthetic
2023/example-album-2,6.8,False,92,2023-05-21 13:13:15.037220,False,True,2026-08-08T00:56:44.307745,synthetic,illustrative_synthetic
2023/example-album-2,5.4,False,22,2023-05-24 11:52:51.215880,True,True,2026-08-08T00:56:44.307745,synthetic,illustrative_synthetic
2023/example-album-2,7.5,False,243,2023-05-27 10:32:27.394540,False,True,2026-08-08T00:56:44.307745,synthetic,illustrative_synthetic
2023/example-album-2,6.4,False,623,2023-05-30 09:12:03.573200,True,True,2026-08-08T00:56:44.307745,synthetic,illustrative_synthetic
2023/example-album-2,1.0,False,38,2023-06-02 07:51:39.751861,False,True,2026-08-08T00:56:44.307745,synthetic,illustrative_synthetic
2023/example-album-2,6.8,False,158,2023-06-05 06:31:15.930521,False,True,2026-08-08T00:56:44.307745,synthetic,illustrative_synthetic
2023/example-album-2,10.0,True,639,2023-06-08 05:10:52.109181,True,True,2026-08-08T00:56:44.307745,synthetic,illustrative_synthetic
2023/example-album-2,4.4,False,504,2023-06-11 03:50:28.287841,True,True,2026-08-08T00:56:44.307745,synthetic,illustrative_synthetic
2023/example-album-2,7.0,False,388,2023-06-14 02:30:04.466501,True,True,2026-08-08T00:56:44.307745,synthetic,illustrative_synthetic
2023/example-album-2,7.4,False,4,2023-06-17 01:09:40.645161,True,True,2026-08-08T00:56:44.307745,synthetic,illustrative_synthetic
2023/example-album-2,8.2,False,337,2023-06-19 23:49:16.823821,True,True,2026-08-08T00:56:44.307745,synthetic,illustrative_synthetic
2023/example-album-2,7.2,False,106,2023-06-22 22:28:53.002481,True,True,2026-08-08T00:56:44.307745,synthetic,illustrative_synthetic
2023/example-album-2,8.0,False,429,2023-06-25 21:08:29.181141,False,True,2026-08-08T00:56:44.307745,synthetic,illustrative_synthetic
2023/example-album-2,7.3,False,75,2023-06-28 19:48:05.359801,True,True,2026-08-08T00:56:44.307745,synthetic,illustrative_synthetic
2023/example-album-2,9.2,False,0,2023-07-01 18:27:41.538461,True,True,2026-08-08T00:56:44.307745,synthetic,illustrative_synthetic
2023/example-album-2,9.3,False,210,2023-07-04 17:07:17.717121,True,True,2026-08-08T00:56:44.307745,synthetic,illustrative_synthetic
2023/example-album-2,6.7,True,102,2023-07-07 15:46:53.895781,True,True,2026-08-08T00:56:44.307745,synthetic,illustrative_synthetic
2023/example-album-2,8.5,False,264,2023-07-10 14:26:30.074441,True,True,2026-08-08T00:56:44.307745,synthetic,illustrative_synthetic
2023/example-album-2,7.1,False,97,2023-07-13 13:06:06.253101,False,True,2026-08-08T00:56:44.307745,synthetic,illustrative_synthetic
2023/example-album-2,7.6,False,448,2023-07-16 11:45:42.431761,False,True,2026-08-08T00:56:44.307745,synthetic,illustrative_synthetic
2023/example-album-2,6.2,False,207,2023-07-19 10:25:18.610421,True,True,2026-08-08T00:56:44.307745,synthetic,illustrative_synthetic
2023/example-album-2,7.3,False,87,2023-07-22 09:04:54.789081,False,True,2026-08-08T00:56:44.307745,synthetic,illustrative_synthetic
2023/example-album-2,4.9,False,378,2023-07-25 07:44:30.967741,True,True,2026-08-08T00:56:44.307745,synthetic,illustrative_synthetic
2023/example-album-2,9.0,False,714,2023-07-28 06:24:07.146401,True,True,2026-08-08T00:56:44.307745,synthetic,illustrative_synthetic
2023/example-album-2,6.3,False,683,2023-07-31 05:03:43.325062,False,True,2026-08-08T00:56:44.307745,synthetic,illustrative_synthetic
2023/example-album-2,8.9,False,1142,2023-08-03 03:43:19.503722,True,True,2026-08-08T00:56:44.307745,synthetic,illustrative_synthetic
2023/example-album-2,5.3,False,353,2023-08-06 02:22:55.682382,True,True,2026-08-08T00:56:44.307745,synthetic,illustrative_synthetic
2023/example-album-2,6.2,False,284,2023-08-09 01:02:31.861042,False,True,2026-08-08T00:56:44.307745,synthetic,illustrative_synthetic
2023/example-album-2,4.9,False,23,2023-08-11 23:42:08.039702,True,True,2026-08-08T00:56:44.307745,synthetic,illustrative_synthetic
2023/example-album-2,6.4,False,75,2023-08-14 22:21:44.218362,True,True,2026-08-08T00:56:44.307745,synthetic,illustrative_synthetic
2023/example-album-2,7.9,True,108,2023-08-17 21:01:20.397022,True,True,2026-08-08T00:56:44.307745,synthetic,illustrative_synthetic
2023/example-album-2,8.5,False,231,2023-08-20 19:40:56.575682,False,True,2026-08-08T00:56:44.307745,synthetic,illustrative_synthetic
2023/example-album-2,7.1,False,518,2023-08-23 18:20:32.754342,False,True,2026-08-08T00:56:44.307745,synthetic,illustrative_synthetic
2023/example-album-2,10.0,False,182,2023-08-26 17:00:08.933002,False,True,2026-08-08T00:56:44.307745,synthetic,illustrative_synthetic
2023/example-album-2,5.8,True,86,2023-08-29 15:39:45.111662,True,True,2026-08-08T00:56:44.307745,synthetic,illustrative_synthetic
2023/example-album-2,10.0,False,149,2023-09-01 14:19:21.290322,False,True,2026-08-08T00:56:44.307745,synthetic,illustrative_synthetic
2023/example-album-2,5.3,False,10,2023-09-04 12:58:57.468982,True,True,2026-08-08T00:56:44.307745,synthetic,illustrative_synthetic
2023/example-album-2,6.2,False,91,2023-09-07 11:38:33.647642,True,True,2026-08-08T00:56:44.307745,synthetic,illustrative_synthetic
2023/example-album-2,4.4,False,12,2023-09-10 10:18:09.826302,True,True,2026-08-08T00:56:44.307745,synthetic,illustrative_synthetic
2023/example-album-2,7.8,True,218,2023-09-13 08:57:46.004962,False,True,2026-08-08T00:56:44.307745,synthetic,illustrative_synthetic
2023/example-album-2,6.9,False,786,2023-09-16 07:37:22.183622,True,True,2026-08-08T00:56:44.307745,synthetic,illustrative_synthetic
2023/example-album-2,4.3,False,163,2023-09-19 06:16:58.362282,False,True,2026-08-08T00:56:44.307745,synthetic,illustrative_synthetic
2023/example-album-2,5.5,True,421,2023-09-22 04:56:34.540942,True,True,2026-08-08T00:56:44.307745,synthetic,illustrative_synthetic
2023/example-album-2,4.2,False,349,2023-09-25 03:36:10.719602,True,True,2026-08-08T00:56:44.307745,synthetic,illustrative_synthetic
2023/example-album-2,7.2,True,290,2023-09-28 02:15:46.898263,False,True,2026-08-08T00:56:44.307745,synthetic,illustrative_synthetic
2023/example-album-2,9.9,False,539,2023-10-01 00:55:23.076923,False,True,2026-08-08T00:56:44.307745,synthetic,illustrative_synthetic
2023/example-album-2,5.5,True,253,2023-10-03 23:34:59.255583,True,True,2026-08-08T00:56:44.307745,synthetic,illustrative_synthetic
2023/example-album-2,6.6,False,292,2023-10-06 22:14:35.434243,False,True,2026-08-08T00:56:44.307745,synthetic,illustrative_synthetic
2023/example-album-2,5.3,False,124,2023-10-09 20:54:11.612903,True,True,2026-08-08T00:56:44.307745,synthetic,illustrative_synthetic
2023/example-album-2,5.9,True,407,2023-10-12 19:33:47.791563,False,True,2026-08-08T00:56:44.307745,synthetic,illustrative_synthetic
2023/example-album-2,7.3,False,64,2023-10-15 18:13:23.970223,True,True,2026-08-08T00:56:44.307745,synthetic,illustrative_synthetic
2023/example-album-2,10.0,False,375,2023-10-18 16:53:00.148883,True,True,2026-08-08T00:56:44.307745,synthetic,illustrative_synthetic
2023/example-album-2,9.8,False,1153,2023-10-21 15:32:36.327543,True,True,2026-08-08T00:56:44.307745,synthetic,illustrative_synthetic
2023/example-album-2,10.0,False,90,2023-10-24 14:12:12.506203,True,True,2026-08-08T00:56:44.307745,synthetic,illustrative_synthetic
2023/example-album-2,8.9,False,406,2023-10-27 12:51:48.684863,True,True,2026-08-08T00:56:44.307745,synthetic,illustrative_synthetic
2023/example-album-2,6.7,False,422,2023-10-30 11:31:24.863523,True,True,2026-08-08T00:56:44.307745,synthetic,illustrative_synthetic
2023/example-album-2,8.2,False,22,2023-11-02 10:11:01.042183,False,True,2026-08-08T00:56:44.307745,synthetic,illustrative_synthetic
2023/example-album-2,6.6,True,336,2023-11-05 08:50:37.220843,True,True,2026-08-08T00:56:44.307745,synthetic,illustrative_synthetic
2023/example-album-2,10.0,True,215,2023-11-08 07:30:13.399503,True,True,2026-08-08T00:56:44.307745,synthetic,illustrative_synthetic
2023/example-album-2,7.9,False,190,2023-11-11 06:09:49.578163,True,True,2026-08-08T00:56:44.307745,synthetic,illustrative_synthetic
2023/example-album-2,6.0,False,625,2023-11-14 04:49:25.756823,False,True,2026-08-08T00:56:44.307745,synthetic,illustrative_synthetic
2023/example-album-2,10.0,False,115,2023-11-17 03:29:01.935483,True,True,2026-08-08T00:56:44.307745,synthetic,illustrative_synthetic
2023/example-album-2,7.4,False,1155,2023-11-20 02:08:38.114143,True,True,2026-08-08T00:56:44.307745,synthetic,illustrative_synthetic
2023/example-album-2,4.7,False,213,2023-11-23 00:48:14.292803,False,True,2026-08-08T00:56:44.307745,synthetic,illustrative_synthetic
2023/example-album-2,9.9,False,24,2023-11-25 23:27:50.471464,True,True,2026-08-08T00:56:44.307745,synthetic,illustrative_synthetic
2023/example-album-2,8.1,False,28,2023-11-28 22:07:26.650124,False,True,2026-08-08T00:56:44.307745,synthetic,illustrative_synthetic
2023/example-album-2,10.0,False,517,2023-12-01 20:47:02.828784,True,True,2026-08-08T00:56:44.307745,synthetic,illustrative_synthetic
2023/example-album-2,10.0,True,435,2023-12-04 19:26:39.007444,False,True,2026-08-08T00:56:44.307745,synthetic,illustrative_synthetic
2023/example-album-2,6.1,True,360,2023-12-07 18:06:15.186104,True,True,2026-08-08T00:56:44.307745,synthetic,illustrative_synthetic
2023/example-album-2,4.8,False,27,2023-12-10 16:45:51.364764,False,True,2026-08-08T00:56:44.307745,synthetic,illustrative_synthetic
2023/example-album-2,4.8,True,302,2023-12-13 15:25:27.543424,False,True,2026-08-08T00:56:44.307745,synthetic,illustrative_synthetic
2023/example-album-2,5.7,False,1657,2023-12-16 14:05:03.722084,True,True,2026-08-08T00:56:44.307745,synthetic,illustrative_synthetic
2023/example-album-2,5.9,True,430,2023-12-19 12:44:39.900744,True,True,2026-08-08T00:56:44.307745,synthetic,illustrative_synthetic
2023/example-album-2,6.4,True,86,2023-12-22 11:24:16.079404,True,True,2026-08-08T00:56:44.307745,synthetic,illustrative_synthetic
2023/example-album-2,8.4,False,448,2023-12-25 10:03:52.258064,True,True,2026-08-08T00:56:44.307745,synthetic,illustrative_synthetic
2023/example-album-2,6.4,False,21,2023-12-28 08:43:28.436724,False,True,2026-08-08T00:56:44.307745,synthetic,illustrative_synthetic
2023/example-album-2,5.8,False,109,2023-12-31 07:23:04.615384,True,True,2026-08-08T00:56:44.307745,synthetic,illustrative_synthetic
2023/example-album-2,5.2,False,715,2024-01-03 06:02:40.794044,False,True,2026-08-08T00:56:44.307745,synthetic,illustrative_synthetic
2023/example-album-2,6.6,False,464,2024-01-06 04:42:16.972704,False,True,2026-08-08T00:56:44.307745,synthetic,illustrative_synthetic
2023/example-album-2,8.4,True,450,2024-01-09 03:21:53.151364,False,True,2026-08-08T00:56:44.307745,synthetic,illustrative_synthetic
2023/example-album-2,3.8,False,316,2024-01-12 02:01:29.330024,False,True,2026-08-08T00:56:44.307745,synthetic,illustrative_synthetic
2023/example-album-2,6.6,True,608,2024-01-15 00:41:05.508684,True,True,2026-08-08T00:56:44.307745,synthetic,illustrative_synthetic
2023/example-album-2,5.8,False,103,2024-01-17 23:20:41.687344,True,True,2026-08-08T00:56:44.307745,synthetic,illustrative_synthetic
2023/example-album-2,6.2,False,828,2024-01-20 22:00:17.866004,True,True,2026-08-08T00:56:44.307745,synthetic,illustrative_synthetic
2023/example-album-2,5.7,False,465,2024-01-23 20:39:54.044665,True,True,2026-08-08T00:56:44.307745,synthetic,illustrative_synthetic
2023/example-album-2,8.0,False,26,2024-01-26 19:19:30.223325,True,True,2026-08-08T00:56:44.307745,synthetic,illustrative_synthetic
2023/example-album-2,7.2,False,503,2024-01-29 17:59:06.401985,True,True,2026-08-08T00:56:44.307745,synthetic,illustrative_synthetic
2023/example-album-2,9.4,False,250,2024-02-01 16:38:42.580645,True,True,2026-08-08T00:56:44.307745,synthetic,illustrative_synthetic
2023/example-album-2,8.2,False,245,2024-02-04 15:18:18.759305,True,True,2026-08-08T00:56:44.307745,synthetic,illustrative_synthetic
2023/example-album-2,9.6,False,511,2024-02-07 13:57:54.937965,True,True,2026-08-08T00:56:44.307745,synthetic,illustrative_synthetic
2023/example-album-2,6.9,False,133,2024-02-10 12:37:31.116625,True,True,2026-08-08T00:56:44.307745,synthetic,illustrative_synthetic
2023/example-album-2,10.0,False,23,2024-02-13 11:17:07.295285,True,True,2026-08-08T00:56:44.307745,synthetic,illustrative_synthetic
2023/example-album-2,6.2,False,971,2024-02-16 09:56:43.473945,True,True,2026-08-08T00:56:44.307745,synthetic,illustrative_synthetic
2023/example-album-2,4.6,False,971,2024-02-19 08:36:19.652605,False,True,2026-08-08T00:56:44.307745,synthetic,illustrative_synthetic
2023/example-album-2,5.4,False,447,2024-02-22 07:15:55.831265,False,True,2026-08-08T00:56:44.307745,synthetic,illustrative_synthetic
2023/example-album-2,4.4,True,463,2024-02-25 05:55:32.009925,True,True,2026-08-08T00:56:44.307745,synthetic,illustrative_synthetic
2023/example-album-2,9.3,False,485,2024-02-28 04:35:08.188585,True,True,2026-08-08T00:56:44.307745,synthetic,illustrative_synthetic
2023/example-album-2,10.0,True,1477,2024-03-02 03:14:44.367245,True,True,2026-08-08T00:56:44.307745,synthetic,illustrative_synthetic
2023/example-album-2,7.3,False,27,2024-03-05 01:54:20.545905,True,True,2026-08-08T00:56:44.307745,synthetic,illustrative_synthetic
2023/example-album-2,7.8,False,15,2024-03-08 00:33:56.724565,True,True,2026-08-08T00:56:44.307745,synthetic,illustrative_synthetic
2023/example-album-2,8.0,True,95,2024-03-10 23:13:32.903225,False,True,2026-08-08T00:56:44.307745,synthetic,illustrative_synthetic
2023/example-album-2,8.0,False,270,2024-03-13 21:53:09.081885,True,True,2026-08-08T00:56:44.307745,synthetic,illustrative_synthetic
2023/example-album-2,8.8,False,431,2024-03-16 20:32:45.260545,True,True,2026-08-08T00:56:44.307745,synthetic,illustrative_synthetic
2023/example-album-2,10.0,False,220,2024-03-19 19:12:21.439205,False,True,2026-08-08T00:56:44.307745,synthetic,illustrative_synthetic
2023/example-album-2,10.0,True,335,2024-03-22 17:51:57.617866,True,True,2026-08-08T00:56:44.307745,synthetic,illustrative_synthetic
2023/example-album-2,9.1,False,179,2024-03-25 16:31:33.796526,True,True,2026-08-08T00:56:44.307745,synthetic,illustrative_synthetic
2023/example-album-2,8.3,False,192,2024-03-28 15:11:09.975186,True,True,2026-08-08T00:56:44.307745,synthetic,illustrative_synthetic
2023/example-album-2,10.0,False,137,2024-03-31 13:50:46.153846,False,True,2026-08-08T00:56:44.307745,synthetic,illustrative_synthetic
2023/example-album-2,8.9,True,279,2024-04-03 12:30:22.332506,True,True,2026-08-08T00:56:44.307745,synthetic,illustrative_synthetic
2023/example-album-2,6.8,False,39,2024-04-06 11:09:58.511166,False,True,2026-08-08T00:56:44.307745,synthetic,illustrative_synthetic
2023/example-album-2,7.4,False,25,2024-04-09 09:49:34.689826,False,True,2026-08-08T00:56:44.307745,synthetic,illustrative_synthetic
2023/example-album-2,6.3,False,208,2024-04-12 08:29:10.868486,True,True,2026-08-08T00:56:44.307745,synthetic,illustrative_synthetic
2023/example-album-2,9.4,True,131,2024-04-15 07:08:47.047146,False,True,2026-08-08T00:56:44.307745,synthetic,illustrative_synthetic
2023/example-album-2,6.3,True,132,2024-04-18 05:48:23.225806,True,True,2026-08-08T00:56:44.307745,synthetic,illustrative_synthetic
2023/example-album-2,7.7,True,695,2024-04-21 04:27:59.404466,True,True,2026-08-08T00:56:44.307745,synthetic,illustrative_synthetic
2023/example-album-2,9.1,False,1657,2024-04-24 03:07:35.583126,True,True,2026-08-08T00:56:44.307745,synthetic,illustrative_synthetic
2023/example-album-2,8.8,False,288,2024-04-27 01:47:11.761786,False,True,2026-08-08T00:56:44.307745,synthetic,illustrative_synthetic
2023/example-album-2,6.8,False,52,2024-04-30 00:26:47.940446,True,True,2026-08-08T00:56:44.307745,synthetic,illustrative_synthetic
2023/example-album-2,5.7,False,459,2024-05-02 23:06:24.119106,True,True,2026-08-08T00:56:44.307745,synthetic,illustrative_synthetic
2023/example-album-2,6.9,True,245,2024-05-05 21:46:00.297766,False,True,2026-08-08T00:56:44.307745,synthetic,illustrative_synthetic
2023/example-album-2,3.6,False,426,2024-05-08 20:25:36.476426,True,True,2026-08-08T00:56:44.307745,synthetic,illustrative_synthetic
2023/example-album-2,8.0,False,301,2024-05-11 19:05:12.655086,False,True,2026-08-08T00:56:44.307745,synthetic,illustrative_synthetic
2023/example-album-2,4.4,False,35,2024-05-14 17:44:48.833746,False,True,2026-08-08T00:56:44.307745,synthetic,illustrative_synthetic
2023/example-album-2,6.7,False,318,2024-05-17 16:24:25.012406,True,True,2026-08-08T00:56:44.307745,synthetic,illustrative_synthetic
2023/example-album-2,9.5,True,310,2024-05-20 15:04:01.191067,False,True,2026-08-08T00:56:44.307745,synthetic,illustrative_synthetic
2023/example-album-2,6.9,False,1087,2024-05-23 13:43:37.369727,False,True,2026-08-08T00:56:44.307745,synthetic,illustrative_synthetic
2023/example-album-2,6.7,False,718,2024-05-26 12:23:13.548387,True,True,2026-08-08T00:56:44.307745,synthetic,illustrative_synthetic
2023/example-album-2,7.7,False,1304,2024-05-29 11:02:49.727047,False,True,2026-08-08T00:56:44.307745,synthetic,illustrative_synthetic
2023/example-album-2,8.1,False,856,2024-06-01 09:42:25.905707,False,True,2026-08-08T00:56:44.307745,synthetic,illustrative_synthetic
2023/example-album-2,9.0,False,36,2024-06-04 08:22:02.084367,False,True,2026-08-08T00:56:44.307745,synthetic,illustrative_synthetic
2023/example-album-2,7.4,True,19,2024-06-07 07:01:38.263027,False,True,2026-08-08T00:56:44.307745,synthetic,illustrative_synthetic
2023/example-album-2,6.8,False,627,2024-06-10 05:41:14.441687,True,True,2026-08-08T00:56:44.307745,synthetic,illustrative_synthetic
2023/example-album-2,4.7,False,456,2024-06-13 04:20:50.620347,True,True,2026-08-08T00:56:44.307745,synthetic,illustrative_synthetic
2023/example-album-2,4.2,False,29,2024-06-16 03:00:26.799007,True,True,2026-08-08T00:56:44.307745,synthetic,illustrative_synthetic
2023/example-album-2,7.3,True,42,2024-06-19 01:40:02.977667,True,True,2026-08-08T00:56:44.307745,synthetic,illustrative_synthetic
2023/example-album-2,7.7,False,379,2024-06-22 00:19:39.156327,False,True,2026-08-08T00:56:44.307745,synthetic,illustrative_synthetic
2023/example-album-2,8.0,False,178,2024-06-24 22:59:15.334987,False,True,2026-08-08T00:56:44.307745,synthetic,illustrative_synthetic
2023/example-album-2,6.6,False,408,2024-06-27 21:38:51.513647,True,True,2026-08-08T00:56:44.307745,synthetic,illustrative_synthetic
2023/example-album-2,7.0,False,128,2024-06-30 20:18:27.692307,True,True,2026-08-08T00:56:44.307745,synthetic,illustrative_synthetic
2023/example-album-2,6.6,False,86,2024-07-03 18:58:03.870967,False,True,2026-08-08T00:56:44.307745,synthetic,illustrative_synthetic
2023/example-album-2,6.3,False,981,2024-07-06 17:37:40.049627,True,True,2026-08-08T00:56:44.307745,synthetic,illustrative_synthetic
2023/example-album-2,5.5,False,119,2024-07-09 16:17:16.228287,False,True,2026-08-08T00:56:44.307745,synthetic,illustrative_synthetic
2023/example-album-2,10.0,True,719,2024-07-12 14:56:52.406947,False,True,2026-08-08T00:56:44.307745,synthetic,illustrative_synthetic
2023/example-album-2,4.2,False,116,2024-07-15 13:36:28.585607,True,True,2026-08-08T00:56:44.307745,synthetic,illustrative_synthetic
2023/example-album-2,6.8,False,0,2024-07-18 12:16:04.764268,True,True,2026-08-08T00:56:44.307745,synthetic,illustrative_synthetic
2023/example-album-2,6.1,False,3,2024-07-21 10:55:40.942928,False,True,2026-08-08T00:56:44.307745,synthetic,illustrative_synthetic
2023/example-album-2,8.1,False,211,2024-07-24 09:35:17.121588,True,True,2026-08-08T00:56:44.307745,synthetic,illustrative_synthetic
2023/example-album-2,7.9,False,361,2024-07-27 08:14:53.300248,False,True,2026-08-08T00:56:44.307745,synthetic,illustrative_synthetic
2023/example-album-2,8.2,False,31,2024-07-30 06:54:29.478908,True,True,2026-08-08T00:56:44.307745,synthetic,illustrative_synthetic
2023/example-album-2,7.3,False,142,2024-08-02 05:34:05.657568,True,True,2026-08-08T00:56:44.307745,synthetic,illustrative_synthetic
2023/example-album-2,8.7,True,167,2024-08-05 04:13:41.836228,True,True,2026-08-08T00:56:44.307745,synthetic,illustrative_synthetic
2023/example-album-2,7.5,False,164,2024-08-08 02:53:18.014888,False,True,2026-08-08T00:56:44.307745,synthetic,illustrative_synthetic
2023/example-album-2,7.2,False,469,2024-08-11 01:32:54.193548,False,True,2026-08-08T00:56:44.307745,synthetic,illustrative_synthetic
2023/example-album-2,6.2,False,147,2024-08-14 00:12:30.372208,False,True,2026-08-08T00:56:44.307745,synthetic,illustrative_synthetic
2023/example-album-2,7.5,False,264,2024-08-16 22:52:06.550868,True,True,2026-08-08T00:56:44.307745,synthetic,illustrative_synthetic
2023/example-album-2,7.3,True,242,2024-08-19 21:31:42.729528,False,True,2026-08-08T00:56:44.307745,synthetic,illustrative_synthetic
2023/example-album-2,10.0,False,145,2024-08-22 20:11:18.908188,True,True,2026-08-08T00:56:44.307745,synthetic,illustrative_synthetic
2023/example-album-2,6.6,False,40,2024-08-25 18:50:55.086848,True,True,2026-08-08T00:56:44.307745,synthetic,illustrative_synthetic
2023/example-album-2,10.0,False,103,2024-08-28 17:30:31.265508,False,True,2026-08-08T00:56:44.307745,synthetic,illustrative_synthetic
2023/example-album-2,7.9,False,1,2024-08-31 16:10:07.444168,True,True,2026-08-08T00:56:44.307745,synthetic,illustrative_synthetic
2023/example-album-2,6.8,False,174,2024-09-03 14:49:43.622828,False,True,2026-08-08T00:56:44.307745,synthetic,illustrative_synthetic
2023/example-album-2,7.7,True,343,2024-09-06 13:29:19.801488,True,True,2026-08-08T00:56:44.307745,synthetic,illustrative_synthetic
2023/example-album-2,7.5,False,288,2024-09-09 12:08:55.980148,True,True,2026-08-08T00:56:44.307745,synthetic,illustrative_synthetic
2023/example-album-2,8.2,False,629,2024-09-12 10:48:32.158808,True,True,2026-08-08T00:56:44.307745,synthetic,illustrative_synthetic
2023/example-album-2,8.4,True,247,2024-09-15 09:28:08.337468,False,True,2026-08-08T00:56:44.307745,synthetic,illustrative_synthetic
2023/example-album-2,5.9,False,87,2024-09-18 08:07:44.516129,True,True,2026-08-08T00:56:44.307745,synthetic,illustrative_synthetic
2023/example-album-2,4.9,False,78,2024-09-21 06:47:20.694789,False,True,2026-08-08T00:56:44.307745,synthetic,illustrative_synthetic
2023/example-album-2,5.1,False,391,2024-09-24 05:26:56.873449,True,True,2026-08-08T00:56:44.307745,synthetic,illustrative_synthetic
2023/example-album-2,9.5,False,35,2024-09-27 04:06:33.052109,False,True,2026-08-08T00:56:44.307745,synthetic,illustrative_synthetic
2023/example-album-2,7.7,False,31,2024-09-30 02:46:09.230769,True,True,2026-08-08T00:56:44.307745,synthetic,illustrative_synthetic
2023/example-album-2,8.7,True,957,2024-10-03 01:25:45.409429,True,True,2026-08-08T00:56:44.307745,synthetic,illustrative_synthetic
2023/example-album-2,8.1,False,202,2024-10-06 00:05:21.588089,False,True,2026-08-08T00:56:44.307745,synthetic,illustrative_synthetic
2023/example-album-2,8.0,False,191,2024-10-08 22:44:57.766749,False,True,2026-08-08T00:56:44.307745,synthetic,illustrative_synthetic
2023/example-album-2,8.5,False,304,2024-10-11 21:24:33.945409,True,True,2026-08-08T00:56:44.307745,synthetic,illustrative_synthetic
2023/example-album-2,6.1,False,696,2024-10-14 20:04:10.124069,True,True,2026-08-08T00:56:44.307745,synthetic,illustrative_synthetic
2023/example-album-2,6.2,True,541,2024-10-17 18:43:46.302729,True,True,2026-08-08T00:56:44.307745,synthetic,illustrative_synthetic
2023/example-album-2,4.0,False,200,2024-10-20 17:23:22.481389,False,True,2026-08-08T00:56:44.307745,synthetic,illustrative_synthetic
2023/example-album-2,6.3,True,397,2024-10-23 16:02:58.660049,False,True,2026-08-08T00:56:44.307745,synthetic,illustrative_synthetic
2023/example-album-2,5.2,False,202,2024-10-26 14:42:34.838709,False,True,2026-08-08T00:56:44.307745,synthetic,illustrative_synthetic
2023/example-album-2,7.2,False,676,2024-10-29 13:22:11.017369,False,True,2026-08-08T00:56:44.307745,synthetic,illustrative_synthetic
2023/example-album-2,6.9,False,335,2024-11-01 12:01:47.196029,False,True,2026-08-08T00:56:44.307745,synthetic,illustrative_synthetic
2023/example-album-2,6.6,False,277,2024-11-04 10:41:23.374689,True,True,2026-08-08T00:56:44.307745,synthetic,illustrative_synthetic
2023/example-album-2,7.2,False,290,2024-11-07 09:20:59.553349,True,True,2026-08-08T00:56:44.307745,synthetic,illustrative_synthetic
2023/example-album-2,8.1,True,40,2024-11-10 08:00:35.732009,False,True,2026-08-08T00:56:44.307745,synthetic,illustrative_synthetic
2023/example-album-2,8.8,False,696,2024-11-13 06:40:11.910669,True,True,2026-08-08T00:56:44.307745,synthetic,illustrative_synthetic
2023/example-album-2,6.5,True,909,2024-11-16 05:19:48.089330,True,True,2026-08-08T00:56:44.307745,synthetic,illustrative_synthetic
2023/example-album-2,7.8,False,60,2024-11-19 03:59:24.267990,False,True,2026-08-08T00:56:44.307745,synthetic,illustrative_synthetic
2023/example-album-2,10.0,False,15,2024-11-22 02:39:00.446650,False,True,2026-08-08T00:56:44.307745,synthetic,illustrative_synthetic
2023/example-album-2,7.9,False,163,2024-11-25 01:18:36.625310,False,True,2026-08-08T00:56:44.307745,synthetic,illustrative_synthetic
2023/example-album-2,5.1,True,145,2024-11-27 23:58:12.803970,True,True,2026-08-08T00:56:44.307745,synthetic,illustrative_synthetic
2023/example-album-2,2.3,False,277,2024-11-30 22:37:48.982630,False,True,2026-08-08T00:56:44.307745,synthetic,illustrative_synthetic
2023/example-album-2,7.9,False,63,2024-12-03 21:17:25.161290,True,True,2026-08-08T00:56:44.307745,synthetic,illustrative_synthetic
2023/example-album-2,7.9,False,119,2024-12-06 19:57:01.339950,True,True,2026-08-08T00:56:44.307745,synthetic,illustrative_synthetic
2023/example-album-2,6.0,True,210,2024-12-09 18:36:37.518610,False,True,2026-08-08T00:56:44.307745,synthetic,illustrative_synthetic
2023/example-album-2,6.1,True,30,2024-12-12 17:16:13.697270,False,True,2026-08-08T00:56:44.307745,synthetic,illustrative_synthetic
2023/example-album-2,6.8,False,60,2024-12-15 15:55:49.875930,False,True,2026-08-08T00:56:44.307745,synthetic,illustrative_synthetic
2023/example-album-2,10.0,True,420,2024-12-18 14:35:26.054590,False,True,2026-08-08T00:56:44.307745,synthetic,illustrative_synthetic
2023/example-album-2,9.8,False,35,2024-12-21 13:15:02.233250,False,True,2026-08-08T00:56:44.307745,synthetic,illustrative_synthetic
2023/example-album-2,7.1,False,922,2024-12-24 11:54:38.411910,True,True,2026-08-08T00:56:44.307745,synthetic,illustrative_synthetic
2023/example-album-2,9.3,True,328,2024-12-27 10:34:14.590570,True,True,2026-08-08T00:56:44.307745,synthetic,illustrative_synthetic
2023/example-album-2,8.1,False,596,2024-12-30 09:13:50.769230,False,True,2026-08-08T00:56:44.307745,synthetic,illustrative_synthetic
2023/example-album-2,5.9,False,57,2025-01-02 07:53:26.947890,False,True,2026-08-08T00:56:44.307745,synthetic,illustrative_synthetic
2023/example-album-2,5.8,True,122,2025-01-05 06:33:03.126550,True,True,2026-08-08T00:56:44.307745,synthetic,illustrative_synthetic
2023/example-album-2,10.0,False,501,2025-01-08 05:12:39.305210,True,True,2026-08-08T00:56:44.307745,synthetic,illustrative_synthetic
2023/example-album-2,8.1,True,179,2025-01-11 03:52:15.483870,True,True,2026-08-08T00:56:44.307745,synthetic,illustrative_synthetic
2023/example-album-2,4.1,False,1211,2025-01-14 02:31:51.662531,True,True,2026-08-08T00:56:44.307745,synthetic,illustrative_synthetic
2023/example-album-2,5.0,False,398,2025-01-17 01:11:27.841191,False,True,2026-08-08T00:56:44.307745,synthetic,illustrative_synthetic
2023/example-album-2,10.0,False,1345,2025-01-19 23:51:04.019851,True,True,2026-08-08T00:56:44.307745,synthetic,illustrative_synthetic
2023/example-album-2,5.5,False,82,2025-01-22 22:30:40.198511,True,True,2026-08-08T00:56:44.307745,synthetic,illustrative_synthetic
2023/example-album-2,5.1,False,818,2025-01-25 21:10:16.377171,False,True,2026-08-08T00:56:44.307745,synthetic,illustrative_synthetic
2023/example-album-2,5.8,True,46,2025-01-28 19:49:52.555831,True,True,2026-08-08T00:56:44.307745,synthetic,illustrative_synthetic
2023/example-album-2,8.1,False,538,2025-01-31 18:29:28.734491,True,True,2026-08-08T00:56:44.307745,synthetic,illustrative_synthetic
2023/example-album-2,10.0,False,258,2025-02-03 17:09:04.913151,True,True,2026-08-08T00:56:44.307745,synthetic,illustrative_synthetic
2023/example-album-2,9.1,False,8,2025-02-06 15:48:41.091811,True,True,2026-08-08T00:56:44.307745,synthetic,illustrative_synthetic
2023/example-album-2,5.3,True,4,2025-02-09 14:28:17.270471,True,True,2026-08-08T00:56:44.307745,synthetic,illustrative_synthetic
2023/example-album-2,7.8,False,375,2025-02-12 13:07:53.449131,True,True,2026-08-08T00:56:44.307745,synthetic,illustrative_synthetic
2023/example-album-2,7.5,False,71,2025-02-15 11:47:29.627791,True,True,2026-08-08T00:56:44.307745,synthetic,illustrative_synthetic
2023/example-album-2,6.5,False,61,2025-02-18 10:27:05.806451,True,True,2026-08-08T00:56:44.307745,synthetic,illustrative_synthetic
2023/example-album-2,7.1,False,858,2025-02-21 09:06:41.985111,True,True,2026-08-08T00:56:44.307745,synthetic,illustrative_synthetic
2023/example-album-2,5.8,True,45,2025-02-24 07:46:18.163771,True,True,2026-08-08T00:56:44.307745,synthetic,illustrative_synthetic
2023/example-album-2,6.6,False,164,2025-02-27 06:25:54.342431,False,True,2026-08-08T00:56:44.307745,synthetic,illustrative_synthetic
2023/example-album-2,7.6,False,105,2025-03-02 05:05:30.521091,True,True,2026-08-08T00:56:44.307745,synthetic,illustrative_synthetic
2023/example-album-2,5.5,True,492,2025-03-05 03:45:06.699751,True,True,2026-08-08T00:56:44.307745,synthetic,illustrative_synthetic
2023/example-album-2,5.3,False,617,2025-03-08 02:24:42.878411,False,True,2026-08-08T00:56:44.307745,synthetic,illustrative_synthetic
2023/example-album-2,7.0,False,172,2025-03-11 01:04:19.057071,True,True,2026-08-08T00:56:44.307745,synthetic,illustrative_synthetic
2023/example-album-2,6.0,False,406,2025-03-13 23:43:55.235732,True,True,2026-08-08T00:56:44.307745,synthetic,illustrative_synthetic
2023/example-album-2,4.6,False,62,2025-03-16 22:23:31.414392,False,True,2026-08-08T00:56:44.307745,synthetic,illustrative_synthetic
2023/example-album-2,5.1,True,716,2025-03-19 21:03:07.593052,True,True,2026-08-08T00:56:44.307745,synthetic,illustrative_synthetic
2023/example-album-2,1.9,True,16,2025-03-22 19:42:43.771712,True,True,2026-08-08T00:56:44.307745,synthetic,illustrative_synthetic
2023/example-album-2,9.9,False,543,2025-03-25 18:22:19.950372,False,True,2026-08-08T00:56:44.307745,synthetic,illustrative_synthetic
2023/example-album-2,9.6,False,231,2025-03-28 17:01:56.129032,False,True,2026-08-08T00:56:44.307745,synthetic,illustrative_synthetic
2023/example-album-2,6.2,True,253,2025-03-31 15:41:32.307692,True,True,2026-08-08T00:56:44.307745,synthetic,illustrative_synthetic
2023/example-album-2,9.3,False,474,2025-04-03 14:21:08.486352,True,True,2026-08-08T00:56:44.307745,synthetic,illustrative_synthetic
2023/example-album-2,10.0,False,85,2025-04-06 13:00:44.665012,True,True,2026-08-08T00:56:44.307745,synthetic,illustrative_synthetic
2023/example-album-2,8.1,False,302,2025-04-09 11:40:20.843672,False,True,2026-08-08T00:56:44.307745,synthetic,illustrative_synthetic
2023/example-album-2,10.0,False,220,2025-04-12 10:19:57.022332,True,True,2026-08-08T00:56:44.307745,synthetic,illustrative_synthetic
2023/example-album-2,6.0,False,281,2025-04-15 08:59:33.200992,True,True,2026-08-08T00:56:44.307745,synthetic,illustrative_synthetic
2023/example-album-2,4.5,False,151,2025-04-18 07:39:09.379652,True,True,2026-08-08T00:56:44.307745,synthetic,illustrative_synthetic
2023/example-album-2,6.6,False,32,2025-04-21 06:18:45.558312,False,True,2026-08-08T00:56:44.307745,synthetic,illustrative_synthetic
2023/example-album-2,8.0,False,662,2025-04-24 04:58:21.736972,True,True,2026-08-08T00:56:44.307745,synthetic,illustrative_synthetic
2023/example-album-2,7.5,True,257,2025-04-27 03:37:57.915632,True,True,2026-08-08T00:56:44.307745,synthetic,illustrative_synthetic
2023/example-album-2,9.7,True,138,2025-04-30 02:17:34.094292,True,True,2026-08-08T00:56:44.307745,synthetic,illustrative_synthetic
2023/example-album-2,7.2,False,378,2025-05-03 00:57:10.272952,False,True,2026-08-08T00:56:44.307745,synthetic,illustrative_synthetic
2023/example-album-2,4.9,True,67,2025-05-05 23:36:46.451612,True,True,2026-08-08T00:56:44.307745,synthetic,illustrative_synthetic
2023/example-album-2,6.3,False,878,2025-05-08 22:16:22.630272,False,True,2026-08-08T00:56:44.307745,synthetic,illustrative_synthetic
2023/example-album-2,8.3,False,31,2025-05-11 20:55:58.808933,True,True,2026-08-08T00:56:44.307745,synthetic,illustrative_synthetic
2023/example-album-2,8.0,False,248,2025-05-14 19:35:34.987593,True,True,2026-08-08T00:56:44.307745,synthetic,illustrative_synthetic
2023/example-album-2,6.9,False,910,2025-05-17 18:15:11.166253,True,True,2026-08-08T00:56:44.307745,synthetic,illustrative_synthetic
2023/example-album-2,6.1,False,918,2025-05-20 16:54:47.344913,True,True,2026-08-08T00:56:44.307745,synthetic,illustrative_synthetic
2023/example-album-2,9.7,True,87,2025-05-23 15:34:23.523573,True,True,2026-08-08T00:56:44.307745,synthetic,illustrative_synthetic
2023/example-album-2,8.4,False,18,2025-05-26 14:13:59.702233,False,True,2026-08-08T00:56:44.307745,synthetic,illustrative_synthetic
2023/example-album-2,4.2,False,162,2025-05-29 12:53:35.880893,True,True,2026-08-08T00:56:44.307745,synthetic,illustrative_synthetic
2023/example-album-2,6.6,False,61,2025-06-01 11:33:12.059553,False,True,2026-08-08T00:56:44.307745,synthetic,illustrative_synthetic
2023/example-album-2,5.9,False,181,2025-06-04 10:12:48.238213,True,True,2026-08-08T00:56:44.307745,synthetic,illustrative_synthetic
2023/example-album-2,6.5,False,69,2025-06-07 08:52:24.416873,True,True,2026-08-08T00:56:44.307745,synthetic,illustrative_synthetic
2023/example-album-2,5.4,False,10,2025-06-10 07:32:00.595533,True,True,2026-08-08T00:56:44.307745,synthetic,illustrative_synthetic
2023/example-album-2,6.1,False,88,2025-06-13 06:11:36.774193,True,True,2026-08-08T00:56:44.307745,synthetic,illustrative_synthetic
2023/example-album-2,6.7,False,951,2025-06-16 04:51:12.952853,True,True,2026-08-08T00:56:44.307745,synthetic,illustrative_synthetic
2023/example-album-2,7.4,False,39,2025-06-19 03:30:49.131513,False,True,2026-08-08T00:56:44.307745,synthetic,illustrative_synthetic
2023/example-album-2,6.8,True,98,2025-06-22 02:10:25.310173,False,True,2026-08-08T00:56:44.307745,synthetic,illustrative_synthetic
2023/example-album-2,7.3,False,161,2025-06-25 00:50:01.488833,False,True,2026-08-08T00:56:44.307745,synthetic,illustrative_synthetic
2023/example-album-2,4.3,False,387,2025-06-27 23:29:37.667493,False,True,2026-08-08T00:56:44.307745,synthetic,illustrative_synthetic
2023/example-album-2,2.1,False,554,2025-06-30 22:09:13.846153,True,True,2026-08-08T00:56:44.307745,synthetic,illustrative_synthetic
2023/example-album-2,8.8,False,254,2025-07-03 20:48:50.024813,True,True,2026-08-08T00:56:44.307745,synthetic,illustrative_synthetic
2023/example-album-2,8.2,False,901,2025-07-06 19:28:26.203473,True,True,2026-08-08T00:56:44.307745,synthetic,illustrative_synthetic
2023/example-album-2,4.0,False,69,2025-07-09 18:08:02.382134,False,True,2026-08-08T00:56:44.307745,synthetic,illustrative_synthetic
2023/example-album-2,10.0,False,610,2025-07-12 16:47:38.560794,True,True,2026-08-08T00:56:44.307745,synthetic,illustrative_synthetic
2023/example-album-2,3.2,False,184,2025-07-15 15:27:14.739454,True,True,2026-08-08T00:56:44.307745,synthetic,illustrative_synthetic
2023/example-album-2,1.5,False,402,2025-07-18 14:06:50.918114,False,True,2026-08-08T00:56:44.307745,synthetic,illustrative_synthetic
2023/example-album-2,8.6,False,37,2025-07-21 12:46:27.096774,True,True,2026-08-08T00:56:44.307745,synthetic,illustrative_synthetic
2023/example-album-2,6.1,False,243,2025-07-24 11:26:03.275434,False,True,2026-08-08T00:56:44.307745,synthetic,illustrative_synthetic
2023/example-album-2,3.5,True,318,2025-07-27 10:05:39.454094,True,True,2026-08-08T00:56:44.307745,synthetic,illustrative_synthetic
2023/example-album-2,6.5,False,454,2025-07-30 08:45:15.632754,False,True,2026-08-08T00:56:44.307745,synthetic,illustrative_synthetic
2023/example-album-2,6.4,False,1612,2025-08-02 07:24:51.811414,False,True,2026-08-08T00:56:44.307745,synthetic,illustrative_synthetic
2023/example-album-2,7.4,False,795,2025-08-05 06:04:27.990074,False,True,2026-08-08T00:56:44.307745,synthetic,illustrative_synthetic
2023/example-album-2,7.4,True,189,2025-08-08 04:44:04.168734,True,True,2026-08-08T00:56:44.307745,synthetic,illustrative_synthetic
2023/example-album-2,4.1,False,122,2025-08-11 03:23:40.347394,True,True,2026-08-08T00:56:44.307745,synthetic,illustrative_synthetic
2023/example-album-2,6.3,True,148,2025-08-14 02:03:16.526054,True,True,2026-08-08T00:56:44.307745,synthetic,illustrative_synthetic
2023/example-album-2,9.1,False,1084,2025-08-17 00:42:52.704714,True,True,2026-08-08T00:56:44.307745,synthetic,illustrative_synthetic
2023/example-album-2,9.7,True,70,2025-08-19 23:22:28.883374,True,True,2026-08-08T00:56:44.307745,synthetic,illustrative_synthetic
2023/example-album-2,8.5,False,1228,2025-08-22 22:02:05.062034,True,True,2026-08-08T00:56:44.307745,synthetic,illustrative_synthetic
2023/example-album-2,7.1,False,405,2025-08-25 20:41:41.240694,True,True,2026-08-08T00:56:44.307745,synthetic,illustrative_synthetic
2023/example-album-2,6.3,False,136,2025-08-28 19:21:17.419354,True,True,2026-08-08T00:56:44.307745,synthetic,illustrative_synthetic
2023/example-album-2,6.1,False,650,2025-08-31 18:00:53.598014,False,True,2026-08-08T00:56:44.307745,synthetic,illustrative_synthetic
2023/example-album-2,6.8,False,114,2025-09-03 16:40:29.776674,True,True,2026-08-08T00:56:44.307745,synthetic,illustrative_synthetic
2023/example-album-2,7.4,False,388,2025-09-06 15:20:05.955334,True,True,2026-08-08T00:56:44.307745,synthetic,illustrative_synthetic
2023/example-album-2,5.1,False,171,2025-09-09 13:59:42.133995,True,True,2026-08-08T00:56:44.307745,synthetic,illustrative_synthetic
2023/example-album-2,4.8,False,222,2025-09-12 12:39:18.312655,True,True,2026-08-08T00:56:44.307745,synthetic,illustrative_synthetic
2023/example-album-2,7.3,True,424,2025-09-15 11:18:54.491315,False,True,2026-08-08T00:56:44.307745,synthetic,illustrative_synthetic
2023/example-album-2,9.9,True,320,2025-09-18 09:58:30.669975,True,True,2026-08-08T00:56:44.307745,synthetic,illustrative_synthetic
2023/example-album-2,5.7,False,6,2025-09-21 08:38:06.848635,False,True,2026-08-08T00:56:44.307745,synthetic,illustrative_synthetic
2023/example-album-2,7.7,False,147,2025-09-24 07:17:43.027295,False,True,2026-08-08T00:56:44.307745,synthetic,illustrative_synthetic
2023/example-album-2,9.1,False,203,2025-09-27 05:57:19.205955,False,True,2026-08-08T00:56:44.307745,synthetic,illustrative_synthetic
2023/example-album-2,7.2,True,61,2025-09-30 04:36:55.384615,False,True,2026-08-08T00:56:44.307745,synthetic,illustrative_synthetic
2023/example-album-2,6.2,False,319,2025-10-03 03:16:31.563275,False,True,2026-08-08T00:56:44.307745,synthetic,illustrative_synthetic
2023/example-album-2,7.3,False,169,2025-10-06 01:56:07.741935,True,True,2026-08-08T00:56:44.307745,synthetic,illustrative_synthetic
2023/example-album-2,6.5,False,389,2025-10-09 00:35:43.920595,True,True,2026-08-08T00:56:44.307745,synthetic,illustrative_synthetic
2023/example-album-2,5.7,False,1,2025-10-11 23:15:20.099255,False,True,2026-08-08T00:56:44.307745,synthetic,illustrative_synthetic
2023/example-album-2,8.3,False,879,2025-10-14 21:54:56.277915,True,True,2026-08-08T00:56:44.307745,synthetic,illustrative_synthetic
2023/example-album-2,7.4,False,96,2025-10-17 20:34:32.456575,True,True,2026-08-08T00:56:44.307745,synthetic,illustrative_synthetic
2023/example-album-2,5.9,False,157,2025-10-20 19:14:08.635235,True,True,2026-08-08T00:56:44.307745,synthetic,illustrative_synthetic
2023/example-album-2,6.7,False,167,2025-10-23 17:53:44.813895,True,True,2026-08-08T00:56:44.307745,synthetic,illustrative_synthetic
2023/example-album-2,1.0,False,93,2025-10-26 16:33:20.992555,True,True,2026-08-08T00:56:44.307745,synthetic,illustrative_synthetic
2023/example-album-2,7.7,False,167,2025-10-29 15:12:57.171215,True,True,2026-08-08T00:56:44.307745,synthetic,illustrative_synthetic
2023/example-album-2,8.9,False,179,2025-11-01 13:52:33.349875,True,True,2026-08-08T00:56:44.307745,synthetic,illustrative_synthetic
2023/example-album-2,6.7,False,0,2025-11-04 12:32:09.528535,True,True,2026-08-08T00:56:44.307745,synthetic,illustrative_synthetic
2023/example-album-2,6.6,False,133,2025-11-07 11:11:45.707196,True,True,2026-08-08T00:56:44.307745,synthetic,illustrative_synthetic
2023/example-album-2,3.3,True,11,2025-11-10 09:51:21.885856,False,True,2026-08-08T00:56:44.307745,synthetic,illustrative_synthetic
2023/example-album-2,10.0,False,361,2025-11-13 08:30:58.064516,True,True,2026-08-08T00:56:44.307745,synthetic,illustrative_synthetic
2023/example-album-2,7.4,False,323,2025-11-16 07:10:34.243176,False,True,2026-08-08T00:56:44.307745,synthetic,illustrative_synthetic
2023/example-album-2,3.4,False,272,2025-11-19 05:50:10.421836,True,True,2026-08-08T00:56:44.307745,synthetic,illustrative_synthetic
2023/example-album-2,2.7,False,210,2025-11-22 04:29:46.600496,True,True,2026-08-08T00:56:44.307745,synthetic,illustrative_synthetic
2023/example-album-2,6.9,True,236,2025-11-25 03:09:22.779156,False,True,2026-08-08T00:56:44.307745,synthetic,illustrative_synthetic
2023/example-album-2,5.5,False,676,2025-11-28 01:48:58.957816,False,True,2026-08-08T00:56:44.307745,synthetic,illustrative_synthetic
2023/example-album-2,5.4,False,70,2025-12-01 00:28:35.136476,False,True,2026-08-08T00:56:44.307745,synthetic,illustrative_synthetic
2023/example-album-2,6.0,False,264,2025-12-03 23:08:11.315136,False,True,2026-08-08T00:56:44.307745,synthetic,illustrative_synthetic
2023/example-album-2,7.6,False,1227,2025-12-06 21:47:47.493796,False,True,2026-08-08T00:56:44.307745,synthetic,illustrative_synthetic
2023/example-album-2,8.9,False,179,2025-12-09 20:27:23.672456,False,True,2026-08-08T00:56:44.307745,synthetic,illustrative_synthetic
2023/example-album-2,8.6,False,74,2025-12-12 19:06:59.851116,False,True,2026-08-08T00:56:44.307745,synthetic,illustrative_synthetic
2023/example-album-2,7.9,False,133,2025-12-15 17:46:36.029776,False,True,2026-08-08T00:56:44.307745,synthetic,illustrative_synthetic
2023/example-album-2,1.7,True,151,2025-12-18 16:26:12.208436,True,True,2026-08-08T00:56:44.307745,synthetic,illustrative_synthetic
2023/example-album-2,7.9,True,163,2025-12-21 15:05:48.387096,True,True,2026-08-08T00:56:44.307745,synthetic,illustrative_synthetic
2023/example-album-2,6.0,False,45,2025-12-24 13:45:24.565756,True,True,2026-08-08T00:56:44.307745,synthetic,illustrative_synthetic
2023/example-album-2,7.5,True,217,2025-12-27 12:25:00.744416,True,True,2026-08-08T00:56:44.307745,synthetic,illustrative_synthetic
2023/example-album-2,10.0,False,329,2025-12-30 11:04:36.923076,False,True,2026-08-08T00:56:44.307745,synthetic,illustrative_synthetic
2023/example-album-2,5.7,False,34,2026-01-02 09:44:13.101736,True,True,2026-08-08T00:56:44.307745,synthetic,illustrative_synthetic
2023/example-album-2,7.4,True,61,2026-01-05 08:23:49.280397,True,True,2026-08-08T00:56:44.307745,synthetic,illustrative_synthetic
2023/example-album-2,10.0,False,135,2026-01-08 07:03:25.459057,False,True,2026-08-08T00:56:44.307745,synthetic,illustrative_synthetic
2023/example-album-2,4.4,False,315,2026-01-11 05:43:01.637717,True,True,2026-08-08T00:56:44.307745,synthetic,illustrative_synthetic
2023/example-album-2,5.1,False,70,2026-01-14 04:22:37.816377,False,True,2026-08-08T00:56:44.307745,synthetic,illustrative_synthetic
2023/example-album-2,6.2,False,131,2026-01-17 03:02:13.995037,True,True,2026-08-08T00:56:44.307745,synthetic,illustrative_synthetic
2023/example-album-2,4.2,True,488,2026-01-20 01:41:50.173697,True,True,2026-08-08T00:56:44.307745,synthetic,illustrative_synthetic
2023/example-album-2,7.6,False,834,2026-01-23 00:21:26.352357,True,True,2026-08-08T00:56:44.307745,synthetic,illustrative_synthetic
2023/example-album-2,8.5,False,107,2026-01-25 23:01:02.531017,True,True,2026-08-08T00:56:44.307745,synthetic,illustrative_synthetic
2023/example-album-2,7.6,False,67,2026-01-28 21:40:38.709677,True,True,2026-08-08T00:56:44.307745,synthetic,illustrative_synthetic
2023/example-album-2,7.3,False,121,2026-01-31 20:20:14.888337,True,True,2026-08-08T00:56:44.307745,synthetic,illustrative_synthetic
2023/example-album-2,8.5,False,308,2026-02-03 18:59:51.066997,True,True,2026-08-08T00:56:44.307745,synthetic,illustrative_synthetic
2023/example-album-2,6.6,False,26,2026-02-06 17:39:27.245657,True,True,2026-08-08T00:56:44.307745,synthetic,illustrative_synthetic
2023/example-album-2,6.0,False,9,2026-02-09 16:19:03.424317,False,True,2026-08-08T00:56:44.307745,synthetic,illustrative_synthetic
2023/example-album-2,7.8,True,1196,2026-02-12 14:58:39.602977,True,True,2026-08-08T00:56:44.307745,synthetic,illustrative_synthetic
2023/example-album-2,5.4,False,16,2026-02-15 13:38:15.781637,True,True,2026-08-08T00:56:44.307745,synthetic,illustrative_synthetic
2023/example-album-2,6.0,False,276,2026-02-18 12:17:51.960297,True,True,2026-08-08T00:56:44.307745,synthetic,illustrative_synthetic
2023/example-album-2,5.7,False,569,2026-02-21 10:57:28.138957,False,True,2026-08-08T00:56:44.307745,synthetic,illustrative_synthetic
2023/example-album-2,4.9,False,147,2026-02-24 09:37:04.317617,False,True,2026-08-08T00:56:44.307745,synthetic,illustrative_synthetic
2023/example-album-2,8.3,False,4,2026-02-27 08:16:40.496277,False,True,2026-08-08T00:56:44.307745,synthetic,illustrative_synthetic
2023/example-album-2,7.9,False,346,2026-03-02 06:56:16.674937,False,True,2026-08-08T00:56:44.307745,synthetic,illustrative_synthetic
2023/example-album-2,6.6,False,38,2026-03-05 05:35:52.853598,True,True,2026-08-08T00:56:44.307745,synthetic,illustrative_synthetic
2023/example-album-2,7.0,False,51,2026-03-08 04:15:29.032258,False,True,2026-08-08T00:56:44.307745,synthetic,illustrative_synthetic
2023/example-album-2,7.0,True,218,2026-03-11 02:55:05.210918,True,True,2026-08-08T00:56:44.307745,synthetic,illustrative_synthetic
2023/example-album-2,5.6,False,221,2026-03-14 01:34:41.389578,False,True,2026-08-08T00:56:44.307745,synthetic,illustrative_synthetic
2023/example-album-2,9.2,False,947,2026-03-17 00:14:17.568238,True,True,2026-08-08T00:56:44.307745,synthetic,illustrative_synthetic
2023/example-album-2,8.4,False,19,2026-03-19 22:53:53.746898,True,True,2026-08-08T00:56:44.307745,synthetic,illustrative_synthetic
2023/example-album-2,4.6,False,151,2026-03-22 21:33:29.925558,False,True,2026-08-08T00:56:44.307745,synthetic,illustrative_synthetic
2023/example-album-2,5.1,False,831,2026-03-25 20:13:06.104218,False,True,2026-08-08T00:56:44.307745,synthetic,illustrative_synthetic
2023/example-album-2,7.2,False,32,2026-03-28 18:52:42.282878,False,True,2026-08-08T00:56:44.307745,synthetic,illustrative_synthetic
2023/example-album-2,6.9,True,496,2026-03-31 17:32:18.461538,True,True,2026-08-08T00:56:44.307745,synthetic,illustrative_synthetic
2023/example-album-2,7.0,True,41,2026-04-03 16:11:54.640198,True,True,2026-08-08T00:56:44.307745,synthetic,illustrative_synthetic
2023/example-album-2,6.2,True,185,2026-04-06 14:51:30.818858,True,True,2026-08-08T00:56:44.307745,synthetic,illustrative_synthetic
2023/example-album-2,7.5,False,322,2026-04-09 13:31:06.997518,True,True,2026-08-08T00:56:44.307745,synthetic,illustrative_synthetic
2023/example-album-2,8.7,False,80,2026-04-12 12:10:43.176178,True,True,2026-08-08T00:56:44.307745,synthetic,illustrative_synthetic
2023/example-album-2,5.9,False,70,2026-04-15 10:50:19.354838,True,True,2026-08-08T00:56:44.307745,synthetic,illustrative_synthetic
2023/example-album-2,6.7,True,221,2026-04-18 09:29:55.533498,False,True,2026-08-08T00:56:44.307745,synthetic,illustrative_synthetic
2023/example-album-2,10.0,False,102,2026-04-21 08:09:31.712158,True,True,2026-08-08T00:56:44.307745,synthetic,illustrative_synthetic
2023/example-album-2,6.8,True,515,2026-04-24 06:49:07.890818,False,True,2026-08-08T00:56:44.307745,synthetic,illustrative_synthetic
2023/example-album-2,9.4,False,335,2026-04-27 05:28:44.069478,False,True,2026-08-08T00:56:44.307745,synthetic,illustrative_synthetic
2023/example-album-2,3.9,True,4,2026-04-30 04:08:20.248138,False,True,2026-08-08T00:56:44.307745,synthetic,illustrative_synthetic
2023/example-album-2,9.7,True,84,2026-05-03 02:47:56.426799,True,True,2026-08-08T00:56:44.307745,synthetic,illustrative_synthetic
2023/example-album-2,6.5,False,130,2026-05-06 01:27:32.605459,True,True,2026-08-08T00:56:44.307745,synthetic,illustrative_synthetic
2023/example-album-2,6.9,False,68,2026-05-09 00:07:08.784119,True,True,2026-08-08T00:56:44.307745,synthetic,illustrative_synthetic
2023/example-album-2,7.7,True,537,2026-05-11 22:46:44.962779,False,True,2026-08-08T00:56:44.307745,synthetic,illustrative_synthetic
2023/example-album-2,7.0,False,876,2026-05-14 21:26:21.141439,True,True,2026-08-08T00:56:44.307745,synthetic,illustrative_synthetic
2023/example-album-2,3.6,True,37,2026-05-17 20:05:57.320099,True,True,2026-08-08T00:56:44.307745,synthetic,illustrative_synthetic
2023/example-album-2,6.4,True,120,2026-05-20 18:45:33.498759,False,True,2026-08-08T00:56:44.307745,synthetic,illustrative_synthetic
2023/example-album-2,3.3,True,29,2026-05-23 17:25:09.677419,False,True,2026-08-08T00:56:44.307745,synthetic,illustrative_synthetic
2023/example-album-2,6.0,False,56,2026-05-26 16:04:45.856079,False,True,2026-08-08T00:56:44.307745,synthetic,illustrative_synthetic
2023/example-album-2,6.9,False,600,2026-05-29 14:44:22.034739,True,True,2026-08-08T00:56:44.307745,synthetic,illustrative_synthetic
2023/example-album-2,8.3,False,86,2026-06-01 13:23:58.213399,False,True,2026-08-08T00:56:44.307745,synthetic,illustrative_synthetic
2023/example-album-2,7.5,False,345,2026-06-04 12:03:34.392059,True,True,2026-08-08T00:56:44.307745,synthetic,illustrative_synthetic
2023/example-album-2,8.7,False,145,2026-06-07 10:43:10.570719,True,True,2026-08-08T00:56:44.307745,synthetic,illustrative_synthetic
2023/example-album-2,8.0,False,684,2026-06-10 09:22:46.749379,False,True,2026-08-08T00:56:44.307745,synthetic,illustrative_synthetic
2023/example-album-2,2.6,False,36,2026-06-13 08:02:22.928039,False,True,2026-08-08T00:56:44.307745,synthetic,illustrative_synthetic
2023/example-album-2,6.7,False,102,2026-06-16 06:41:59.106699,True,True,2026-08-08T00:56:44.307745,synthetic,illustrative_synthetic
2023/example-album-2,1.0,False,189,2026-06-19 05:21:35.285359,True,True,2026-08-08T00:56:44.307745,synthetic,illustrative_synthetic
2023/example-album-2,7.0,False,106,2026-06-22 04:01:11.464019,True,True,2026-08-08T00:56:44.307745,synthetic,illustrative_synthetic
2023/example-album-2,8.3,False,288,2026-06-25 02:40:47.642679,False,True,2026-08-08T00:56:44.307745,synthetic,illustrative_synthetic
2023/example-album-2,4.8,False,79,2026-06-28 01:20:23.821339,False,True,2026-08-08T00:56:44.307745,synthetic,illustrative_synthetic
2023/example-album-2,7.1,False,433,2026-07-01 00:00:00.000000,True,True,2026-08-08T00:56:44.307745,synthetic,illustrative_synthetic
2022/example-album-3,7.8,False,973,2020-01-01 00:00:00.000000,True,True,2026-08-08T00:56:44.307745,synthetic,illustrative_synthetic
2022/example-album-3,5.8,False,202,2020-01-04 04:45:16.981132,True,True,2026-08-08T00:56:44.307745,synthetic,illustrative_synthetic
2022/example-album-3,3.2,False,637,2020-01-07 09:30:33.962264,False,True,2026-08-08T00:56:44.307745,synthetic,illustrative_synthetic
2022/example-album-3,8.0,False,620,2020-01-10 14:15:50.943396,True,True,2026-08-08T00:56:44.307745,synthetic,illustrative_synthetic
2022/example-album-3,5.6,True,330,2020-01-13 19:01:07.924528,False,True,2026-08-08T00:56:44.307745,synthetic,illustrative_synthetic
2022/example-album-3,8.4,False,4522,2020-01-16 23:46:24.905660,False,True,2026-08-08T00:56:44.307745,synthetic,illustrative_synthetic
2022/example-album-3,5.8,True,1180,2020-01-20 04:31:41.886792,False,True,2026-08-08T00:56:44.307745,synthetic,illustrative_synthetic
2022/example-album-3,5.4,False,1207,2020-01-23 09:16:58.867924,True,True,2026-08-08T00:56:44.307745,synthetic,illustrative_synthetic
2022/example-album-3,7.5,False,520,2020-01-26 14:02:15.849056,True,True,2026-08-08T00:56:44.307745,synthetic,illustrative_synthetic
2022/example-album-3,10.0,False,1065,2020-01-29 18:47:32.830188,True,True,2026-08-08T00:56:44.307745,synthetic,illustrative_synthetic
2022/example-album-3,8.5,False,1220,2020-02-01 23:32:49.811320,False,True,2026-08-08T00:56:44.307745,synthetic,illustrative_synthetic
2022/example-album-3,7.4,False,143,2020-02-05 04:18:06.792452,True,True,2026-08-08T00:56:44.307745,synthetic,illustrative_synthetic
2022/example-album-3,7.8,True,272,2020-02-08 09:03:23.773584,False,True,2026-08-08T00:56:44.307745,synthetic,illustrative_synthetic
2022/example-album-3,4.0,False,279,2020-02-11 13:48:40.754716,True,True,2026-08-08T00:56:44.307745,synthetic,illustrative_synthetic
2022/example-album-3,5.2,False,577,2020-02-14 18:33:57.735849,True,True,2026-08-08T00:56:44.307745,synthetic,illustrative_synthetic
2022/example-album-3,2.7,False,1063,2020-02-17 23:19:14.716981,False,True,2026-08-08T00:56:44.307745,synthetic,illustrative_synthetic
2022/example-album-3,10.0,True,131,2020-02-21 04:04:31.698113,False,True,2026-08-08T00:56:44.307745,synthetic,illustrative_synthetic
2022/example-album-3,9.9,True,1515,2020-02-24 08:49:48.679245,True,True,2026-08-08T00:56:44.307745,synthetic,illustrative_synthetic
2022/example-album-3,7.9,False,639,2020-02-27 13:35:05.660377,False,True,2026-08-08T00:56:44.307745,synthetic,illustrative_synthetic
2022/example-album-3,7.4,True,737,2020-03-01 18:20:22.641509,True,True,2026-08-08T00:56:44.307745,synthetic,illustrative_synthetic
2022/example-album-3,4.4,False,1448,2020-03-04 23:05:39.622641,False,True,2026-08-08T00:56:44.307745,synthetic,illustrative_synthetic
2022/example-album-3,6.8,False,864,2020-03-08 03:50:56.603773,True,True,2026-08-08T00:56:44.307745,synthetic,illustrative_synthetic
2022/example-album-3,10.0,False,120,2020-03-11 08:36:13.584905,True,True,2026-08-08T00:56:44.307745,synthetic,illustrative_synthetic
2022/example-album-3,7.4,False,640,2020-03-14 13:21:30.566037,True,True,2026-08-08T00:56:44.307745,synthetic,illustrative_synthetic
2022/example-album-3,6.2,True,315,2020-03-17 18:06:47.547169,True,True,2026-08-08T00:56:44.307745,synthetic,illustrative_synthetic
2022/example-album-3,4.0,False,1607,2020-03-20 22:52:04.528301,False,True,2026-08-08T00:56:44.307745,synthetic,illustrative_synthetic
2022/example-album-3,9.7,False,787,2020-03-24 03:37:21.509433,True,True,2026-08-08T00:56:44.307745,synthetic,illustrative_synthetic
2022/example-album-3,7.1,True,1461,2020-03-27 08:22:38.490566,True,True,2026-08-08T00:56:44.307745,synthetic,illustrative_synthetic
2022/example-album-3,4.0,False,245,2020-03-30 13:07:55.471698,True,True,2026-08-08T00:56:44.307745,synthetic,illustrative_synthetic
2022/example-album-3,5.5,False,668,2020-04-02 17:53:12.452830,True,True,2026-08-08T00:56:44.307745,synthetic,illustrative_synthetic
2022/example-album-3,4.9,True,773,2020-04-05 22:38:29.433962,False,True,2026-08-08T00:56:44.307745,synthetic,illustrative_synthetic
2022/example-album-3,7.0,False,1832,2020-04-09 03:23:46.415094,True,True,2026-08-08T00:56:44.307745,synthetic,illustrative_synthetic
2022/example-album-3,7.6,True,663,2020-04-12 08:09:03.396226,False,True,2026-08-08T00:56:44.307745,synthetic,illustrative_synthetic
2022/example-album-3,6.3,False,910,2020-04-15 12:54:20.377358,False,True,2026-08-08T00:56:44.307745,synthetic,illustrative_synthetic
2022/example-album-3,8.6,False,619,2020-04-18 17:39:37.358490,True,True,2026-08-08T00:56:44.307745,synthetic,illustrative_synthetic
2022/example-album-3,7.3,False,466,2020-04-21 22:24:54.339622,False,True,2026-08-08T00:56:44.307745,synthetic,illustrative_synthetic
2022/example-album-3,9.1,False,139,2020-04-25 03:10:11.320754,True,True,2026-08-08T00:56:44.307745,synthetic,illustrative_synthetic
2022/example-album-3,6.6,True,324,2020-04-28 07:55:28.301886,True,True,2026-08-08T00:56:44.307745,synthetic,illustrative_synthetic
2022/example-album-3,10.0,False,374,2020-05-01 12:40:45.283018,True,True,2026-08-08T00:56:44.307745,synthetic,illustrative_synthetic
2022/example-album-3,6.2,True,2035,2020-05-04 17:26:02.264150,True,True,2026-08-08T00:56:44.307745,synthetic,illustrative_synthetic
2022/example-album-3,5.6,False,636,2020-05-07 22:11:19.245283,True,True,2026-08-08T00:56:44.307745,synthetic,illustrative_synthetic
2022/example-album-3,5.4,True,454,2020-05-11 02:56:36.226415,True,True,2026-08-08T00:56:44.307745,synthetic,illustrative_synthetic
2022/example-album-3,6.8,True,201,2020-05-14 07:41:53.207547,False,True,2026-08-08T00:56:44.307745,synthetic,illustrative_synthetic
2022/example-album-3,4.1,True,589,2020-05-17 12:27:10.188679,True,True,2026-08-08T00:56:44.307745,synthetic,illustrative_synthetic
2022/example-album-3,7.7,True,240,2020-05-20 17:12:27.169811,False,True,2026-08-08T00:56:44.307745,synthetic,illustrative_synthetic
2022/example-album-3,3.8,True,997,2020-05-23 21:57:44.150943,True,True,2026-08-08T00:56:44.307745,synthetic,illustrative_synthetic
2022/example-album-3,7.5,True,404,2020-05-27 02:43:01.132075,False,True,2026-08-08T00:56:44.307745,synthetic,illustrative_synthetic
2022/example-album-3,4.8,False,1949,2020-05-30 07:28:18.113207,True,True,2026-08-08T00:56:44.307745,synthetic,illustrative_synthetic
2022/example-album-3,6.5,False,121,2020-06-02 12:13:35.094339,True,True,2026-08-08T00:56:44.307745,synthetic,illustrative_synthetic
2022/example-album-3,8.3,False,1151,2020-06-05 16:58:52.075471,True,True,2026-08-08T00:56:44.307745,synthetic,illustrative_synthetic
2022/example-album-3,10.0,False,1202,2020-06-08 21:44:09.056603,False,True,2026-08-08T00:56:44.307745,synthetic,illustrative_synthetic
2022/example-album-3,5.3,False,89,2020-06-12 02:29:26.037735,False,True,2026-08-08T00:56:44.307745,synthetic,illustrative_synthetic
2022/example-album-3,6.9,False,430,2020-06-15 07:14:43.018867,True,True,2026-08-08T00:56:44.307745,synthetic,illustrative_synthetic
2022/example-album-3,5.9,False,617,2020-06-18 12:00:00.000000,False,True,2026-08-08T00:56:44.307745,synthetic,illustrative_synthetic
2022/example-album-3,5.6,False,51,2020-06-21 16:45:16.981132,False,True,2026-08-08T00:56:44.307745,synthetic,illustrative_synthetic
2022/example-album-3,5.9,False,11,2020-06-24 21:30:33.962264,True,True,2026-08-08T00:56:44.307745,synthetic,illustrative_synthetic
2022/example-album-3,8.7,True,100,2020-06-28 02:15:50.943396,True,True,2026-08-08T00:56:44.307745,synthetic,illustrative_synthetic
2022/example-album-3,6.3,False,26,2020-07-01 07:01:07.924528,False,True,2026-08-08T00:56:44.307745,synthetic,illustrative_synthetic
2022/example-album-3,10.0,False,221,2020-07-04 11:46:24.905660,False,True,2026-08-08T00:56:44.307745,synthetic,illustrative_synthetic
2022/example-album-3,7.9,False,2691,2020-07-07 16:31:41.886792,True,True,2026-08-08T00:56:44.307745,synthetic,illustrative_synthetic
2022/example-album-3,5.4,False,635,2020-07-10 21:16:58.867924,True,True,2026-08-08T00:56:44.307745,synthetic,illustrative_synthetic
2022/example-album-3,6.5,False,742,2020-07-14 02:02:15.849056,True,True,2026-08-08T00:56:44.307745,synthetic,illustrative_synthetic
2022/example-album-3,5.8,False,83,2020-07-17 06:47:32.830188,False,True,2026-08-08T00:56:44.307745,synthetic,illustrative_synthetic
2022/example-album-3,8.6,True,888,2020-07-20 11:32:49.811320,True,True,2026-08-08T00:56:44.307745,synthetic,illustrative_synthetic
2022/example-album-3,4.3,True,381,2020-07-23 16:18:06.792452,True,True,2026-08-08T00:56:44.307745,synthetic,illustrative_synthetic
2022/example-album-3,4.8,False,4845,2020-07-26 21:03:23.773584,True,True,2026-08-08T00:56:44.307745,synthetic,illustrative_synthetic
2022/example-album-3,6.1,True,508,2020-07-30 01:48:40.754716,False,True,2026-08-08T00:56:44.307745,synthetic,illustrative_synthetic
2022/example-album-3,8.4,False,1596,2020-08-02 06:33:57.735849,False,True,2026-08-08T00:56:44.307745,synthetic,illustrative_synthetic
2022/example-album-3,9.4,True,224,2020-08-05 11:19:14.716981,True,True,2026-08-08T00:56:44.307745,synthetic,illustrative_synthetic
2022/example-album-3,9.7,False,1183,2020-08-08 16:04:31.698113,True,True,2026-08-08T00:56:44.307745,synthetic,illustrative_synthetic
2022/example-album-3,8.2,False,547,2020-08-11 20:49:48.679245,False,True,2026-08-08T00:56:44.307745,synthetic,illustrative_synthetic
2022/example-album-3,7.1,False,137,2020-08-15 01:35:05.660377,True,True,2026-08-08T00:56:44.307745,synthetic,illustrative_synthetic
2022/example-album-3,8.6,False,701,2020-08-18 06:20:22.641509,True,True,2026-08-08T00:56:44.307745,synthetic,illustrative_synthetic
2022/example-album-3,5.1,False,176,2020-08-21 11:05:39.622641,False,True,2026-08-08T00:56:44.307745,synthetic,illustrative_synthetic
2022/example-album-3,3.9,False,191,2020-08-24 15:50:56.603773,True,True,2026-08-08T00:56:44.307745,synthetic,illustrative_synthetic
2022/example-album-3,8.0,False,3513,2020-08-27 20:36:13.584905,True,True,2026-08-08T00:56:44.307745,synthetic,illustrative_synthetic
2022/example-album-3,5.4,False,408,2020-08-31 01:21:30.566037,True,True,2026-08-08T00:56:44.307745,synthetic,illustrative_synthetic
2022/example-album-3,7.1,True,883,2020-09-03 06:06:47.547169,False,True,2026-08-08T00:56:44.307745,synthetic,illustrative_synthetic
2022/example-album-3,7.4,False,277,2020-09-06 10:52:04.528301,False,True,2026-08-08T00:56:44.307745,synthetic,illustrative_synthetic
2022/example-album-3,7.6,False,1613,2020-09-09 15:37:21.509433,True,True,2026-08-08T00:56:44.307745,synthetic,illustrative_synthetic
2022/example-album-3,8.9,False,262,2020-09-12 20:22:38.490566,False,True,2026-08-08T00:56:44.307745,synthetic,illustrative_synthetic
2022/example-album-3,8.7,False,1624,2020-09-16 01:07:55.471698,False,True,2026-08-08T00:56:44.307745,synthetic,illustrative_synthetic
2022/example-album-3,7.6,False,2688,2020-09-19 05:53:12.452830,False,True,2026-08-08T00:56:44.307745,synthetic,illustrative_synthetic
2022/example-album-3,6.4,False,1164,2020-09-22 10:38:29.433962,True,True,2026-08-08T00:56:44.307745,synthetic,illustrative_synthetic
2022/example-album-3,7.4,False,1093,2020-09-25 15:23:46.415094,True,True,2026-08-08T00:56:44.307745,synthetic,illustrative_synthetic
2022/example-album-3,6.1,False,1394,2020-09-28 20:09:03.396226,False,True,2026-08-08T00:56:44.307745,synthetic,illustrative_synthetic
2022/example-album-3,6.8,False,118,2020-10-02 00:54:20.377358,True,True,2026-08-08T00:56:44.307745,synthetic,illustrative_synthetic
2022/example-album-3,10.0,True,1427,2020-10-05 05:39:37.358490,True,True,2026-08-08T00:56:44.307745,synthetic,illustrative_synthetic
2022/example-album-3,7.5,False,447,2020-10-08 10:24:54.339622,True,True,2026-08-08T00:56:44.307745,synthetic,illustrative_synthetic
2022/example-album-3,8.0,True,632,2020-10-11 15:10:11.320754,False,True,2026-08-08T00:56:44.307745,synthetic,illustrative_synthetic
2022/example-album-3,5.9,False,481,2020-10-14 19:55:28.301886,True,True,2026-08-08T00:56:44.307745,synthetic,illustrative_synthetic
2022/example-album-3,9.0,False,1853,2020-10-18 00:40:45.283018,True,True,2026-08-08T00:56:44.307745,synthetic,illustrative_synthetic
2022/example-album-3,8.6,False,328,2020-10-21 05:26:02.264150,False,True,2026-08-08T00:56:44.307745,synthetic,illustrative_synthetic
2022/example-album-3,8.6,True,378,2020-10-24 10:11:19.245283,True,True,2026-08-08T00:56:44.307745,synthetic,illustrative_synthetic
2022/example-album-3,7.6,True,1838,2020-10-27 14:56:36.226415,True,True,2026-08-08T00:56:44.307745,synthetic,illustrative_synthetic
2022/example-album-3,9.1,True,192,2020-10-30 19:41:53.207547,True,True,2026-08-08T00:56:44.307745,synthetic,illustrative_synthetic
2022/example-album-3,9.5,False,840,2020-11-03 00:27:10.188679,True,True,2026-08-08T00:56:44.307745,synthetic,illustrative_synthetic
2022/example-album-3,7.7,False,418,2020-11-06 05:12:27.169811,False,True,2026-08-08T00:56:44.307745,synthetic,illustrative_synthetic
2022/example-album-3,7.0,False,691,2020-11-09 09:57:44.150943,True,True,2026-08-08T00:56:44.307745,synthetic,illustrative_synthetic
2022/example-album-3,8.8,False,325,2020-11-12 14:43:01.132075,False,True,2026-08-08T00:56:44.307745,synthetic,illustrative_synthetic
2022/example-album-3,5.6,False,1058,2020-11-15 19:28:18.113207,True,True,2026-08-08T00:56:44.307745,synthetic,illustrative_synthetic
2022/example-album-3,5.9,False,95,2020-11-19 00:13:35.094339,True,True,2026-08-08T00:56:44.307745,synthetic,illustrative_synthetic
2022/example-album-3,7.1,True,1283,2020-11-22 04:58:52.075471,True,True,2026-08-08T00:56:44.307745,synthetic,illustrative_synthetic
2022/example-album-3,4.1,False,200,2020-11-25 09:44:09.056603,True,True,2026-08-08T00:56:44.307745,synthetic,illustrative_synthetic
2022/example-album-3,8.7,False,876,2020-11-28 14:29:26.037735,True,True,2026-08-08T00:56:44.307745,synthetic,illustrative_synthetic
2022/example-album-3,5.5,False,405,2020-12-01 19:14:43.018867,True,True,2026-08-08T00:56:44.307745,synthetic,illustrative_synthetic
2022/example-album-3,6.4,True,868,2020-12-05 00:00:00.000000,False,True,2026-08-08T00:56:44.307745,synthetic,illustrative_synthetic
2022/example-album-3,6.8,True,2474,2020-12-08 04:45:16.981132,True,True,2026-08-08T00:56:44.307745,synthetic,illustrative_synthetic
2022/example-album-3,7.3,False,804,2020-12-11 09:30:33.962264,False,True,2026-08-08T00:56:44.307745,synthetic,illustrative_synthetic
2022/example-album-3,6.6,False,1635,2020-12-14 14:15:50.943396,True,True,2026-08-08T00:56:44.307745,synthetic,illustrative_synthetic
2022/example-album-3,7.1,False,312,2020-12-17 19:01:07.924528,True,True,2026-08-08T00:56:44.307745,synthetic,illustrative_synthetic
2022/example-album-3,7.1,False,1274,2020-12-20 23:46:24.905660,True,True,2026-08-08T00:56:44.307745,synthetic,illustrative_synthetic
2022/example-album-3,6.4,False,212,2020-12-24 04:31:41.886792,True,True,2026-08-08T00:56:44.307745,synthetic,illustrative_synthetic
2022/example-album-3,5.8,True,802,2020-12-27 09:16:58.867924,True,True,2026-08-08T00:56:44.307745,synthetic,illustrative_synthetic
2022/example-album-3,9.1,False,1246,2020-12-30 14:02:15.849056,True,True,2026-08-08T00:56:44.307745,synthetic,illustrative_synthetic
2022/example-album-3,3.4,True,3,2021-01-02 18:47:32.830188,True,True,2026-08-08T00:56:44.307745,synthetic,illustrative_synthetic
2022/example-album-3,6.8,False,446,2021-01-05 23:32:49.811320,False,True,2026-08-08T00:56:44.307745,synthetic,illustrative_synthetic
2022/example-album-3,6.4,False,390,2021-01-09 04:18:06.792452,True,True,2026-08-08T00:56:44.307745,synthetic,illustrative_synthetic
2022/example-album-3,8.0,False,888,2021-01-12 09:03:23.773584,False,True,2026-08-08T00:56:44.307745,synthetic,illustrative_synthetic
2022/example-album-3,4.6,False,450,2021-01-15 13:48:40.754716,True,True,2026-08-08T00:56:44.307745,synthetic,illustrative_synthetic
2022/example-album-3,6.3,False,1439,2021-01-18 18:33:57.735849,True,True,2026-08-08T00:56:44.307745,synthetic,illustrative_synthetic
2022/example-album-3,7.0,False,986,2021-01-21 23:19:14.716981,True,True,2026-08-08T00:56:44.307745,synthetic,illustrative_synthetic
2022/example-album-3,9.1,False,1382,2021-01-25 04:04:31.698113,True,True,2026-08-08T00:56:44.307745,synthetic,illustrative_synthetic
2022/example-album-3,7.8,False,453,2021-01-28 08:49:48.679245,False,True,2026-08-08T00:56:44.307745,synthetic,illustrative_synthetic
2022/example-album-3,5.1,False,1146,2021-01-31 13:35:05.660377,False,True,2026-08-08T00:56:44.307745,synthetic,illustrative_synthetic
2022/example-album-3,6.3,False,219,2021-02-03 18:20:22.641509,True,True,2026-08-08T00:56:44.307745,synthetic,illustrative_synthetic
2022/example-album-3,8.8,True,4362,2021-02-06 23:05:39.622641,True,True,2026-08-08T00:56:44.307745,synthetic,illustrative_synthetic
2022/example-album-3,5.0,False,229,2021-02-10 03:50:56.603773,False,True,2026-08-08T00:56:44.307745,synthetic,illustrative_synthetic
2022/example-album-3,7.1,False,592,2021-02-13 08:36:13.584905,True,True,2026-08-08T00:56:44.307745,synthetic,illustrative_synthetic
2022/example-album-3,7.2,True,1582,2021-02-16 13:21:30.566037,True,True,2026-08-08T00:56:44.307745,synthetic,illustrative_synthetic
2022/example-album-3,6.5,False,645,2021-02-19 18:06:47.547169,True,True,2026-08-08T00:56:44.307745,synthetic,illustrative_synthetic
2022/example-album-3,10.0,False,374,2021-02-22 22:52:04.528301,True,True,2026-08-08T00:56:44.307745,synthetic,illustrative_synthetic
2022/example-album-3,6.5,True,1122,2021-02-26 03:37:21.509433,True,True,2026-08-08T00:56:44.307745,synthetic,illustrative_synthetic
2022/example-album-3,8.0,True,141,2021-03-01 08:22:38.490566,True,True,2026-08-08T00:56:44.307745,synthetic,illustrative_synthetic
2022/example-album-3,5.8,False,117,2021-03-04 13:07:55.471698,False,True,2026-08-08T00:56:44.307745,synthetic,illustrative_synthetic
2022/example-album-3,8.1,False,431,2021-03-07 17:53:12.452830,True,True,2026-08-08T00:56:44.307745,synthetic,illustrative_synthetic
2022/example-album-3,8.8,False,1515,2021-03-10 22:38:29.433962,False,True,2026-08-08T00:56:44.307745,synthetic,illustrative_synthetic
2022/example-album-3,6.1,True,1000,2021-03-14 03:23:46.415094,False,True,2026-08-08T00:56:44.307745,synthetic,illustrative_synthetic
2022/example-album-3,7.1,True,667,2021-03-17 08:09:03.396226,True,True,2026-08-08T00:56:44.307745,synthetic,illustrative_synthetic
2022/example-album-3,5.6,True,190,2021-03-20 12:54:20.377358,True,True,2026-08-08T00:56:44.307745,synthetic,illustrative_synthetic
2022/example-album-3,5.1,False,610,2021-03-23 17:39:37.358490,True,True,2026-08-08T00:56:44.307745,synthetic,illustrative_synthetic
2022/example-album-3,9.1,True,649,2021-03-26 22:24:54.339622,False,True,2026-08-08T00:56:44.307745,synthetic,illustrative_synthetic
2022/example-album-3,6.2,True,492,2021-03-30 03:10:11.320754,True,True,2026-08-08T00:56:44.307745,synthetic,illustrative_synthetic
2022/example-album-3,2.9,True,319,2021-04-02 07:55:28.301886,False,True,2026-08-08T00:56:44.307745,synthetic,illustrative_synthetic
2022/example-album-3,10.0,False,326,2021-04-05 12:40:45.283018,True,True,2026-08-08T00:56:44.307745,synthetic,illustrative_synthetic
2022/example-album-3,5.8,False,30,2021-04-08 17:26:02.264150,False,True,2026-08-08T00:56:44.307745,synthetic,illustrative_synthetic
2022/example-album-3,6.8,False,360,2021-04-11 22:11:19.245283,True,True,2026-08-08T00:56:44.307745,synthetic,illustrative_synthetic
2022/example-album-3,10.0,False,898,2021-04-15 02:56:36.226415,True,True,2026-08-08T00:56:44.307745,synthetic,illustrative_synthetic
2022/example-album-3,6.9,False,186,2021-04-18 07:41:53.207547,False,True,2026-08-08T00:56:44.307745,synthetic,illustrative_synthetic
2022/example-album-3,6.9,False,93,2021-04-21 12:27:10.188679,False,True,2026-08-08T00:56:44.307745,synthetic,illustrative_synthetic
2022/example-album-3,5.0,False,640,2021-04-24 17:12:27.169811,True,True,2026-08-08T00:56:44.307745,synthetic,illustrative_synthetic
2022/example-album-3,4.3,False,1279,2021-04-27 21:57:44.150943,True,True,2026-08-08T00:56:44.307745,synthetic,illustrative_synthetic
2022/example-album-3,6.9,True,38,2021-05-01 02:43:01.132075,True,True,2026-08-08T00:56:44.307745,synthetic,illustrative_synthetic
2022/example-album-3,7.9,False,147,2021-05-04 07:28:18.113207,False,True,2026-08-08T00:56:44.307745,synthetic,illustrative_synthetic
2022/example-album-3,7.7,False,667,2021-05-07 12:13:35.094339,True,True,2026-08-08T00:56:44.307745,synthetic,illustrative_synthetic
2022/example-album-3,6.3,False,1952,2021-05-10 16:58:52.075471,True,True,2026-08-08T00:56:44.307745,synthetic,illustrative_synthetic
2022/example-album-3,7.2,True,683,2021-05-13 21:44:09.056603,False,True,2026-08-08T00:56:44.307745,synthetic,illustrative_synthetic
2022/example-album-3,3.9,False,584,2021-05-17 02:29:26.037735,True,True,2026-08-08T00:56:44.307745,synthetic,illustrative_synthetic
2022/example-album-3,8.0,False,3725,2021-05-20 07:14:43.018867,True,True,2026-08-08T00:56:44.307745,synthetic,illustrative_synthetic
2022/example-album-3,7.5,True,1767,2021-05-23 12:00:00.000000,False,True,2026-08-08T00:56:44.307745,synthetic,illustrative_synthetic
2022/example-album-3,10.0,True,430,2021-05-26 16:45:16.981132,False,True,2026-08-08T00:56:44.307745,synthetic,illustrative_synthetic
2022/example-album-3,7.2,False,2333,2021-05-29 21:30:33.962264,False,True,2026-08-08T00:56:44.307745,synthetic,illustrative_synthetic
2022/example-album-3,5.5,False,1093,2021-06-02 02:15:50.943396,True,True,2026-08-08T00:56:44.307745,synthetic,illustrative_synthetic
2022/example-album-3,7.1,False,310,2021-06-05 07:01:07.924528,True,True,2026-08-08T00:56:44.307745,synthetic,illustrative_synthetic
2022/example-album-3,6.6,False,138,2021-06-08 11:46:24.905660,False,True,2026-08-08T00:56:44.307745,synthetic,illustrative_synthetic
2022/example-album-3,8.0,False,183,2021-06-11 16:31:41.886792,True,True,2026-08-08T00:56:44.307745,synthetic,illustrative_synthetic
2022/example-album-3,7.2,False,446,2021-06-14 21:16:58.867924,True,True,2026-08-08T00:56:44.307745,synthetic,illustrative_synthetic
2022/example-album-3,4.9,False,129,2021-06-18 02:02:15.849056,True,True,2026-08-08T00:56:44.307745,synthetic,illustrative_synthetic
2022/example-album-3,4.3,True,2467,2021-06-21 06:47:32.830188,True,True,2026-08-08T00:56:44.307745,synthetic,illustrative_synthetic
2022/example-album-3,7.7,True,238,2021-06-24 11:32:49.811320,False,True,2026-08-08T00:56:44.307745,synthetic,illustrative_synthetic
2022/example-album-3,9.7,False,2039,2021-06-27 16:18:06.792452,True,True,2026-08-08T00:56:44.307745,synthetic,illustrative_synthetic
2022/example-album-3,7.3,True,852,2021-06-30 21:03:23.773584,True,True,2026-08-08T00:56:44.307745,synthetic,illustrative_synthetic
2022/example-album-3,8.7,True,1963,2021-07-04 01:48:40.754716,False,True,2026-08-08T00:56:44.307745,synthetic,illustrative_synthetic
2022/example-album-3,9.0,False,79,2021-07-07 06:33:57.735849,False,True,2026-08-08T00:56:44.307745,synthetic,illustrative_synthetic
2022/example-album-3,7.7,False,635,2021-07-10 11:19:14.716981,True,True,2026-08-08T00:56:44.307745,synthetic,illustrative_synthetic
2022/example-album-3,5.7,True,198,2021-07-13 16:04:31.698113,False,True,2026-08-08T00:56:44.307745,synthetic,illustrative_synthetic
2022/example-album-3,7.6,False,3326,2021-07-16 20:49:48.679245,True,True,2026-08-08T00:56:44.307745,synthetic,illustrative_synthetic
2022/example-album-3,9.4,False,1698,2021-07-20 01:35:05.660377,False,True,2026-08-08T00:56:44.307745,synthetic,illustrative_synthetic
2022/example-album-3,8.2,False,259,2021-07-23 06:20:22.641509,True,True,2026-08-08T00:56:44.307745,synthetic,illustrative_synthetic
2022/example-album-3,8.5,False,2556,2021-07-26 11:05:39.622641,True,True,2026-08-08T00:56:44.307745,synthetic,illustrative_synthetic
2022/example-album-3,6.4,True,1085,2021-07-29 15:50:56.603773,True,True,2026-08-08T00:56:44.307745,synthetic,illustrative_synthetic
2022/example-album-3,6.8,True,766,2021-08-01 20:36:13.584905,False,True,2026-08-08T00:56:44.307745,synthetic,illustrative_synthetic
2022/example-album-3,7.0,False,1537,2021-08-05 01:21:30.566037,True,True,2026-08-08T00:56:44.307745,synthetic,illustrative_synthetic
2022/example-album-3,7.1,False,703,2021-08-08 06:06:47.547169,True,True,2026-08-08T00:56:44.307745,synthetic,illustrative_synthetic
2022/example-album-3,9.3,False,1470,2021-08-11 10:52:04.528301,False,True,2026-08-08T00:56:44.307745,synthetic,illustrative_synthetic
2022/example-album-3,3.0,False,863,2021-08-14 15:37:21.509433,True,True,2026-08-08T00:56:44.307745,synthetic,illustrative_synthetic
2022/example-album-3,7.3,False,54,2021-08-17 20:22:38.490566,False,True,2026-08-08T00:56:44.307745,synthetic,illustrative_synthetic
2022/example-album-3,7.1,False,417,2021-08-21 01:07:55.471698,True,True,2026-08-08T00:56:44.307745,synthetic,illustrative_synthetic
2022/example-album-3,4.7,True,694,2021-08-24 05:53:12.452830,True,True,2026-08-08T00:56:44.307745,synthetic,illustrative_synthetic
2022/example-album-3,8.4,True,883,2021-08-27 10:38:29.433962,True,True,2026-08-08T00:56:44.307745,synthetic,illustrative_synthetic
2022/example-album-3,5.9,False,159,2021-08-30 15:23:46.415094,True,True,2026-08-08T00:56:44.307745,synthetic,illustrative_synthetic
2022/example-album-3,6.6,False,1113,2021-09-02 20:09:03.396226,True,True,2026-08-08T00:56:44.307745,synthetic,illustrative_synthetic
2022/example-album-3,10.0,False,769,2021-09-06 00:54:20.377358,True,True,2026-08-08T00:56:44.307745,synthetic,illustrative_synthetic
2022/example-album-3,9.0,True,1372,2021-09-09 05:39:37.358490,False,True,2026-08-08T00:56:44.307745,synthetic,illustrative_synthetic
2022/example-album-3,8.2,False,1567,2021-09-12 10:24:54.339622,True,True,2026-08-08T00:56:44.307745,synthetic,illustrative_synthetic
2022/example-album-3,7.9,True,1938,2021-09-15 15:10:11.320754,True,True,2026-08-08T00:56:44.307745,synthetic,illustrative_synthetic
2022/example-album-3,6.9,False,403,2021-09-18 19:55:28.301886,False,True,2026-08-08T00:56:44.307745,synthetic,illustrative_synthetic
2022/example-album-3,10.0,True,412,2021-09-22 00:40:45.283018,True,True,2026-08-08T00:56:44.307745,synthetic,illustrative_synthetic
2022/example-album-3,8.6,False,1431,2021-09-25 05:26:02.264150,False,True,2026-08-08T00:56:44.307745,synthetic,illustrative_synthetic
2022/example-album-3,5.9,True,93,2021-09-28 10:11:19.245283,False,True,2026-08-08T00:56:44.307745,synthetic,illustrative_synthetic
2022/example-album-3,4.7,True,666,2021-10-01 14:56:36.226415,True,True,2026-08-08T00:56:44.307745,synthetic,illustrative_synthetic
2022/example-album-3,8.2,False,151,2021-10-04 19:41:53.207547,False,True,2026-08-08T00:56:44.307745,synthetic,illustrative_synthetic
2022/example-album-3,7.1,False,332,2021-10-08 00:27:10.188679,False,True,2026-08-08T00:56:44.307745,synthetic,illustrative_synthetic
2022/example-album-3,4.6,False,2935,2021-10-11 05:12:27.169811,True,True,2026-08-08T00:56:44.307745,synthetic,illustrative_synthetic
2022/example-album-3,8.0,False,166,2021-10-14 09:57:44.150943,False,True,2026-08-08T00:56:44.307745,synthetic,illustrative_synthetic
2022/example-album-3,6.7,False,160,2021-10-17 14:43:01.132075,True,True,2026-08-08T00:56:44.307745,synthetic,illustrative_synthetic
2022/example-album-3,8.2,False,913,2021-10-20 19:28:18.113207,True,True,2026-08-08T00:56:44.307745,synthetic,illustrative_synthetic
2022/example-album-3,8.0,False,21,2021-10-24 00:13:35.094339,True,True,2026-08-08T00:56:44.307745,synthetic,illustrative_synthetic
2022/example-album-3,6.1,False,88,2021-10-27 04:58:52.075471,True,True,2026-08-08T00:56:44.307745,synthetic,illustrative_synthetic
2022/example-album-3,8.3,False,1231,2021-10-30 09:44:09.056603,False,True,2026-08-08T00:56:44.307745,synthetic,illustrative_synthetic
2022/example-album-3,6.3,False,1215,2021-11-02 14:29:26.037735,True,True,2026-08-08T00:56:44.307745,synthetic,illustrative_synthetic
2022/example-album-3,6.4,False,265,2021-11-05 19:14:43.018867,False,True,2026-08-08T00:56:44.307745,synthetic,illustrative_synthetic
2022/example-album-3,6.2,True,1104,2021-11-09 00:00:00.000000,False,True,2026-08-08T00:56:44.307745,synthetic,illustrative_synthetic
2022/example-album-3,9.2,False,701,2021-11-12 04:45:16.981132,False,True,2026-08-08T00:56:44.307745,synthetic,illustrative_synthetic
2022/example-album-3,6.7,False,9,2021-11-15 09:30:33.962264,False,True,2026-08-08T00:56:44.307745,synthetic,illustrative_synthetic
2022/example-album-3,9.7,False,3,2021-11-18 14:15:50.943396,True,True,2026-08-08T00:56:44.307745,synthetic,illustrative_synthetic
2022/example-album-3,10.0,False,955,2021-11-21 19:01:07.924528,False,True,2026-08-08T00:56:44.307745,synthetic,illustrative_synthetic
2022/example-album-3,5.9,True,287,2021-11-24 23:46:24.905660,False,True,2026-08-08T00:56:44.307745,synthetic,illustrative_synthetic
2022/example-album-3,1.9,True,504,2021-11-28 04:31:41.886792,True,True,2026-08-08T00:56:44.307745,synthetic,illustrative_synthetic
2022/example-album-3,9.1,False,17,2021-12-01 09:16:58.867924,False,True,2026-08-08T00:56:44.307745,synthetic,illustrative_synthetic
2022/example-album-3,6.6,False,768,2021-12-04 14:02:15.849056,True,True,2026-08-08T00:56:44.307745,synthetic,illustrative_synthetic
2022/example-album-3,5.6,False,563,2021-12-07 18:47:32.830188,True,True,2026-08-08T00:56:44.307745,synthetic,illustrative_synthetic
2022/example-album-3,6.1,False,749,2021-12-10 23:32:49.811320,True,True,2026-08-08T00:56:44.307745,synthetic,illustrative_synthetic
2022/example-album-3,6.5,False,219,2021-12-14 04:18:06.792452,True,True,2026-08-08T00:56:44.307745,synthetic,illustrative_synthetic
2022/example-album-3,9.5,False,28,2021-12-17 09:03:23.773584,True,True,2026-08-08T00:56:44.307745,synthetic,illustrative_synthetic
2022/example-album-3,7.5,False,118,2021-12-20 13:48:40.754716,True,True,2026-08-08T00:56:44.307745,synthetic,illustrative_synthetic
2022/example-album-3,9.5,True,1136,2021-12-23 18:33:57.735849,False,True,2026-08-08T00:56:44.307745,synthetic,illustrative_synthetic
2022/example-album-3,8.1,False,2206,2021-12-26 23:19:14.716981,False,True,2026-08-08T00:56:44.307745,synthetic,illustrative_synthetic
2022/example-album-3,6.6,False,149,2021-12-30 04:04:31.698113,False,True,2026-08-08T00:56:44.307745,synthetic,illustrative_synthetic
2022/example-album-3,6.5,False,1829,2022-01-02 08:49:48.679245,False,True,2026-08-08T00:56:44.307745,synthetic,illustrative_synthetic
2022/example-album-3,8.2,False,817,2022-01-05 13:35:05.660377,False,True,2026-08-08T00:56:44.307745,synthetic,illustrative_synthetic
2022/example-album-3,8.7,False,2637,2022-01-08 18:20:22.641509,False,True,2026-08-08T00:56:44.307745,synthetic,illustrative_synthetic
2022/example-album-3,9.0,False,66,2022-01-11 23:05:39.622641,True,True,2026-08-08T00:56:44.307745,synthetic,illustrative_synthetic
2022/example-album-3,6.7,False,854,2022-01-15 03:50:56.603773,False,True,2026-08-08T00:56:44.307745,synthetic,illustrative_synthetic
2022/example-album-3,7.5,False,1060,2022-01-18 08:36:13.584905,True,True,2026-08-08T00:56:44.307745,synthetic,illustrative_synthetic
2022/example-album-3,8.3,True,106,2022-01-21 13:21:30.566037,True,True,2026-08-08T00:56:44.307745,synthetic,illustrative_synthetic
2022/example-album-3,6.5,False,116,2022-01-24 18:06:47.547169,True,True,2026-08-08T00:56:44.307745,synthetic,illustrative_synthetic
2022/example-album-3,5.2,False,382,2022-01-27 22:52:04.528301,True,True,2026-08-08T00:56:44.307745,synthetic,illustrative_synthetic
2022/example-album-3,5.7,False,547,2022-01-31 03:37:21.509433,False,True,2026-08-08T00:56:44.307745,synthetic,illustrative_synthetic
2022/example-album-3,6.8,False,1067,2022-02-03 08:22:38.490566,True,True,2026-08-08T00:56:44.307745,synthetic,illustrative_synthetic
2022/example-album-3,8.4,False,981,2022-02-06 13:07:55.471698,False,True,2026-08-08T00:56:44.307745,synthetic,illustrative_synthetic
2022/example-album-3,9.5,False,1231,2022-02-09 17:53:12.452830,True,True,2026-08-08T00:56:44.307745,synthetic,illustrative_synthetic
2022/example-album-3,4.8,False,1096,2022-02-12 22:38:29.433962,True,True,2026-08-08T00:56:44.307745,synthetic,illustrative_synthetic
2022/example-album-3,6.1,True,192,2022-02-16 03:23:46.415094,True,True,2026-08-08T00:56:44.307745,synthetic,illustrative_synthetic
2022/example-album-3,6.6,False,3169,2022-02-19 08:09:03.396226,True,True,2026-08-08T00:56:44.307745,synthetic,illustrative_synthetic
2022/example-album-3,8.6,False,248,2022-02-22 12:54:20.377358,False,True,2026-08-08T00:56:44.307745,synthetic,illustrative_synthetic
2022/example-album-3,6.2,False,703,2022-02-25 17:39:37.358490,True,True,2026-08-08T00:56:44.307745,synthetic,illustrative_synthetic
2022/example-album-3,6.4,False,781,2022-02-28 22:24:54.339622,True,True,2026-08-08T00:56:44.307745,synthetic,illustrative_synthetic
2022/example-album-3,4.7,False,1509,2022-03-04 03:10:11.320754,True,True,2026-08-08T00:56:44.307745,synthetic,illustrative_synthetic
2022/example-album-3,8.1,False,1536,2022-03-07 07:55:28.301886,False,True,2026-08-08T00:56:44.307745,synthetic,illustrative_synthetic
2022/example-album-3,6.9,True,467,2022-03-10 12:40:45.283018,False,True,2026-08-08T00:56:44.307745,synthetic,illustrative_synthetic
2022/example-album-3,6.0,True,909,2022-03-13 17:26:02.264150,False,True,2026-08-08T00:56:44.307745,synthetic,illustrative_synthetic
2022/example-album-3,6.7,False,60,2022-03-16 22:11:19.245283,True,True,2026-08-08T00:56:44.307745,synthetic,illustrative_synthetic
2022/example-album-3,9.2,False,182,2022-03-20 02:56:36.226415,False,True,2026-08-08T00:56:44.307745,synthetic,illustrative_synthetic
2022/example-album-3,5.4,False,74,2022-03-23 07:41:53.207547,True,True,2026-08-08T00:56:44.307745,synthetic,illustrative_synthetic
2022/example-album-3,5.7,False,506,2022-03-26 12:27:10.188679,True,True,2026-08-08T00:56:44.307745,synthetic,illustrative_synthetic
2022/example-album-3,9.5,True,1291,2022-03-29 17:12:27.169811,True,True,2026-08-08T00:56:44.307745,synthetic,illustrative_synthetic
2022/example-album-3,7.3,False,325,2022-04-01 21:57:44.150943,True,True,2026-08-08T00:56:44.307745,synthetic,illustrative_synthetic
2022/example-album-3,8.4,False,833,2022-04-05 02:43:01.132075,True,True,2026-08-08T00:56:44.307745,synthetic,illustrative_synthetic
2022/example-album-3,7.9,False,378,2022-04-08 07:28:18.113207,True,True,2026-08-08T00:56:44.307745,synthetic,illustrative_synthetic
2022/example-album-3,7.1,False,1545,2022-04-11 12:13:35.094339,True,True,2026-08-08T00:56:44.307745,synthetic,illustrative_synthetic
2022/example-album-3,6.6,False,1295,2022-04-14 16:58:52.075471,True,True,2026-08-08T00:56:44.307745,synthetic,illustrative_synthetic
2022/example-album-3,8.7,False,1780,2022-04-17 21:44:09.056603,True,True,2026-08-08T00:56:44.307745,synthetic,illustrative_synthetic
2022/example-album-3,9.3,False,183,2022-04-21 02:29:26.037735,True,True,2026-08-08T00:56:44.307745,synthetic,illustrative_synthetic
2022/example-album-3,9.2,False,255,2022-04-24 07:14:43.018867,False,True,2026-08-08T00:56:44.307745,synthetic,illustrative_synthetic
2022/example-album-3,5.1,False,43,2022-04-27 12:00:00.000000,False,True,2026-08-08T00:56:44.307745,synthetic,illustrative_synthetic
2022/example-album-3,9.5,False,108,2022-04-30 16:45:16.981132,True,True,2026-08-08T00:56:44.307745,synthetic,illustrative_synthetic
2022/example-album-3,6.6,False,225,2022-05-03 21:30:33.962264,True,True,2026-08-08T00:56:44.307745,synthetic,illustrative_synthetic
2022/example-album-3,5.8,False,1525,2022-05-07 02:15:50.943396,True,True,2026-08-08T00:56:44.307745,synthetic,illustrative_synthetic
2022/example-album-3,6.9,False,1096,2022-05-10 07:01:07.924528,True,True,2026-08-08T00:56:44.307745,synthetic,illustrative_synthetic
2022/example-album-3,8.7,False,523,2022-05-13 11:46:24.905660,True,True,2026-08-08T00:56:44.307745,synthetic,illustrative_synthetic
2022/example-album-3,8.2,False,985,2022-05-16 16:31:41.886792,True,True,2026-08-08T00:56:44.307745,synthetic,illustrative_synthetic
2022/example-album-3,6.7,False,1021,2022-05-19 21:16:58.867924,False,True,2026-08-08T00:56:44.307745,synthetic,illustrative_synthetic
2022/example-album-3,8.7,True,1378,2022-05-23 02:02:15.849056,False,True,2026-08-08T00:56:44.307745,synthetic,illustrative_synthetic
2022/example-album-3,7.5,True,271,2022-05-26 06:47:32.830188,False,True,2026-08-08T00:56:44.307745,synthetic,illustrative_synthetic
2022/example-album-3,6.2,False,35,2022-05-29 11:32:49.811320,False,True,2026-08-08T00:56:44.307745,synthetic,illustrative_synthetic
2022/example-album-3,5.9,False,664,2022-06-01 16:18:06.792452,False,True,2026-08-08T00:56:44.307745,synthetic,illustrative_synthetic
2022/example-album-3,7.9,False,484,2022-06-04 21:03:23.773584,False,True,2026-08-08T00:56:44.307745,synthetic,illustrative_synthetic
2022/example-album-3,7.1,False,281,2022-06-08 01:48:40.754716,False,True,2026-08-08T00:56:44.307745,synthetic,illustrative_synthetic
2022/example-album-3,4.7,False,808,2022-06-11 06:33:57.735849,False,True,2026-08-08T00:56:44.307745,synthetic,illustrative_synthetic
2022/example-album-3,8.7,False,511,2022-06-14 11:19:14.716981,False,True,2026-08-08T00:56:44.307745,synthetic,illustrative_synthetic
2022/example-album-3,6.3,True,1336,2022-06-17 16:04:31.698113,False,True,2026-08-08T00:56:44.307745,synthetic,illustrative_synthetic
2022/example-album-3,10.0,True,422,2022-06-20 20:49:48.679245,True,True,2026-08-08T00:56:44.307745,synthetic,illustrative_synthetic
2022/example-album-3,4.7,False,101,2022-06-24 01:35:05.660377,True,True,2026-08-08T00:56:44.307745,synthetic,illustrative_synthetic
2022/example-album-3,6.9,True,16,2022-06-27 06:20:22.641509,True,True,2026-08-08T00:56:44.307745,synthetic,illustrative_synthetic
2022/example-album-3,5.9,False,260,2022-06-30 11:05:39.622641,True,True,2026-08-08T00:56:44.307745,synthetic,illustrative_synthetic
2022/example-album-3,5.4,False,400,2022-07-03 15:50:56.603773,True,True,2026-08-08T00:56:44.307745,synthetic,illustrative_synthetic
2022/example-album-3,6.3,False,1496,2022-07-06 20:36:13.584905,True,True,2026-08-08T00:56:44.307745,synthetic,illustrative_synthetic
2022/example-album-3,10.0,False,468,2022-07-10 01:21:30.566037,True,True,2026-08-08T00:56:44.307745,synthetic,illustrative_synthetic
2022/example-album-3,7.5,False,536,2022-07-13 06:06:47.547169,True,True,2026-08-08T00:56:44.307745,synthetic,illustrative_synthetic
2022/example-album-3,5.8,False,180,2022-07-16 10:52:04.528301,False,True,2026-08-08T00:56:44.307745,synthetic,illustrative_synthetic
2022/example-album-3,3.9,False,1381,2022-07-19 15:37:21.509433,True,True,2026-08-08T00:56:44.307745,synthetic,illustrative_synthetic
2022/example-album-3,4.1,False,1218,2022-07-22 20:22:38.490566,True,True,2026-08-08T00:56:44.307745,synthetic,illustrative_synthetic
2022/example-album-3,6.2,False,3276,2022-07-26 01:07:55.471698,True,True,2026-08-08T00:56:44.307745,synthetic,illustrative_synthetic
2022/example-album-3,6.1,False,1539,2022-07-29 05:53:12.452830,True,True,2026-08-08T00:56:44.307745,synthetic,illustrative_synthetic
2022/example-album-3,6.8,False,2203,2022-08-01 10:38:29.433962,False,True,2026-08-08T00:56:44.307745,synthetic,illustrative_synthetic
2022/example-album-3,3.1,False,90,2022-08-04 15:23:46.415094,False,True,2026-08-08T00:56:44.307745,synthetic,illustrative_synthetic
2022/example-album-3,7.0,False,1440,2022-08-07 20:09:03.396226,True,True,2026-08-08T00:56:44.307745,synthetic,illustrative_synthetic
2022/example-album-3,9.0,False,29,2022-08-11 00:54:20.377358,True,True,2026-08-08T00:56:44.307745,synthetic,illustrative_synthetic
2022/example-album-3,10.0,False,4829,2022-08-14 05:39:37.358490,True,True,2026-08-08T00:56:44.307745,synthetic,illustrative_synthetic
2022/example-album-3,3.8,False,480,2022-08-17 10:24:54.339622,False,True,2026-08-08T00:56:44.307745,synthetic,illustrative_synthetic
2022/example-album-3,5.8,False,132,2022-08-20 15:10:11.320754,False,True,2026-08-08T00:56:44.307745,synthetic,illustrative_synthetic
2022/example-album-3,5.7,False,111,2022-08-23 19:55:28.301886,False,True,2026-08-08T00:56:44.307745,synthetic,illustrative_synthetic
2022/example-album-3,7.5,False,2111,2022-08-27 00:40:45.283018,True,True,2026-08-08T00:56:44.307745,synthetic,illustrative_synthetic
2022/example-album-3,5.0,True,653,2022-08-30 05:26:02.264150,False,True,2026-08-08T00:56:44.307745,synthetic,illustrative_synthetic
2022/example-album-3,10.0,False,4,2022-09-02 10:11:19.245283,False,True,2026-08-08T00:56:44.307745,synthetic,illustrative_synthetic
2022/example-album-3,7.3,True,1183,2022-09-05 14:56:36.226415,False,True,2026-08-08T00:56:44.307745,synthetic,illustrative_synthetic
2022/example-album-3,7.0,False,1167,2022-09-08 19:41:53.207547,True,True,2026-08-08T00:56:44.307745,synthetic,illustrative_synthetic
2022/example-album-3,10.0,False,595,2022-09-12 00:27:10.188679,True,True,2026-08-08T00:56:44.307745,synthetic,illustrative_synthetic
2022/example-album-3,7.2,False,170,2022-09-15 05:12:27.169811,True,True,2026-08-08T00:56:44.307745,synthetic,illustrative_synthetic
2022/example-album-3,7.9,False,177,2022-09-18 09:57:44.150943,True,True,2026-08-08T00:56:44.307745,synthetic,illustrative_synthetic
2022/example-album-3,5.8,False,374,2022-09-21 14:43:01.132075,False,True,2026-08-08T00:56:44.307745,synthetic,illustrative_synthetic
2022/example-album-3,4.7,False,623,2022-09-24 19:28:18.113207,True,True,2026-08-08T00:56:44.307745,synthetic,illustrative_synthetic
2022/example-album-3,6.1,False,3087,2022-09-28 00:13:35.094339,True,True,2026-08-08T00:56:44.307745,synthetic,illustrative_synthetic
2022/example-album-3,10.0,False,809,2022-10-01 04:58:52.075471,False,True,2026-08-08T00:56:44.307745,synthetic,illustrative_synthetic
2022/example-album-3,8.3,False,192,2022-10-04 09:44:09.056603,True,True,2026-08-08T00:56:44.307745,synthetic,illustrative_synthetic
2022/example-album-3,7.7,True,762,2022-10-07 14:29:26.037735,False,True,2026-08-08T00:56:44.307745,synthetic,illustrative_synthetic
2022/example-album-3,5.4,False,2648,2022-10-10 19:14:43.018867,False,True,2026-08-08T00:56:44.307745,synthetic,illustrative_synthetic
2022/example-album-3,8.8,True,192,2022-10-14 00:00:00.000000,False,True,2026-08-08T00:56:44.307745,synthetic,illustrative_synthetic
2022/example-album-3,4.8,False,173,2022-10-17 04:45:16.981132,False,True,2026-08-08T00:56:44.307745,synthetic,illustrative_synthetic
2022/example-album-3,4.4,True,26,2022-10-20 09:30:33.962264,True,True,2026-08-08T00:56:44.307745,synthetic,illustrative_synthetic
2022/example-album-3,6.2,False,700,2022-10-23 14:15:50.943396,True,True,2026-08-08T00:56:44.307745,synthetic,illustrative_synthetic
2022/example-album-3,10.0,True,37,2022-10-26 19:01:07.924528,False,True,2026-08-08T00:56:44.307745,synthetic,illustrative_synthetic
2022/example-album-3,10.0,False,4166,2022-10-29 23:46:24.905660,True,True,2026-08-08T00:56:44.307745,synthetic,illustrative_synthetic
2022/example-album-3,6.1,False,681,2022-11-02 04:31:41.886792,True,True,2026-08-08T00:56:44.307745,synthetic,illustrative_synthetic
2022/example-album-3,3.7,False,45,2022-11-05 09:16:58.867924,False,True,2026-08-08T00:56:44.307745,synthetic,illustrative_synthetic
2022/example-album-3,7.7,True,82,2022-11-08 14:02:15.849056,True,True,2026-08-08T00:56:44.307745,synthetic,illustrative_synthetic
2022/example-album-3,6.6,False,89,2022-11-11 18:47:32.830188,True,True,2026-08-08T00:56:44.307745,synthetic,illustrative_synthetic
2022/example-album-3,5.6,False,32,2022-11-14 23:32:49.811320,True,True,2026-08-08T00:56:44.307745,synthetic,illustrative_synthetic
2022/example-album-3,6.0,True,490,2022-11-18 04:18:06.792452,True,True,2026-08-08T00:56:44.307745,synthetic,illustrative_synthetic
2022/example-album-3,7.8,False,452,2022-11-21 09:03:23.773584,False,True,2026-08-08T00:56:44.307745,synthetic,illustrative_synthetic
2022/example-album-3,8.6,False,93,2022-11-24 13:48:40.754716,True,True,2026-08-08T00:56:44.307745,synthetic,illustrative_synthetic
2022/example-album-3,4.9,False,448,2022-11-27 18:33:57.735849,True,True,2026-08-08T00:56:44.307745,synthetic,illustrative_synthetic
2022/example-album-3,4.1,False,328,2022-11-30 23:19:14.716981,True,True,2026-08-08T00:56:44.307745,synthetic,illustrative_synthetic
2022/example-album-3,6.3,True,118,2022-12-04 04:04:31.698113,False,True,2026-08-08T00:56:44.307745,synthetic,illustrative_synthetic
2022/example-album-3,7.3,False,184,2022-12-07 08:49:48.679245,True,True,2026-08-08T00:56:44.307745,synthetic,illustrative_synthetic
2022/example-album-3,7.6,True,977,2022-12-10 13:35:05.660377,True,True,2026-08-08T00:56:44.307745,synthetic,illustrative_synthetic
2022/example-album-3,7.3,False,960,2022-12-13 18:20:22.641509,False,True,2026-08-08T00:56:44.307745,synthetic,illustrative_synthetic
2022/example-album-3,5.7,False,562,2022-12-16 23:05:39.622641,True,True,2026-08-08T00:56:44.307745,synthetic,illustrative_synthetic
2022/example-album-3,3.6,False,93,2022-12-20 03:50:56.603773,False,True,2026-08-08T00:56:44.307745,synthetic,illustrative_synthetic
2022/example-album-3,2.3,False,273,2022-12-23 08:36:13.584905,True,True,2026-08-08T00:56:44.307745,synthetic,illustrative_synthetic
2022/example-album-3,6.1,False,776,2022-12-26 13:21:30.566037,True,True,2026-08-08T00:56:44.307745,synthetic,illustrative_synthetic
2022/example-album-3,9.1,True,91,2022-12-29 18:06:47.547169,True,True,2026-08-08T00:56:44.307745,synthetic,illustrative_synthetic
2022/example-album-3,5.0,False,342,2023-01-01 22:52:04.528301,False,True,2026-08-08T00:56:44.307745,synthetic,illustrative_synthetic
2022/example-album-3,7.2,False,51,2023-01-05 03:37:21.509433,True,True,2026-08-08T00:56:44.307745,synthetic,illustrative_synthetic
2022/example-album-3,9.4,True,255,2023-01-08 08:22:38.490566,True,True,2026-08-08T00:56:44.307745,synthetic,illustrative_synthetic
2022/example-album-3,6.5,True,447,2023-01-11 13:07:55.471698,True,True,2026-08-08T00:56:44.307745,synthetic,illustrative_synthetic
2022/example-album-3,3.4,False,2073,2023-01-14 17:53:12.452830,True,True,2026-08-08T00:56:44.307745,synthetic,illustrative_synthetic
2022/example-album-3,5.4,True,211,2023-01-17 22:38:29.433962,False,True,2026-08-08T00:56:44.307745,synthetic,illustrative_synthetic
2022/example-album-3,5.1,False,998,2023-01-21 03:23:46.415094,False,True,2026-08-08T00:56:44.307745,synthetic,illustrative_synthetic
2022/example-album-3,8.2,False,593,2023-01-24 08:09:03.396226,True,True,2026-08-08T00:56:44.307745,synthetic,illustrative_synthetic
2022/example-album-3,3.5,False,368,2023-01-27 12:54:20.377358,True,True,2026-08-08T00:56:44.307745,synthetic,illustrative_synthetic
2022/example-album-3,5.4,True,172,2023-01-30 17:39:37.358490,True,True,2026-08-08T00:56:44.307745,synthetic,illustrative_synthetic
2022/example-album-3,7.6,True,595,2023-02-02 22:24:54.339622,False,True,2026-08-08T00:56:44.307745,synthetic,illustrative_synthetic
2022/example-album-3,8.9,True,771,2023-02-06 03:10:11.320754,True,True,2026-08-08T00:56:44.307745,synthetic,illustrative_synthetic
2022/example-album-3,5.4,False,147,2023-02-09 07:55:28.301886,True,True,2026-08-08T00:56:44.307745,synthetic,illustrative_synthetic
2022/example-album-3,6.6,False,256,2023-02-12 12:40:45.283018,False,True,2026-08-08T00:56:44.307745,synthetic,illustrative_synthetic
2022/example-album-3,8.8,False,308,2023-02-15 17:26:02.264150,False,True,2026-08-08T00:56:44.307745,synthetic,illustrative_synthetic
2022/example-album-3,9.1,True,929,2023-02-18 22:11:19.245283,True,True,2026-08-08T00:56:44.307745,synthetic,illustrative_synthetic
2022/example-album-3,7.9,False,208,2023-02-22 02:56:36.226415,True,True,2026-08-08T00:56:44.307745,synthetic,illustrative_synthetic
2022/example-album-3,9.1,False,326,2023-02-25 07:41:53.207547,False,True,2026-08-08T00:56:44.307745,synthetic,illustrative_synthetic
2022/example-album-3,10.0,False,1259,2023-02-28 12:27:10.188679,False,True,2026-08-08T00:56:44.307745,synthetic,illustrative_synthetic
2022/example-album-3,8.4,False,692,2023-03-03 17:12:27.169811,True,True,2026-08-08T00:56:44.307745,synthetic,illustrative_synthetic
2022/example-album-3,6.8,False,51,2023-03-06 21:57:44.150943,True,True,2026-08-08T00:56:44.307745,synthetic,illustrative_synthetic
2022/example-album-3,7.6,False,320,2023-03-10 02:43:01.132075,True,True,2026-08-08T00:56:44.307745,synthetic,illustrative_synthetic
2022/example-album-3,9.3,False,883,2023-03-13 07:28:18.113207,True,True,2026-08-08T00:56:44.307745,synthetic,illustrative_synthetic
2022/example-album-3,6.1,False,203,2023-03-16 12:13:35.094339,True,True,2026-08-08T00:56:44.307745,synthetic,illustrative_synthetic
2022/example-album-3,4.4,False,348,2023-03-19 16:58:52.075471,False,True,2026-08-08T00:56:44.307745,synthetic,illustrative_synthetic
2022/example-album-3,5.9,False,898,2023-03-22 21:44:09.056603,True,True,2026-08-08T00:56:44.307745,synthetic,illustrative_synthetic
2022/example-album-3,7.6,False,260,2023-03-26 02:29:26.037735,True,True,2026-08-08T00:56:44.307745,synthetic,illustrative_synthetic
2022/example-album-3,6.2,False,498,2023-03-29 07:14:43.018867,False,True,2026-08-08T00:56:44.307745,synthetic,illustrative_synthetic
2022/example-album-3,10.0,False,37,2023-04-01 12:00:00.000000,True,True,2026-08-08T00:56:44.307745,synthetic,illustrative_synthetic
2022/example-album-3,9.3,False,314,2023-04-04 16:45:16.981132,True,True,2026-08-08T00:56:44.307745,synthetic,illustrative_synthetic
2022/example-album-3,6.2,False,74,2023-04-07 21:30:33.962264,False,True,2026-08-08T00:56:44.307745,synthetic,illustrative_synthetic
2022/example-album-3,7.1,False,372,2023-04-11 02:15:50.943396,True,True,2026-08-08T00:56:44.307745,synthetic,illustrative_synthetic
2022/example-album-3,6.6,False,109,2023-04-14 07:01:07.924528,False,True,2026-08-08T00:56:44.307745,synthetic,illustrative_synthetic
2022/example-album-3,6.4,True,69,2023-04-17 11:46:24.905660,True,True,2026-08-08T00:56:44.307745,synthetic,illustrative_synthetic
2022/example-album-3,10.0,True,235,2023-04-20 16:31:41.886792,True,True,2026-08-08T00:56:44.307745,synthetic,illustrative_synthetic
2022/example-album-3,8.0,False,474,2023-04-23 21:16:58.867924,False,True,2026-08-08T00:56:44.307745,synthetic,illustrative_synthetic
2022/example-album-3,5.7,False,724,2023-04-27 02:02:15.849056,True,True,2026-08-08T00:56:44.307745,synthetic,illustrative_synthetic
2022/example-album-3,8.3,False,77,2023-04-30 06:47:32.830188,True,True,2026-08-08T00:56:44.307745,synthetic,illustrative_synthetic
2022/example-album-3,7.4,True,83,2023-05-03 11:32:49.811320,True,True,2026-08-08T00:56:44.307745,synthetic,illustrative_synthetic
2022/example-album-3,9.5,False,2868,2023-05-06 16:18:06.792452,True,True,2026-08-08T00:56:44.307745,synthetic,illustrative_synthetic
2022/example-album-3,5.9,False,258,2023-05-09 21:03:23.773584,True,True,2026-08-08T00:56:44.307745,synthetic,illustrative_synthetic
2022/example-album-3,8.0,True,150,2023-05-13 01:48:40.754717,False,True,2026-08-08T00:56:44.307745,synthetic,illustrative_synthetic
2022/example-album-3,3.9,False,74,2023-05-16 06:33:57.735849,True,True,2026-08-08T00:56:44.307745,synthetic,illustrative_synthetic
2022/example-album-3,7.1,False,410,2023-05-19 11:19:14.716981,True,True,2026-08-08T00:56:44.307745,synthetic,illustrative_synthetic
2022/example-album-3,4.6,False,142,2023-05-22 16:04:31.698113,True,True,2026-08-08T00:56:44.307745,synthetic,illustrative_synthetic
2022/example-album-3,7.3,False,256,2023-05-25 20:49:48.679245,True,True,2026-08-08T00:56:44.307745,synthetic,illustrative_synthetic
2022/example-album-3,7.7,True,3,2023-05-29 01:35:05.660377,True,True,2026-08-08T00:56:44.307745,synthetic,illustrative_synthetic
2022/example-album-3,7.9,False,53,2023-06-01 06:20:22.641509,True,True,2026-08-08T00:56:44.307745,synthetic,illustrative_synthetic
2022/example-album-3,5.9,True,41,2023-06-04 11:05:39.622641,False,True,2026-08-08T00:56:44.307745,synthetic,illustrative_synthetic
2022/example-album-3,7.2,True,179,2023-06-07 15:50:56.603773,True,True,2026-08-08T00:56:44.307745,synthetic,illustrative_synthetic
2022/example-album-3,9.2,False,287,2023-06-10 20:36:13.584905,True,True,2026-08-08T00:56:44.307745,synthetic,illustrative_synthetic
2022/example-album-3,10.0,True,131,2023-06-14 01:21:30.566037,False,True,2026-08-08T00:56:44.307745,synthetic,illustrative_synthetic
2022/example-album-3,7.3,True,75,2023-06-17 06:06:47.547169,True,True,2026-08-08T00:56:44.307745,synthetic,illustrative_synthetic
2022/example-album-3,9.3,False,207,2023-06-20 10:52:04.528301,True,True,2026-08-08T00:56:44.307745,synthetic,illustrative_synthetic
2022/example-album-3,6.7,False,820,2023-06-23 15:37:21.509433,False,True,2026-08-08T00:56:44.307745,synthetic,illustrative_synthetic
2022/example-album-3,5.6,False,217,2023-06-26 20:22:38.490566,False,True,2026-08-08T00:56:44.307745,synthetic,illustrative_synthetic
2022/example-album-3,4.4,False,82,2023-06-30 01:07:55.471698,True,True,2026-08-08T00:56:44.307745,synthetic,illustrative_synthetic
2022/example-album-3,6.2,False,105,2023-07-03 05:53:12.452830,True,True,2026-08-08T00:56:44.307745,synthetic,illustrative_synthetic
2022/example-album-3,9.1,True,155,2023-07-06 10:38:29.433962,True,True,2026-08-08T00:56:44.307745,synthetic,illustrative_synthetic
2022/example-album-3,4.9,True,16,2023-07-09 15:23:46.415094,True,True,2026-08-08T00:56:44.307745,synthetic,illustrative_synthetic
2022/example-album-3,5.1,False,139,2023-07-12 20:09:03.396226,True,True,2026-08-08T00:56:44.307745,synthetic,illustrative_synthetic
2022/example-album-3,7.2,False,185,2023-07-16 00:54:20.377358,False,True,2026-08-08T00:56:44.307745,synthetic,illustrative_synthetic
2022/example-album-3,8.6,False,918,2023-07-19 05:39:37.358490,False,True,2026-08-08T00:56:44.307745,synthetic,illustrative_synthetic
2022/example-album-3,5.2,False,749,2023-07-22 10:24:54.339622,False,True,2026-08-08T00:56:44.307745,synthetic,illustrative_synthetic
2022/example-album-3,5.9,False,258,2023-07-25 15:10:11.320754,True,True,2026-08-08T00:56:44.307745,synthetic,illustrative_synthetic
2022/example-album-3,3.9,False,170,2023-07-28 19:55:28.301886,True,True,2026-08-08T00:56:44.307745,synthetic,illustrative_synthetic
2022/example-album-3,7.7,False,91,2023-08-01 00:40:45.283018,True,True,2026-08-08T00:56:44.307745,synthetic,illustrative_synthetic
2022/example-album-3,2.3,False,166,2023-08-04 05:26:02.264150,True,True,2026-08-08T00:56:44.307745,synthetic,illustrative_synthetic
2022/example-album-3,6.7,True,27,2023-08-07 10:11:19.245283,True,True,2026-08-08T00:56:44.307745,synthetic,illustrative_synthetic
2022/example-album-3,7.8,True,80,2023-08-10 14:56:36.226415,False,True,2026-08-08T00:56:44.307745,synthetic,illustrative_synthetic
2022/example-album-3,5.6,False,258,2023-08-13 19:41:53.207547,True,True,2026-08-08T00:56:44.307745,synthetic,illustrative_synthetic
2022/example-album-3,7.3,False,1165,2023-08-17 00:27:10.188679,True,True,2026-08-08T00:56:44.307745,synthetic,illustrative_synthetic
2022/example-album-3,6.1,True,627,2023-08-20 05:12:27.169811,True,True,2026-08-08T00:56:44.307745,synthetic,illustrative_synthetic
2022/example-album-3,8.0,False,609,2023-08-23 09:57:44.150943,False,True,2026-08-08T00:56:44.307745,synthetic,illustrative_synthetic
2022/example-album-3,7.2,False,345,2023-08-26 14:43:01.132075,True,True,2026-08-08T00:56:44.307745,synthetic,illustrative_synthetic
2022/example-album-3,8.5,False,1217,2023-08-29 19:28:18.113207,False,True,2026-08-08T00:56:44.307745,synthetic,illustrative_synthetic
2022/example-album-3,10.0,False,137,2023-09-02 00:13:35.094339,False,True,2026-08-08T00:56:44.307745,synthetic,illustrative_synthetic
2022/example-album-3,6.2,False,41,2023-09-05 04:58:52.075471,True,True,2026-08-08T00:56:44.307745,synthetic,illustrative_synthetic
2022/example-album-3,6.3,True,61,2023-09-08 09:44:09.056603,False,True,2026-08-08T00:56:44.307745,synthetic,illustrative_synthetic
2022/example-album-3,3.5,False,12,2023-09-11 14:29:26.037735,True,True,2026-08-08T00:56:44.307745,synthetic,illustrative_synthetic
2022/example-album-3,9.6,True,199,2023-09-14 19:14:43.018867,True,True,2026-08-08T00:56:44.307745,synthetic,illustrative_synthetic
2022/example-album-3,7.2,False,515,2023-09-18 00:00:00.000000,True,True,2026-08-08T00:56:44.307745,synthetic,illustrative_synthetic
2022/example-album-3,6.7,False,159,2023-09-21 04:45:16.981132,True,True,2026-08-08T00:56:44.307745,synthetic,illustrative_synthetic
2022/example-album-3,8.2,True,505,2023-09-24 09:30:33.962264,False,True,2026-08-08T00:56:44.307745,synthetic,illustrative_synthetic
2022/example-album-3,4.7,False,248,2023-09-27 14:15:50.943396,False,True,2026-08-08T00:56:44.307745,synthetic,illustrative_synthetic
2022/example-album-3,6.3,False,83,2023-09-30 19:01:07.924528,True,True,2026-08-08T00:56:44.307745,synthetic,illustrative_synthetic
2022/example-album-3,8.7,False,184,2023-10-03 23:46:24.905660,True,True,2026-08-08T00:56:44.307745,synthetic,illustrative_synthetic
2022/example-album-3,9.8,False,12,2023-10-07 04:31:41.886792,True,True,2026-08-08T00:56:44.307745,synthetic,illustrative_synthetic
2022/example-album-3,6.8,False,65,2023-10-10 09:16:58.867924,True,True,2026-08-08T00:56:44.307745,synthetic,illustrative_synthetic
2022/example-album-3,3.5,False,614,2023-10-13 14:02:15.849056,False,True,2026-08-08T00:56:44.307745,synthetic,illustrative_synthetic
2022/example-album-3,7.5,False,498,2023-10-16 18:47:32.830188,True,True,2026-08-08T00:56:44.307745,synthetic,illustrative_synthetic
2022/example-album-3,4.5,False,730,2023-10-19 23:32:49.811320,False,True,2026-08-08T00:56:44.307745,synthetic,illustrative_synthetic
2022/example-album-3,6.5,True,355,2023-10-23 04:18:06.792452,True,True,2026-08-08T00:56:44.307745,synthetic,illustrative_synthetic
2022/example-album-3,6.7,True,67,2023-10-26 09:03:23.773584,False,True,2026-08-08T00:56:44.307745,synthetic,illustrative_synthetic
2022/example-album-3,8.9,False,1222,2023-10-29 13:48:40.754717,True,True,2026-08-08T00:56:44.307745,synthetic,illustrative_synthetic
2022/example-album-3,10.0,False,41,2023-11-01 18:33:57.735849,True,True,2026-08-08T00:56:44.307745,synthetic,illustrative_synthetic
2022/example-album-3,7.8,True,154,2023-11-04 23:19:14.716981,False,True,2026-08-08T00:56:44.307745,synthetic,illustrative_synthetic
2022/example-album-3,8.0,False,20,2023-11-08 04:04:31.698113,True,True,2026-08-08T00:56:44.307745,synthetic,illustrative_synthetic
2022/example-album-3,6.5,False,198,2023-11-11 08:49:48.679245,True,True,2026-08-08T00:56:44.307745,synthetic,illustrative_synthetic
2022/example-album-3,6.2,False,34,2023-11-14 13:35:05.660377,False,True,2026-08-08T00:56:44.307745,synthetic,illustrative_synthetic
2022/example-album-3,10.0,True,86,2023-11-17 18:20:22.641509,True,True,2026-08-08T00:56:44.307745,synthetic,illustrative_synthetic
2022/example-album-3,9.8,False,471,2023-11-20 23:05:39.622641,True,True,2026-08-08T00:56:44.307745,synthetic,illustrative_synthetic
2022/example-album-3,9.5,True,104,2023-11-24 03:50:56.603773,True,True,2026-08-08T00:56:44.307745,synthetic,illustrative_synthetic
2022/example-album-3,8.1,False,6,2023-11-27 08:36:13.584905,True,True,2026-08-08T00:56:44.307745,synthetic,illustrative_synthetic
2022/example-album-3,7.6,True,362,2023-11-30 13:21:30.566037,False,True,2026-08-08T00:56:44.307745,synthetic,illustrative_synthetic
2022/example-album-3,7.1,False,157,2023-12-03 18:06:47.547169,False,True,2026-08-08T00:56:44.307745,synthetic,illustrative_synthetic
2022/example-album-3,6.7,False,78,2023-12-06 22:52:04.528301,True,True,2026-08-08T00:56:44.307745,synthetic,illustrative_synthetic
2022/example-album-3,6.5,True,221,2023-12-10 03:37:21.509433,True,True,2026-08-08T00:56:44.307745,synthetic,illustrative_synthetic
2022/example-album-3,9.8,False,163,2023-12-13 08:22:38.490566,True,True,2026-08-08T00:56:44.307745,synthetic,illustrative_synthetic
2022/example-album-3,10.0,False,509,2023-12-16 13:07:55.471698,True,True,2026-08-08T00:56:44.307745,synthetic,illustrative_synthetic
2022/example-album-3,7.6,False,302,2023-12-19 17:53:12.452830,False,True,2026-08-08T00:56:44.307745,synthetic,illustrative_synthetic
2022/example-album-3,4.4,False,149,2023-12-22 22:38:29.433962,True,True,2026-08-08T00:56:44.307745,synthetic,illustrative_synthetic
2022/example-album-3,2.1,False,38,2023-12-26 03:23:46.415094,False,True,2026-08-08T00:56:44.307745,synthetic,illustrative_synthetic
2022/example-album-3,7.0,False,78,2023-12-29 08:09:03.396226,True,True,2026-08-08T00:56:44.307745,synthetic,illustrative_synthetic
2022/example-album-3,6.1,False,230,2024-01-01 12:54:20.377358,False,True,2026-08-08T00:56:44.307745,synthetic,illustrative_synthetic
2022/example-album-3,9.2,False,451,2024-01-04 17:39:37.358490,True,True,2026-08-08T00:56:44.307745,synthetic,illustrative_synthetic
2022/example-album-3,6.1,False,380,2024-01-07 22:24:54.339622,True,True,2026-08-08T00:56:44.307745,synthetic,illustrative_synthetic
2022/example-album-3,8.4,False,184,2024-01-11 03:10:11.320754,False,True,2026-08-08T00:56:44.307745,synthetic,illustrative_synthetic
2022/example-album-3,3.1,True,515,2024-01-14 07:55:28.301886,True,True,2026-08-08T00:56:44.307745,synthetic,illustrative_synthetic
2022/example-album-3,7.9,False,103,2024-01-17 12:40:45.283018,True,True,2026-08-08T00:56:44.307745,synthetic,illustrative_synthetic
2022/example-album-3,6.9,True,24,2024-01-20 17:26:02.264150,False,True,2026-08-08T00:56:44.307745,synthetic,illustrative_synthetic
2022/example-album-3,10.0,True,487,2024-01-23 22:11:19.245283,False,True,2026-08-08T00:56:44.307745,synthetic,illustrative_synthetic
2022/example-album-3,8.4,False,435,2024-01-27 02:56:36.226415,True,True,2026-08-08T00:56:44.307745,synthetic,illustrative_synthetic
2022/example-album-3,8.4,False,66,2024-01-30 07:41:53.207547,False,True,2026-08-08T00:56:44.307745,synthetic,illustrative_synthetic
2022/example-album-3,6.1,True,80,2024-02-02 12:27:10.188679,True,True,2026-08-08T00:56:44.307745,synthetic,illustrative_synthetic
2022/example-album-3,5.8,False,826,2024-02-05 17:12:27.169811,False,True,2026-08-08T00:56:44.307745,synthetic,illustrative_synthetic
2022/example-album-3,5.8,False,437,2024-02-08 21:57:44.150943,True,True,2026-08-08T00:56:44.307745,synthetic,illustrative_synthetic
2022/example-album-3,10.0,False,102,2024-02-12 02:43:01.132075,True,True,2026-08-08T00:56:44.307745,synthetic,illustrative_synthetic
2022/example-album-3,9.0,False,78,2024-02-15 07:28:18.113207,True,True,2026-08-08T00:56:44.307745,synthetic,illustrative_synthetic
2022/example-album-3,7.2,True,861,2024-02-18 12:13:35.094339,False,True,2026-08-08T00:56:44.307745,synthetic,illustrative_synthetic
2022/example-album-3,10.0,True,397,2024-02-21 16:58:52.075471,False,True,2026-08-08T00:56:44.307745,synthetic,illustrative_synthetic
2022/example-album-3,5.1,False,34,2024-02-24 21:44:09.056603,True,True,2026-08-08T00:56:44.307745,synthetic,illustrative_synthetic
2022/example-album-3,9.0,True,29,2024-02-28 02:29:26.037735,True,True,2026-08-08T00:56:44.307745,synthetic,illustrative_synthetic
2022/example-album-3,5.9,False,183,2024-03-02 07:14:43.018867,True,True,2026-08-08T00:56:44.307745,synthetic,illustrative_synthetic
2022/example-album-3,5.7,False,405,2024-03-05 12:00:00.000000,True,True,2026-08-08T00:56:44.307745,synthetic,illustrative_synthetic
2022/example-album-3,6.9,False,257,2024-03-08 16:45:16.981132,False,True,2026-08-08T00:56:44.307745,synthetic,illustrative_synthetic
2022/example-album-3,6.0,False,152,2024-03-11 21:30:33.962264,True,True,2026-08-08T00:56:44.307745,synthetic,illustrative_synthetic
2022/example-album-3,7.7,False,539,2024-03-15 02:15:50.943396,False,True,2026-08-08T00:56:44.307745,synthetic,illustrative_synthetic
2022/example-album-3,7.3,False,264,2024-03-18 07:01:07.924528,False,True,2026-08-08T00:56:44.307745,synthetic,illustrative_synthetic
2022/example-album-3,7.9,True,420,2024-03-21 11:46:24.905660,True,True,2026-08-08T00:56:44.307745,synthetic,illustrative_synthetic
2022/example-album-3,7.7,False,11,2024-03-24 16:31:41.886792,True,True,2026-08-08T00:56:44.307745,synthetic,illustrative_synthetic
2022/example-album-3,9.3,True,412,2024-03-27 21:16:58.867924,False,True,2026-08-08T00:56:44.307745,synthetic,illustrative_synthetic
2022/example-album-3,5.1,False,555,2024-03-31 02:02:15.849056,False,True,2026-08-08T00:56:44.307745,synthetic,illustrative_synthetic
2022/example-album-3,6.1,False,768,2024-04-03 06:47:32.830188,False,True,2026-08-08T00:56:44.307745,synthetic,illustrative_synthetic
2022/example-album-3,6.8,False,162,2024-04-06 11:32:49.811320,True,True,2026-08-08T00:56:44.307745,synthetic,illustrative_synthetic
2022/example-album-3,4.5,False,500,2024-04-09 16:18:06.792452,True,True,2026-08-08T00:56:44.307745,synthetic,illustrative_synthetic
2022/example-album-3,6.7,False,50,2024-04-12 21:03:23.773584,False,True,2026-08-08T00:56:44.307745,synthetic,illustrative_synthetic
2022/example-album-3,10.0,True,468,2024-04-16 01:48:40.754717,True,True,2026-08-08T00:56:44.307745,synthetic,illustrative_synthetic
2022/example-album-3,7.3,False,31,2024-04-19 06:33:57.735849,False,True,2026-08-08T00:56:44.307745,synthetic,illustrative_synthetic
2022/example-album-3,4.4,True,680,2024-04-22 11:19:14.716981,False,True,2026-08-08T00:56:44.307745,synthetic,illustrative_synthetic
2022/example-album-3,6.5,False,488,2024-04-25 16:04:31.698113,True,True,2026-08-08T00:56:44.307745,synthetic,illustrative_synthetic
2022/example-album-3,7.5,False,41,2024-04-28 20:49:48.679245,True,True,2026-08-08T00:56:44.307745,synthetic,illustrative_synthetic
2022/example-album-3,6.3,False,91,2024-05-02 01:35:05.660377,True,True,2026-08-08T00:56:44.307745,synthetic,illustrative_synthetic
2022/example-album-3,4.8,False,17,2024-05-05 06:20:22.641509,False,True,2026-08-08T00:56:44.307745,synthetic,illustrative_synthetic
2022/example-album-3,4.0,True,371,2024-05-08 11:05:39.622641,True,True,2026-08-08T00:56:44.307745,synthetic,illustrative_synthetic
2022/example-album-3,6.3,False,693,2024-05-11 15:50:56.603773,True,True,2026-08-08T00:56:44.307745,synthetic,illustrative_synthetic
2022/example-album-3,6.9,True,323,2024-05-14 20:36:13.584905,False,True,2026-08-08T00:56:44.307745,synthetic,illustrative_synthetic
2022/example-album-3,10.0,False,100,2024-05-18 01:21:30.566037,False,True,2026-08-08T00:56:44.307745,synthetic,illustrative_synthetic
2022/example-album-3,8.4,False,187,2024-05-21 06:06:47.547169,True,True,2026-08-08T00:56:44.307745,synthetic,illustrative_synthetic
2022/example-album-3,5.1,True,889,2024-05-24 10:52:04.528301,False,True,2026-08-08T00:56:44.307745,synthetic,illustrative_synthetic
2022/example-album-3,7.3,True,615,2024-05-27 15:37:21.509433,True,True,2026-08-08T00:56:44.307745,synthetic,illustrative_synthetic
2022/example-album-3,4.3,False,479,2024-05-30 20:22:38.490566,False,True,2026-08-08T00:56:44.307745,synthetic,illustrative_synthetic
2022/example-album-3,6.0,True,480,2024-06-03 01:07:55.471698,False,True,2026-08-08T00:56:44.307745,synthetic,illustrative_synthetic
2022/example-album-3,8.8,False,2046,2024-06-06 05:53:12.452830,True,True,2026-08-08T00:56:44.307745,synthetic,illustrative_synthetic
2022/example-album-3,7.7,False,105,2024-06-09 10:38:29.433962,True,True,2026-08-08T00:56:44.307745,synthetic,illustrative_synthetic
2022/example-album-3,8.4,False,506,2024-06-12 15:23:46.415094,True,True,2026-08-08T00:56:44.307745,synthetic,illustrative_synthetic
2022/example-album-3,6.9,False,45,2024-06-15 20:09:03.396226,False,True,2026-08-08T00:56:44.307745,synthetic,illustrative_synthetic
2022/example-album-3,8.9,False,141,2024-06-19 00:54:20.377358,False,True,2026-08-08T00:56:44.307745,synthetic,illustrative_synthetic
2022/example-album-3,4.3,False,179,2024-06-22 05:39:37.358490,True,True,2026-08-08T00:56:44.307745,synthetic,illustrative_synthetic
2022/example-album-3,6.6,False,58,2024-06-25 10:24:54.339622,False,True,2026-08-08T00:56:44.307745,synthetic,illustrative_synthetic
2022/example-album-3,8.0,True,252,2024-06-28 15:10:11.320754,True,True,2026-08-08T00:56:44.307745,synthetic,illustrative_synthetic
2022/example-album-3,3.7,True,349,2024-07-01 19:55:28.301886,False,True,2026-08-08T00:56:44.307745,synthetic,illustrative_synthetic
2022/example-album-3,1.9,False,402,2024-07-05 00:40:45.283018,False,True,2026-08-08T00:56:44.307745,synthetic,illustrative_synthetic
2022/example-album-3,10.0,False,524,2024-07-08 05:26:02.264150,True,True,2026-08-08T00:56:44.307745,synthetic,illustrative_synthetic
2022/example-album-3,7.2,False,221,2024-07-11 10:11:19.245283,True,True,2026-08-08T00:56:44.307745,synthetic,illustrative_synthetic
2022/example-album-3,3.6,True,248,2024-07-14 14:56:36.226415,False,True,2026-08-08T00:56:44.307745,synthetic,illustrative_synthetic
2022/example-album-3,7.1,False,77,2024-07-17 19:41:53.207547,False,True,2026-08-08T00:56:44.307745,synthetic,illustrative_synthetic
2022/example-album-3,4.5,False,814,2024-07-21 00:27:10.188679,True,True,2026-08-08T00:56:44.307745,synthetic,illustrative_synthetic
2022/example-album-3,5.1,False,133,2024-07-24 05:12:27.169811,False,True,2026-08-08T00:56:44.307745,synthetic,illustrative_synthetic
2022/example-album-3,9.3,True,24,2024-07-27 09:57:44.150943,True,True,2026-08-08T00:56:44.307745,synthetic,illustrative_synthetic
2022/example-album-3,6.5,True,179,2024-07-30 14:43:01.132075,True,True,2026-08-08T00:56:44.307745,synthetic,illustrative_synthetic
2022/example-album-3,6.1,False,265,2024-08-02 19:28:18.113207,False,True,2026-08-08T00:56:44.307745,synthetic,illustrative_synthetic
2022/example-album-3,6.5,False,870,2024-08-06 00:13:35.094339,True,True,2026-08-08T00:56:44.307745,synthetic,illustrative_synthetic
2022/example-album-3,5.5,True,70,2024-08-09 04:58:52.075471,False,True,2026-08-08T00:56:44.307745,synthetic,illustrative_synthetic
2022/example-album-3,7.5,True,292,2024-08-12 09:44:09.056603,False,True,2026-08-08T00:56:44.307745,synthetic,illustrative_synthetic
2022/example-album-3,6.7,False,180,2024-08-15 14:29:26.037735,True,True,2026-08-08T00:56:44.307745,synthetic,illustrative_synthetic
2022/example-album-3,10.0,False,34,2024-08-18 19:14:43.018867,True,True,2026-08-08T00:56:44.307745,synthetic,illustrative_synthetic
2022/example-album-3,5.2,False,204,2024-08-22 00:00:00.000000,True,True,2026-08-08T00:56:44.307745,synthetic,illustrative_synthetic
2022/example-album-3,7.2,False,17,2024-08-25 04:45:16.981132,True,True,2026-08-08T00:56:44.307745,synthetic,illustrative_synthetic
2022/example-album-3,10.0,True,405,2024-08-28 09:30:33.962264,False,True,2026-08-08T00:56:44.307745,synthetic,illustrative_synthetic
2022/example-album-3,8.4,True,30,2024-08-31 14:15:50.943396,True,True,2026-08-08T00:56:44.307745,synthetic,illustrative_synthetic
2022/example-album-3,5.8,False,199,2024-09-03 19:01:07.924528,False,True,2026-08-08T00:56:44.307745,synthetic,illustrative_synthetic
2022/example-album-3,5.3,False,166,2024-09-06 23:46:24.905660,True,True,2026-08-08T00:56:44.307745,synthetic,illustrative_synthetic
2022/example-album-3,5.8,False,957,2024-09-10 04:31:41.886792,True,True,2026-08-08T00:56:44.307745,synthetic,illustrative_synthetic
2022/example-album-3,4.8,False,197,2024-09-13 09:16:58.867924,False,True,2026-08-08T00:56:44.307745,synthetic,illustrative_synthetic
2022/example-album-3,6.1,True,97,2024-09-16 14:02:15.849056,True,True,2026-08-08T00:56:44.307745,synthetic,illustrative_synthetic
2022/example-album-3,6.5,True,341,2024-09-19 18:47:32.830188,False,True,2026-08-08T00:56:44.307745,synthetic,illustrative_synthetic
2022/example-album-3,8.3,False,35,2024-09-22 23:32:49.811320,False,True,2026-08-08T00:56:44.307745,synthetic,illustrative_synthetic
2022/example-album-3,7.8,True,157,2024-09-26 04:18:06.792452,False,True,2026-08-08T00:56:44.307745,synthetic,illustrative_synthetic
2022/example-album-3,6.1,True,103,2024-09-29 09:03:23.773584,True,True,2026-08-08T00:56:44.307745,synthetic,illustrative_synthetic
2022/example-album-3,6.4,False,1867,2024-10-02 13:48:40.754717,True,True,2026-08-08T00:56:44.307745,synthetic,illustrative_synthetic
2022/example-album-3,4.7,False,64,2024-10-05 18:33:57.735849,False,True,2026-08-08T00:56:44.307745,synthetic,illustrative_synthetic
2022/example-album-3,7.6,False,916,2024-10-08 23:19:14.716981,True,True,2026-08-08T00:56:44.307745,synthetic,illustrative_synthetic
2022/example-album-3,9.6,False,48,2024-10-12 04:04:31.698113,False,True,2026-08-08T00:56:44.307745,synthetic,illustrative_synthetic
2022/example-album-3,10.0,True,148,2024-10-15 08:49:48.679245,False,True,2026-08-08T00:56:44.307745,synthetic,illustrative_synthetic
2022/example-album-3,7.6,False,60,2024-10-18 13:35:05.660377,True,True,2026-08-08T00:56:44.307745,synthetic,illustrative_synthetic
2022/example-album-3,7.2,False,383,2024-10-21 18:20:22.641509,False,True,2026-08-08T00:56:44.307745,synthetic,illustrative_synthetic
2022/example-album-3,7.5,True,518,2024-10-24 23:05:39.622641,False,True,2026-08-08T00:56:44.307745,synthetic,illustrative_synthetic
2022/example-album-3,7.7,False,80,2024-10-28 03:50:56.603773,True,True,2026-08-08T00:56:44.307745,synthetic,illustrative_synthetic
2022/example-album-3,7.3,False,319,2024-10-31 08:36:13.584905,False,True,2026-08-08T00:56:44.307745,synthetic,illustrative_synthetic
2022/example-album-3,6.1,False,360,2024-11-03 13:21:30.566037,False,True,2026-08-08T00:56:44.307745,synthetic,illustrative_synthetic
2022/example-album-3,8.4,False,170,2024-11-06 18:06:47.547169,True,True,2026-08-08T00:56:44.307745,synthetic,illustrative_synthetic
2022/example-album-3,6.6,False,290,2024-11-09 22:52:04.528301,False,True,2026-08-08T00:56:44.307745,synthetic,illustrative_synthetic
2022/example-album-3,4.4,False,191,2024-11-13 03:37:21.509433,True,True,2026-08-08T00:56:44.307745,synthetic,illustrative_synthetic
2022/example-album-3,8.7,True,681,2024-11-16 08:22:38.490566,True,True,2026-08-08T00:56:44.307745,synthetic,illustrative_synthetic
2022/example-album-3,6.3,False,99,2024-11-19 13:07:55.471698,False,True,2026-08-08T00:56:44.307745,synthetic,illustrative_synthetic
2022/example-album-3,10.0,False,48,2024-11-22 17:53:12.452830,False,True,2026-08-08T00:56:44.307745,synthetic,illustrative_synthetic
2022/example-album-3,4.6,False,358,2024-11-25 22:38:29.433962,True,True,2026-08-08T00:56:44.307745,synthetic,illustrative_synthetic
2022/example-album-3,10.0,False,213,2024-11-29 03:23:46.415094,False,True,2026-08-08T00:56:44.307745,synthetic,illustrative_synthetic
2022/example-album-3,6.8,False,401,2024-12-02 08:09:03.396226,True,True,2026-08-08T00:56:44.307745,synthetic,illustrative_synthetic
2022/example-album-3,6.5,True,53,2024-12-05 12:54:20.377358,True,True,2026-08-08T00:56:44.307745,synthetic,illustrative_synthetic
2022/example-album-3,9.8,False,217,2024-12-08 17:39:37.358490,True,True,2026-08-08T00:56:44.307745,synthetic,illustrative_synthetic
2022/example-album-3,8.8,False,8,2024-12-11 22:24:54.339622,False,True,2026-08-08T00:56:44.307745,synthetic,illustrative_synthetic
2022/example-album-3,7.0,False,150,2024-12-15 03:10:11.320754,True,True,2026-08-08T00:56:44.307745,synthetic,illustrative_synthetic
2022/example-album-3,5.8,False,159,2024-12-18 07:55:28.301886,True,True,2026-08-08T00:56:44.307745,synthetic,illustrative_synthetic
2022/example-album-3,7.0,False,188,2024-12-21 12:40:45.283018,False,True,2026-08-08T00:56:44.307745,synthetic,illustrative_synthetic
2022/example-album-3,6.6,False,353,2024-12-24 17:26:02.264150,True,True,2026-08-08T00:56:44.307745,synthetic,illustrative_synthetic
2022/example-album-3,5.4,True,1,2024-12-27 22:11:19.245283,True,True,2026-08-08T00:56:44.307745,synthetic,illustrative_synthetic
2022/example-album-3,8.4,False,1275,2024-12-31 02:56:36.226415,True,True,2026-08-08T00:56:44.307745,synthetic,illustrative_synthetic
2022/example-album-3,6.9,False,244,2025-01-03 07:41:53.207547,False,True,2026-08-08T00:56:44.307745,synthetic,illustrative_synthetic
2022/example-album-3,3.0,False,795,2025-01-06 12:27:10.188679,False,True,2026-08-08T00:56:44.307745,synthetic,illustrative_synthetic
2022/example-album-3,7.7,True,118,2025-01-09 17:12:27.169811,False,True,2026-08-08T00:56:44.307745,synthetic,illustrative_synthetic
2022/example-album-3,8.1,False,63,2025-01-12 21:57:44.150943,True,True,2026-08-08T00:56:44.307745,synthetic,illustrative_synthetic
2022/example-album-3,4.6,False,64,2025-01-16 02:43:01.132075,True,True,2026-08-08T00:56:44.307745,synthetic,illustrative_synthetic
2022/example-album-3,9.4,False,430,2025-01-19 07:28:18.113207,False,True,2026-08-08T00:56:44.307745,synthetic,illustrative_synthetic
2022/example-album-3,8.9,False,53,2025-01-22 12:13:35.094339,True,True,2026-08-08T00:56:44.307745,synthetic,illustrative_synthetic
2022/example-album-3,6.2,True,441,2025-01-25 16:58:52.075471,True,True,2026-08-08T00:56:44.307745,synthetic,illustrative_synthetic
2022/example-album-3,7.3,False,10,2025-01-28 21:44:09.056603,True,True,2026-08-08T00:56:44.307745,synthetic,illustrative_synthetic
2022/example-album-3,6.2,False,349,2025-02-01 02:29:26.037735,True,True,2026-08-08T00:56:44.307745,synthetic,illustrative_synthetic
2022/example-album-3,7.3,False,31,2025-02-04 07:14:43.018867,True,True,2026-08-08T00:56:44.307745,synthetic,illustrative_synthetic
2022/example-album-3,8.5,False,341,2025-02-07 12:00:00.000000,False,True,2026-08-08T00:56:44.307745,synthetic,illustrative_synthetic
2022/example-album-3,4.1,True,25,2025-02-10 16:45:16.981132,True,True,2026-08-08T00:56:44.307745,synthetic,illustrative_synthetic
2022/example-album-3,6.6,False,31,2025-02-13 21:30:33.962264,False,True,2026-08-08T00:56:44.307745,synthetic,illustrative_synthetic
2022/example-album-3,5.4,False,442,2025-02-17 02:15:50.943396,True,True,2026-08-08T00:56:44.307745,synthetic,illustrative_synthetic
2022/example-album-3,10.0,False,528,2025-02-20 07:01:07.924528,False,True,2026-08-08T00:56:44.307745,synthetic,illustrative_synthetic
2022/example-album-3,7.8,False,248,2025-02-23 11:46:24.905660,True,True,2026-08-08T00:56:44.307745,synthetic,illustrative_synthetic
2022/example-album-3,7.1,False,193,2025-02-26 16:31:41.886792,False,True,2026-08-08T00:56:44.307745,synthetic,illustrative_synthetic
2022/example-album-3,7.7,False,228,2025-03-01 21:16:58.867924,True,True,2026-08-08T00:56:44.307745,synthetic,illustrative_synthetic
2022/example-album-3,6.5,False,335,2025-03-05 02:02:15.849056,False,True,2026-08-08T00:56:44.307745,synthetic,illustrative_synthetic
2022/example-album-3,9.3,True,116,2025-03-08 06:47:32.830188,True,True,2026-08-08T00:56:44.307745,synthetic,illustrative_synthetic
2022/example-album-3,10.0,True,105,2025-03-11 11:32:49.811320,True,True,2026-08-08T00:56:44.307745,synthetic,illustrative_synthetic
2022/example-album-3,7.1,False,689,2025-03-14 16:18:06.792452,False,True,2026-08-08T00:56:44.307745,synthetic,illustrative_synthetic
2022/example-album-3,7.1,True,372,2025-03-17 21:03:23.773584,False,True,2026-08-08T00:56:44.307745,synthetic,illustrative_synthetic
2022/example-album-3,8.3,False,128,2025-03-21 01:48:40.754717,False,True,2026-08-08T00:56:44.307745,synthetic,illustrative_synthetic
2022/example-album-3,10.0,True,51,2025-03-24 06:33:57.735849,False,True,2026-08-08T00:56:44.307745,synthetic,illustrative_synthetic
2022/example-album-3,6.5,True,364,2025-03-27 11:19:14.716981,False,True,2026-08-08T00:56:44.307745,synthetic,illustrative_synthetic
2022/example-album-3,5.7,False,572,2025-03-30 16:04:31.698113,True,True,2026-08-08T00:56:44.307745,synthetic,illustrative_synthetic
2022/example-album-3,5.6,False,377,2025-04-02 20:49:48.679245,True,True,2026-08-08T00:56:44.307745,synthetic,illustrative_synthetic
2022/example-album-3,9.1,False,380,2025-04-06 01:35:05.660377,True,True,2026-08-08T00:56:44.307745,synthetic,illustrative_synthetic
2022/example-album-3,10.0,False,241,2025-04-09 06:20:22.641509,False,True,2026-08-08T00:56:44.307745,synthetic,illustrative_synthetic
2022/example-album-3,9.4,False,8,2025-04-12 11:05:39.622641,True,True,2026-08-08T00:56:44.307745,synthetic,illustrative_synthetic
2022/example-album-3,7.5,False,18,2025-04-15 15:50:56.603773,True,True,2026-08-08T00:56:44.307745,synthetic,illustrative_synthetic
2022/example-album-3,6.7,False,36,2025-04-18 20:36:13.584905,True,True,2026-08-08T00:56:44.307745,synthetic,illustrative_synthetic
2022/example-album-3,5.1,False,86,2025-04-22 01:21:30.566037,True,True,2026-08-08T00:56:44.307745,synthetic,illustrative_synthetic
2022/example-album-3,10.0,False,436,2025-04-25 06:06:47.547169,True,True,2026-08-08T00:56:44.307745,synthetic,illustrative_synthetic
2022/example-album-3,7.0,False,37,2025-04-28 10:52:04.528301,True,True,2026-08-08T00:56:44.307745,synthetic,illustrative_synthetic
2022/example-album-3,5.0,False,23,2025-05-01 15:37:21.509433,True,True,2026-08-08T00:56:44.307745,synthetic,illustrative_synthetic
2022/example-album-3,10.0,False,80,2025-05-04 20:22:38.490566,False,True,2026-08-08T00:56:44.307745,synthetic,illustrative_synthetic
2022/example-album-3,7.4,False,64,2025-05-08 01:07:55.471698,True,True,2026-08-08T00:56:44.307745,synthetic,illustrative_synthetic
2022/example-album-3,10.0,False,232,2025-05-11 05:53:12.452830,True,True,2026-08-08T00:56:44.307745,synthetic,illustrative_synthetic
2022/example-album-3,6.5,False,15,2025-05-14 10:38:29.433962,True,True,2026-08-08T00:56:44.307745,synthetic,illustrative_synthetic
2022/example-album-3,7.2,False,152,2025-05-17 15:23:46.415094,True,True,2026-08-08T00:56:44.307745,synthetic,illustrative_synthetic
2022/example-album-3,7.2,False,687,2025-05-20 20:09:03.396226,True,True,2026-08-08T00:56:44.307745,synthetic,illustrative_synthetic
2022/example-album-3,5.2,False,325,2025-05-24 00:54:20.377358,True,True,2026-08-08T00:56:44.307745,synthetic,illustrative_synthetic
2022/example-album-3,6.1,False,978,2025-05-27 05:39:37.358490,True,True,2026-08-08T00:56:44.307745,synthetic,illustrative_synthetic
2022/example-album-3,7.6,False,390,2025-05-30 10:24:54.339622,False,True,2026-08-08T00:56:44.307745,synthetic,illustrative_synthetic
2022/example-album-3,9.0,False,98,2025-06-02 15:10:11.320754,True,True,2026-08-08T00:56:44.307745,synthetic,illustrative_synthetic
2022/example-album-3,5.8,False,451,2025-06-05 19:55:28.301886,True,True,2026-08-08T00:56:44.307745,synthetic,illustrative_synthetic
2022/example-album-3,6.9,True,488,2025-06-09 00:40:45.283018,True,True,2026-08-08T00:56:44.307745,synthetic,illustrative_synthetic
2022/example-album-3,7.9,True,317,2025-06-12 05:26:02.264150,True,True,2026-08-08T00:56:44.307745,synthetic,illustrative_synthetic
2022/example-album-3,8.5,False,450,2025-06-15 10:11:19.245283,True,True,2026-08-08T00:56:44.307745,synthetic,illustrative_synthetic
2022/example-album-3,8.7,False,854,2025-06-18 14:56:36.226415,True,True,2026-08-08T00:56:44.307745,synthetic,illustrative_synthetic
2022/example-album-3,9.8,False,210,2025-06-21 19:41:53.207547,True,True,2026-08-08T00:56:44.307745,synthetic,illustrative_synthetic
2022/example-album-3,9.8,False,33,2025-06-25 00:27:10.188679,True,True,2026-08-08T00:56:44.307745,synthetic,illustrative_synthetic
2022/example-album-3,5.2,False,150,2025-06-28 05:12:27.169811,False,True,2026-08-08T00:56:44.307745,synthetic,illustrative_synthetic
2022/example-album-3,8.6,False,36,2025-07-01 09:57:44.150943,True,True,2026-08-08T00:56:44.307745,synthetic,illustrative_synthetic
2022/example-album-3,5.5,False,1243,2025-07-04 14:43:01.132075,True,True,2026-08-08T00:56:44.307745,synthetic,illustrative_synthetic
2022/example-album-3,7.0,True,35,2025-07-07 19:28:18.113207,True,True,2026-08-08T00:56:44.307745,synthetic,illustrative_synthetic
2022/example-album-3,6.8,False,81,2025-07-11 00:13:35.094339,True,True,2026-08-08T00:56:44.307745,synthetic,illustrative_synthetic
2022/example-album-3,4.9,False,292,2025-07-14 04:58:52.075471,False,True,2026-08-08T00:56:44.307745,synthetic,illustrative_synthetic
2022/example-album-3,8.9,False,432,2025-07-17 09:44:09.056603,True,True,2026-08-08T00:56:44.307745,synthetic,illustrative_synthetic
2022/example-album-3,5.9,False,461,2025-07-20 14:29:26.037735,True,True,2026-08-08T00:56:44.307745,synthetic,illustrative_synthetic
2022/example-album-3,7.9,False,277,2025-07-23 19:14:43.018867,False,True,2026-08-08T00:56:44.307745,synthetic,illustrative_synthetic
2022/example-album-3,7.5,False,54,2025-07-27 00:00:00.000000,True,True,2026-08-08T00:56:44.307745,synthetic,illustrative_synthetic
2022/example-album-3,5.9,True,173,2025-07-30 04:45:16.981132,True,True,2026-08-08T00:56:44.307745,synthetic,illustrative_synthetic
2022/example-album-3,9.2,True,728,2025-08-02 09:30:33.962264,False,True,2026-08-08T00:56:44.307745,synthetic,illustrative_synthetic
2022/example-album-3,7.6,False,217,2025-08-05 14:15:50.943396,False,True,2026-08-08T00:56:44.307745,synthetic,illustrative_synthetic
2022/example-album-3,4.1,True,4,2025-08-08 19:01:07.924528,True,True,2026-08-08T00:56:44.307745,synthetic,illustrative_synthetic
2022/example-album-3,4.8,False,230,2025-08-11 23:46:24.905660,False,True,2026-08-08T00:56:44.307745,synthetic,illustrative_synthetic
2022/example-album-3,6.3,False,8,2025-08-15 04:31:41.886792,True,True,2026-08-08T00:56:44.307745,synthetic,illustrative_synthetic
2022/example-album-3,6.2,False,261,2025-08-18 09:16:58.867924,False,True,2026-08-08T00:56:44.307745,synthetic,illustrative_synthetic
2022/example-album-3,10.0,True,1269,2025-08-21 14:02:15.849056,True,True,2026-08-08T00:56:44.307745,synthetic,illustrative_synthetic
2022/example-album-3,7.7,True,212,2025-08-24 18:47:32.830188,False,True,2026-08-08T00:56:44.307745,synthetic,illustrative_synthetic
2022/example-album-3,7.2,False,280,2025-08-27 23:32:49.811320,True,True,2026-08-08T00:56:44.307745,synthetic,illustrative_synthetic
2022/example-album-3,1.0,False,413,2025-08-31 04:18:06.792452,True,True,2026-08-08T00:56:44.307745,synthetic,illustrative_synthetic
2022/example-album-3,7.4,True,97,2025-09-03 09:03:23.773584,True,True,2026-08-08T00:56:44.307745,synthetic,illustrative_synthetic
2022/example-album-3,9.2,False,32,2025-09-06 13:48:40.754717,False,True,2026-08-08T00:56:44.307745,synthetic,illustrative_synthetic
2022/example-album-3,8.5,True,308,2025-09-09 18:33:57.735849,False,True,2026-08-08T00:56:44.307745,synthetic,illustrative_synthetic
2022/example-album-3,4.5,True,123,2025-09-12 23:19:14.716981,False,True,2026-08-08T00:56:44.307745,synthetic,illustrative_synthetic
2022/example-album-3,6.4,False,265,2025-09-16 04:04:31.698113,False,True,2026-08-08T00:56:44.307745,synthetic,illustrative_synthetic
2022/example-album-3,6.7,False,124,2025-09-19 08:49:48.679245,True,True,2026-08-08T00:56:44.307745,synthetic,illustrative_synthetic
2022/example-album-3,5.7,False,729,2025-09-22 13:35:05.660377,False,True,2026-08-08T00:56:44.307745,synthetic,illustrative_synthetic
2022/example-album-3,5.9,False,247,2025-09-25 18:20:22.641509,True,True,2026-08-08T00:56:44.307745,synthetic,illustrative_synthetic
2022/example-album-3,7.4,False,282,2025-09-28 23:05:39.622641,False,True,2026-08-08T00:56:44.307745,synthetic,illustrative_synthetic
2022/example-album-3,10.0,True,39,2025-10-02 03:50:56.603773,False,True,2026-08-08T00:56:44.307745,synthetic,illustrative_synthetic
2022/example-album-3,8.8,False,170,2025-10-05 08:36:13.584905,True,True,2026-08-08T00:56:44.307745,synthetic,illustrative_synthetic
2022/example-album-3,5.8,True,336,2025-10-08 13:21:30.566037,True,True,2026-08-08T00:56:44.307745,synthetic,illustrative_synthetic
2022/example-album-3,8.2,False,200,2025-10-11 18:06:47.547169,False,True,2026-08-08T00:56:44.307745,synthetic,illustrative_synthetic
2022/example-album-3,8.2,False,94,2025-10-14 22:52:04.528301,False,True,2026-08-08T00:56:44.307745,synthetic,illustrative_synthetic
2022/example-album-3,8.6,False,390,2025-10-18 03:37:21.509433,False,True,2026-08-08T00:56:44.307745,synthetic,illustrative_synthetic
2022/example-album-3,6.3,True,879,2025-10-21 08:22:38.490566,True,True,2026-08-08T00:56:44.307745,synthetic,illustrative_synthetic
2022/example-album-3,7.2,False,58,2025-10-24 13:07:55.471698,True,True,2026-08-08T00:56:44.307745,synthetic,illustrative_synthetic
2022/example-album-3,8.0,False,407,2025-10-27 17:53:12.452830,False,True,2026-08-08T00:56:44.307745,synthetic,illustrative_synthetic
2022/example-album-3,6.0,False,4,2025-10-30 22:38:29.433962,False,True,2026-08-08T00:56:44.307745,synthetic,illustrative_synthetic
2022/example-album-3,5.2,False,20,2025-11-03 03:23:46.415094,True,True,2026-08-08T00:56:44.307745,synthetic,illustrative_synthetic
2022/example-album-3,6.4,False,447,2025-11-06 08:09:03.396226,True,True,2026-08-08T00:56:44.307745,synthetic,illustrative_synthetic
2022/example-album-3,6.3,False,13,2025-11-09 12:54:20.377358,False,True,2026-08-08T00:56:44.307745,synthetic,illustrative_synthetic
2022/example-album-3,6.5,False,15,2025-11-12 17:39:37.358490,False,True,2026-08-08T00:56:44.307745,synthetic,illustrative_synthetic
2022/example-album-3,5.5,False,120,2025-11-15 22:24:54.339622,True,True,2026-08-08T00:56:44.307745,synthetic,illustrative_synthetic
2022/example-album-3,3.9,False,405,2025-11-19 03:10:11.320754,False,True,2026-08-08T00:56:44.307745,synthetic,illustrative_synthetic
2022/example-album-3,4.4,False,1,2025-11-22 07:55:28.301886,False,True,2026-08-08T00:56:44.307745,synthetic,illustrative_synthetic
2022/example-album-3,10.0,False,434,2025-11-25 12:40:45.283018,True,True,2026-08-08T00:56:44.307745,synthetic,illustrative_synthetic
2022/example-album-3,6.4,False,962,2025-11-28 17:26:02.264150,True,True,2026-08-08T00:56:44.307745,synthetic,illustrative_synthetic
2022/example-album-3,7.8,False,154,2025-12-01 22:11:19.245283,True,True,2026-08-08T00:56:44.307745,synthetic,illustrative_synthetic
2022/example-album-3,6.7,False,363,2025-12-05 02:56:36.226415,False,True,2026-08-08T00:56:44.307745,synthetic,illustrative_synthetic
2022/example-album-3,10.0,False,891,2025-12-08 07:41:53.207547,True,True,2026-08-08T00:56:44.307745,synthetic,illustrative_synthetic
2022/example-album-3,5.5,False,22,2025-12-11 12:27:10.188679,False,True,2026-08-08T00:56:44.307745,synthetic,illustrative_synthetic
2022/example-album-3,7.2,False,428,2025-12-14 17:12:27.169811,True,True,2026-08-08T00:56:44.307745,synthetic,illustrative_synthetic
2022/example-album-3,7.9,False,45,2025-12-17 21:57:44.150943,True,True,2026-08-08T00:56:44.307745,synthetic,illustrative_synthetic
2022/example-album-3,6.0,False,292,2025-12-21 02:43:01.132075,False,True,2026-08-08T00:56:44.307745,synthetic,illustrative_synthetic
2022/example-album-3,3.8,False,202,2025-12-24 07:28:18.113207,False,True,2026-08-08T00:56:44.307745,synthetic,illustrative_synthetic
2022/example-album-3,4.6,True,51,2025-12-27 12:13:35.094339,True,True,2026-08-08T00:56:44.307745,synthetic,illustrative_synthetic
2022/example-album-3,6.9,True,51,2025-12-30 16:58:52.075471,True,True,2026-08-08T00:56:44.307745,synthetic,illustrative_synthetic
2022/example-album-3,7.9,False,601,2026-01-02 21:44:09.056603,True,True,2026-08-08T00:56:44.307745,synthetic,illustrative_synthetic
2022/example-album-3,3.9,False,86,2026-01-06 02:29:26.037735,True,True,2026-08-08T00:56:44.307745,synthetic,illustrative_synthetic
2022/example-album-3,4.3,False,351,2026-01-09 07:14:43.018867,True,True,2026-08-08T00:56:44.307745,synthetic,illustrative_synthetic
2022/example-album-3,7.9,True,30,2026-01-12 12:00:00.000000,True,True,2026-08-08T00:56:44.307745,synthetic,illustrative_synthetic
2022/example-album-3,5.9,False,505,2026-01-15 16:45:16.981132,True,True,2026-08-08T00:56:44.307745,synthetic,illustrative_synthetic
2022/example-album-3,8.6,False,145,2026-01-18 21:30:33.962264,False,True,2026-08-08T00:56:44.307745,synthetic,illustrative_synthetic
2022/example-album-3,5.5,False,376,2026-01-22 02:15:50.943396,False,True,2026-08-08T00:56:44.307745,synthetic,illustrative_synthetic
2022/example-album-3,8.3,True,146,2026-01-25 07:01:07.924528,False,True,2026-08-08T00:56:44.307745,synthetic,illustrative_synthetic
2022/example-album-3,6.6,True,40,2026-01-28 11:46:24.905660,True,True,2026-08-08T00:56:44.307745,synthetic,illustrative_synthetic
2022/example-album-3,5.3,True,718,2026-01-31 16:31:41.886792,True,True,2026-08-08T00:56:44.307745,synthetic,illustrative_synthetic
2022/example-album-3,6.4,False,6,2026-02-03 21:16:58.867924,True,True,2026-08-08T00:56:44.307745,synthetic,illustrative_synthetic
2022/example-album-3,6.8,False,677,2026-02-07 02:02:15.849056,False,True,2026-08-08T00:56:44.307745,synthetic,illustrative_synthetic
2022/example-album-3,5.9,True,251,2026-02-10 06:47:32.830188,True,True,2026-08-08T00:56:44.307745,synthetic,illustrative_synthetic
2022/example-album-3,7.9,False,195,2026-02-13 11:32:49.811320,False,True,2026-08-08T00:56:44.307745,synthetic,illustrative_synthetic
2022/example-album-3,5.8,True,644,2026-02-16 16:18:06.792452,True,True,2026-08-08T00:56:44.307745,synthetic,illustrative_synthetic
2022/example-album-3,6.5,False,313,2026-02-19 21:03:23.773584,False,True,2026-08-08T00:56:44.307745,synthetic,illustrative_synthetic
2022/example-album-3,6.1,True,1264,2026-02-23 01:48:40.754717,True,True,2026-08-08T00:56:44.307745,synthetic,illustrative_synthetic
2022/example-album-3,6.9,True,663,2026-02-26 06:33:57.735849,True,True,2026-08-08T00:56:44.307745,synthetic,illustrative_synthetic
2022/example-album-3,6.2,True,409,2026-03-01 11:19:14.716981,False,True,2026-08-08T00:56:44.307745,synthetic,illustrative_synthetic
2022/example-album-3,6.2,False,256,2026-03-04 16:04:31.698113,True,True,2026-08-08T00:56:44.307745,synthetic,illustrative_synthetic
2022/example-album-3,9.2,False,664,2026-03-07 20:49:48.679245,True,True,2026-08-08T00:56:44.307745,synthetic,illustrative_synthetic
2022/example-album-3,5.0,False,138,2026-03-11 01:35:05.660377,True,True,2026-08-08T00:56:44.307745,synthetic,illustrative_synthetic
2022/example-album-3,7.1,True,24,2026-03-14 06:20:22.641509,False,True,2026-08-08T00:56:44.307745,synthetic,illustrative_synthetic
2022/example-album-3,7.6,False,31,2026-03-17 11:05:39.622641,False,True,2026-08-08T00:56:44.307745,synthetic,illustrative_synthetic
2022/example-album-3,7.5,False,574,2026-03-20 15:50:56.603773,True,True,2026-08-08T00:56:44.307745,synthetic,illustrative_synthetic
2022/example-album-3,10.0,False,190,2026-03-23 20:36:13.584905,False,True,2026-08-08T00:56:44.307745,synthetic,illustrative_synthetic
2022/example-album-3,4.9,True,299,2026-03-27 01:21:30.566037,False,True,2026-08-08T00:56:44.307745,synthetic,illustrative_synthetic
2022/example-album-3,6.3,False,57,2026-03-30 06:06:47.547169,True,True,2026-08-08T00:56:44.307745,synthetic,illustrative_synthetic
2022/example-album-3,5.5,False,142,2026-04-02 10:52:04.528301,True,True,2026-08-08T00:56:44.307745,synthetic,illustrative_synthetic
2022/example-album-3,9.4,False,945,2026-04-05 15:37:21.509433,True,True,2026-08-08T00:56:44.307745,synthetic,illustrative_synthetic
2022/example-album-3,3.1,False,222,2026-04-08 20:22:38.490566,False,True,2026-08-08T00:56:44.307745,synthetic,illustrative_synthetic
2022/example-album-3,6.8,False,113,2026-04-12 01:07:55.471698,True,True,2026-08-08T00:56:44.307745,synthetic,illustrative_synthetic
2022/example-album-3,7.9,False,21,2026-04-15 05:53:12.452830,False,True,2026-08-08T00:56:44.307745,synthetic,illustrative_synthetic
2022/example-album-3,5.2,True,103,2026-04-18 10:38:29.433962,True,True,2026-08-08T00:56:44.307745,synthetic,illustrative_synthetic
2022/example-album-3,6.4,True,280,2026-04-21 15:23:46.415094,False,True,2026-08-08T00:56:44.307745,synthetic,illustrative_synthetic
2022/example-album-3,6.4,False,231,2026-04-24 20:09:03.396226,True,True,2026-08-08T00:56:44.307745,synthetic,illustrative_synthetic
2022/example-album-3,5.0,True,185,2026-04-28 00:54:20.377358,False,True,2026-08-08T00:56:44.307745,synthetic,illustrative_synthetic
2022/example-album-3,7.3,False,614,2026-05-01 05:39:37.358490,True,True,2026-08-08T00:56:44.307745,synthetic,illustrative_synthetic
2022/example-album-3,6.8,False,190,2026-05-04 10:24:54.339622,True,True,2026-08-08T00:56:44.307745,synthetic,illustrative_synthetic
2022/example-album-3,6.1,True,57,2026-05-07 15:10:11.320754,True,True,2026-08-08T00:56:44.307745,synthetic,illustrative_synthetic
2022/example-album-3,7.1,True,107,2026-05-10 19:55:28.301886,False,True,2026-08-08T00:56:44.307745,synthetic,illustrative_synthetic
2022/example-album-3,5.4,False,466,2026-05-14 00:40:45.283018,True,True,2026-08-08T00:56:44.307745,synthetic,illustrative_synthetic
2022/example-album-3,9.3,False,20,2026-05-17 05:26:02.264150,False,True,2026-08-08T00:56:44.307745,synthetic,illustrative_synthetic
2022/example-album-3,9.3,False,714,2026-05-20 10:11:19.245283,True,True,2026-08-08T00:56:44.307745,synthetic,illustrative_synthetic
2022/example-album-3,7.8,False,187,2026-05-23 14:56:36.226415,True,True,2026-08-08T00:56:44.307745,synthetic,illustrative_synthetic
2022/example-album-3,6.4,False,392,2026-05-26 19:41:53.207547,True,True,2026-08-08T00:56:44.307745,synthetic,illustrative_synthetic
2022/example-album-3,7.2,False,1582,2026-05-30 00:27:10.188679,True,True,2026-08-08T00:56:44.307745,synthetic,illustrative_synthetic
2022/example-album-3,7.5,False,280,2026-06-02 05:12:27.169811,True,True,2026-08-08T00:56:44.307745,synthetic,illustrative_synthetic
2022/example-album-3,5.6,False,163,2026-06-05 09:57:44.150943,True,True,2026-08-08T00:56:44.307745,synthetic,illustrative_synthetic
2022/example-album-3,3.8,True,11,2026-06-08 14:43:01.132075,False,True,2026-08-08T00:56:44.307745,synthetic,illustrative_synthetic
2022/example-album-3,8.6,False,173,2026-06-11 19:28:18.113207,False,True,2026-08-08T00:56:44.307745,synthetic,illustrative_synthetic
2022/example-album-3,8.8,False,220,2026-06-15 00:13:35.094339,True,True,2026-08-08T00:56:44.307745,synthetic,illustrative_synthetic
2022/example-album-3,5.9,True,124,2026-06-18 04:58:52.075471,False,True,2026-08-08T00:56:44.307745,synthetic,illustrative_synthetic
2022/example-album-3,9.9,False,301,2026-06-21 09:44:09.056603,False,True,2026-08-08T00:56:44.307745,synthetic,illustrative_synthetic
2022/example-album-3,8.6,False,21,2026-06-24 14:29:26.037735,False,True,2026-08-08T00:56:44.307745,synthetic,illustrative_synthetic
2022/example-album-3,9.7,True,583,2026-06-27 19:14:43.018867,True,True,2026-08-08T00:56:44.307745,synthetic,illustrative_synthetic
2022/example-album-3,6.2,False,266,2026-07-01 00:00:00.000000,False,True,2026-08-08T00:56:44.307745,synthetic,illustrative_synthetic
