title,artist,year,avg_rating,ratings_count,genres,source,collection_date,rank,is_synthetic,provenance_status
Album_2000_0001,Artist_2000_0001,2000,3.25,749,"Ambient, Electronic",synthetic,2026-08-08T00:56:44.307637,1,True,illustrative_synthetic
Album_2000_0002,Artist_2000_0002,2000,2.34,326,"Ambient, Punk, Reggae",synthetic,2026-08-08T00:56:44.307637,2,True,illustrative_synthetic
Album_2000_0003,Artist_2000_0003,2000,2.78,50,Reggae,synthetic,2026-08-08T00:56:44.307637,3,True,illustrative_synthetic
Album_2000_0004,Artist_2000_0004,2000,3.15,58,"Country, Folk",synthetic,2026-08-08T00:56:44.307637,4,True,illustrative_synthetic
Album_2000_0005,Artist_2000_0005,2000,3.27,50,"Experimental, Pop, Alt. Rock",synthetic,2026-08-08T00:56:44.307637,5,True,illustrative_synthetic
Album_2000_0006,Artist_2000_0006,2000,2.85,481,"Blues, Punk",synthetic,2026-08-08T00:56:44.307637,6,True,illustrative_synthetic
Album_2000_0007,Artist_2000_0007,2000,2.98,70,"Classical, Indie Rock",synthetic,2026-08-08T00:56:44.307637,7,True,illustrative_synthetic
Album_2000_0008,Artist_2000_0008,2000,3.3,59,"Rock, Reggae",synthetic,2026-08-08T00:56:44.307637,8,True,illustrative_synthetic
Album_2000_0009,Artist_2000_0009,2000,2.8,71,"Folk, Hip-Hop, Country",synthetic,2026-08-08T00:56:44.307637,9,True,illustrative_synthetic
Album_2000_0010,Artist_2000_0010,2000,2.8,50,"Rock, Blues, Hip-Hop",synthetic,2026-08-08T00:56:44.307637,10,True,illustrative_synthetic
Album_2000_0011,Artist_2000_0011,2000,3.34,225,"Blues, Alt. Rock",synthetic,2026-08-08T00:56:44.307637,11,True,illustrative_synthetic
Album_2000_0012,Artist_2000_0012,2000,3.21,50,"Blues, Hip-Hop",synthetic,2026-08-08T00:56:44.307637,12,True,illustrative_synthetic
Album_2000_0013,Artist_2000_0013,2000,3.15,50,"Punk, Folk, Classical",synthetic,2026-08-08T00:56:44.307637,13,True,illustrative_synthetic
Album_2000_0014,Artist_2000_0014,2000,2.94,60,Hip-Hop,synthetic,2026-08-08T00:56:44.307637,14,True,illustrative_synthetic
Album_2000_0015,Artist_2000_0015,2000,3.72,211,"Folk, Blues",synthetic,2026-08-08T00:56:44.307637,15,True,illustrative_synthetic
Album_2000_0016,Artist_2000_0016,2000,2.99,614,"R&B, Electronic",synthetic,2026-08-08T00:56:44.307637,16,True,illustrative_synthetic
Album_2000_0017,Artist_2000_0017,2000,3.44,50,"Country, Rock",synthetic,2026-08-08T00:56:44.307637,17,True,illustrative_synthetic
Album_2000_0018,Artist_2000_0018,2000,3.05,573,Jazz,synthetic,2026-08-08T00:56:44.307637,18,True,illustrative_synthetic
Album_2000_0019,Artist_2000_0019,2000,2.76,170,"Punk, Rock, Pop",synthetic,2026-08-08T00:56:44.307637,19,True,illustrative_synthetic
Album_2000_0020,Artist_2000_0020,2000,3.19,280,"Rock, Folk",synthetic,2026-08-08T00:56:44.307637,20,True,illustrative_synthetic
Album_2000_0021,Artist_2000_0021,2000,2.86,50,Electronic,synthetic,2026-08-08T00:56:44.307637,21,True,illustrative_synthetic
Album_2000_0022,Artist_2000_0022,2000,2.65,69,"Blues, Hip-Hop, R&B",synthetic,2026-08-08T00:56:44.307637,22,True,illustrative_synthetic
Album_2000_0023,Artist_2000_0023,2000,3.3,273,Rock,synthetic,2026-08-08T00:56:44.307637,23,True,illustrative_synthetic
Album_2000_0024,Artist_2000_0024,2000,2.96,84,"Country, Metal",synthetic,2026-08-08T00:56:44.307637,24,True,illustrative_synthetic
Album_2000_0025,Artist_2000_0025,2000,2.6,697,"Blues, R&B",synthetic,2026-08-08T00:56:44.307637,25,True,illustrative_synthetic
Album_2000_0026,Artist_2000_0026,2000,2.97,221,Ambient,synthetic,2026-08-08T00:56:44.307637,26,True,illustrative_synthetic
Album_2000_0027,Artist_2000_0027,2000,3.42,207,"Pop, Country, Electronic",synthetic,2026-08-08T00:56:44.307637,27,True,illustrative_synthetic
Album_2000_0028,Artist_2000_0028,2000,3.46,50,"Classical, Pop, Alt. Rock",synthetic,2026-08-08T00:56:44.307637,28,True,illustrative_synthetic
Album_2000_0029,Artist_2000_0029,2000,2.55,644,"Country, Punk",synthetic,2026-08-08T00:56:44.307637,29,True,illustrative_synthetic
Album_2000_0030,Artist_2000_0030,2000,3.13,241,Punk,synthetic,2026-08-08T00:56:44.307637,30,True,illustrative_synthetic
Album_2000_0031,Artist_2000_0031,2000,2.72,61,"Hip-Hop, R&B, Indie Rock",synthetic,2026-08-08T00:56:44.307637,31,True,illustrative_synthetic
Album_2000_0032,Artist_2000_0032,2000,3.27,50,Classical,synthetic,2026-08-08T00:56:44.307637,32,True,illustrative_synthetic
Album_2000_0033,Artist_2000_0033,2000,2.87,339,"R&B, Metal, Folk",synthetic,2026-08-08T00:56:44.307637,33,True,illustrative_synthetic
Album_2000_0034,Artist_2000_0034,2000,3.04,7275,"Folk, Country",synthetic,2026-08-08T00:56:44.307637,34,True,illustrative_synthetic
Album_2000_0035,Artist_2000_0035,2000,3.46,185,"Country, Reggae, Folk",synthetic,2026-08-08T00:56:44.307637,35,True,illustrative_synthetic
Album_2000_0036,Artist_2000_0036,2000,2.27,84,"R&B, Pop, Country",synthetic,2026-08-08T00:56:44.307637,36,True,illustrative_synthetic
Album_2000_0037,Artist_2000_0037,2000,3.07,376,Reggae,synthetic,2026-08-08T00:56:44.307637,37,True,illustrative_synthetic
Album_2000_0038,Artist_2000_0038,2000,3.06,1734,Electronic,synthetic,2026-08-08T00:56:44.307637,38,True,illustrative_synthetic
Album_2000_0039,Artist_2000_0039,2000,2.93,54,Punk,synthetic,2026-08-08T00:56:44.307637,39,True,illustrative_synthetic
Album_2000_0040,Artist_2000_0040,2000,3.83,50,Electronic,synthetic,2026-08-08T00:56:44.307637,40,True,illustrative_synthetic
Album_2000_0041,Artist_2000_0041,2000,2.93,184,Indie Rock,synthetic,2026-08-08T00:56:44.307637,41,True,illustrative_synthetic
Album_2000_0042,Artist_2000_0042,2000,2.84,129,Blues,synthetic,2026-08-08T00:56:44.307637,42,True,illustrative_synthetic
Album_2000_0043,Artist_2000_0043,2000,3.46,133,Country,synthetic,2026-08-08T00:56:44.307637,43,True,illustrative_synthetic
Album_2000_0044,Artist_2000_0044,2000,3.28,629,"Reggae, Country, Jazz",synthetic,2026-08-08T00:56:44.307637,44,True,illustrative_synthetic
Album_2000_0045,Artist_2000_0045,2000,2.94,228,"Reggae, Hip-Hop, Blues",synthetic,2026-08-08T00:56:44.307637,45,True,illustrative_synthetic
Album_2000_0046,Artist_2000_0046,2000,3.19,241,R&B,synthetic,2026-08-08T00:56:44.307637,46,True,illustrative_synthetic
Album_2000_0047,Artist_2000_0047,2000,3.65,699,"Rock, Experimental",synthetic,2026-08-08T00:56:44.307637,47,True,illustrative_synthetic
Album_2000_0048,Artist_2000_0048,2000,3.3,309,"Pop, Indie Rock",synthetic,2026-08-08T00:56:44.307637,48,True,illustrative_synthetic
Album_2000_0049,Artist_2000_0049,2000,2.58,50,Blues,synthetic,2026-08-08T00:56:44.307637,49,True,illustrative_synthetic
Album_2000_0050,Artist_2000_0050,2000,3.05,50,"Classical, Alt. Rock",synthetic,2026-08-08T00:56:44.307637,50,True,illustrative_synthetic
Album_2000_0051,Artist_2000_0051,2000,3.69,50,"Punk, Country, Metal",synthetic,2026-08-08T00:56:44.307637,51,True,illustrative_synthetic
Album_2000_0052,Artist_2000_0052,2000,3.06,50,Jazz,synthetic,2026-08-08T00:56:44.307637,52,True,illustrative_synthetic
Album_2000_0053,Artist_2000_0053,2000,3.16,593,"Electronic, Pop, R&B",synthetic,2026-08-08T00:56:44.307637,53,True,illustrative_synthetic
Album_2000_0054,Artist_2000_0054,2000,2.64,50,"Country, Indie Rock, Alt. Rock",synthetic,2026-08-08T00:56:44.307637,54,True,illustrative_synthetic
Album_2000_0055,Artist_2000_0055,2000,3.14,50,"Electronic, Blues",synthetic,2026-08-08T00:56:44.307637,55,True,illustrative_synthetic
Album_2000_0056,Artist_2000_0056,2000,2.99,156,"Experimental, Metal",synthetic,2026-08-08T00:56:44.307637,56,True,illustrative_synthetic
Album_2000_0057,Artist_2000_0057,2000,3.06,308,"Indie Rock, Experimental",synthetic,2026-08-08T00:56:44.307637,57,True,illustrative_synthetic
Album_2000_0058,Artist_2000_0058,2000,3.2,67,"Folk, Punk, Hip-Hop",synthetic,2026-08-08T00:56:44.307637,58,True,illustrative_synthetic
Album_2000_0059,Artist_2000_0059,2000,3.88,320,"Alt. Rock, Folk, Rock",synthetic,2026-08-08T00:56:44.307637,59,True,illustrative_synthetic
Album_2000_0060,Artist_2000_0060,2000,3.25,50,Blues,synthetic,2026-08-08T00:56:44.307637,60,True,illustrative_synthetic
Album_2000_0061,Artist_2000_0061,2000,2.86,99,"R&B, Ambient",synthetic,2026-08-08T00:56:44.307637,61,True,illustrative_synthetic
Album_2000_0062,Artist_2000_0062,2000,2.91,79,"Rock, Electronic, Punk",synthetic,2026-08-08T00:56:44.307637,62,True,illustrative_synthetic
Album_2000_0063,Artist_2000_0063,2000,2.54,50,Pop,synthetic,2026-08-08T00:56:44.307637,63,True,illustrative_synthetic
Album_2000_0064,Artist_2000_0064,2000,2.69,426,"Electronic, Country, Blues",synthetic,2026-08-08T00:56:44.307637,64,True,illustrative_synthetic
Album_2000_0065,Artist_2000_0065,2000,3.26,73,Metal,synthetic,2026-08-08T00:56:44.307637,65,True,illustrative_synthetic
Album_2000_0066,Artist_2000_0066,2000,3.03,1366,"Country, Hip-Hop",synthetic,2026-08-08T00:56:44.307637,66,True,illustrative_synthetic
Album_2000_0067,Artist_2000_0067,2000,3.07,80,"Alt. Rock, Indie Rock",synthetic,2026-08-08T00:56:44.307637,67,True,illustrative_synthetic
Album_2000_0068,Artist_2000_0068,2000,3.22,50,"Classical, R&B",synthetic,2026-08-08T00:56:44.307637,68,True,illustrative_synthetic
Album_2000_0069,Artist_2000_0069,2000,3.19,156,"Folk, Punk, Blues",synthetic,2026-08-08T00:56:44.307637,69,True,illustrative_synthetic
Album_2000_0070,Artist_2000_0070,2000,3.25,50,"Jazz, Pop, Reggae",synthetic,2026-08-08T00:56:44.307637,70,True,illustrative_synthetic
Album_2000_0071,Artist_2000_0071,2000,3.28,50,Rock,synthetic,2026-08-08T00:56:44.307637,71,True,illustrative_synthetic
Album_2000_0072,Artist_2000_0072,2000,3.23,50,Blues,synthetic,2026-08-08T00:56:44.307637,72,True,illustrative_synthetic
Album_2000_0073,Artist_2000_0073,2000,3.23,992,"Electronic, Ambient, Blues",synthetic,2026-08-08T00:56:44.307637,73,True,illustrative_synthetic
Album_2000_0074,Artist_2000_0074,2000,2.68,1474,"Alt. Rock, Experimental",synthetic,2026-08-08T00:56:44.307637,74,True,illustrative_synthetic
Album_2000_0075,Artist_2000_0075,2000,3.01,50,"R&B, Metal, Country",synthetic,2026-08-08T00:56:44.307637,75,True,illustrative_synthetic
Album_2000_0076,Artist_2000_0076,2000,2.1,53,"Jazz, Pop, Classical",synthetic,2026-08-08T00:56:44.307637,76,True,illustrative_synthetic
Album_2000_0077,Artist_2000_0077,2000,2.42,65,"Metal, Jazz",synthetic,2026-08-08T00:56:44.307637,77,True,illustrative_synthetic
Album_2000_0078,Artist_2000_0078,2000,3.47,243,"Rock, Jazz",synthetic,2026-08-08T00:56:44.307637,78,True,illustrative_synthetic
Album_2000_0079,Artist_2000_0079,2000,2.99,235,"Reggae, Ambient, R&B",synthetic,2026-08-08T00:56:44.307637,79,True,illustrative_synthetic
Album_2000_0080,Artist_2000_0080,2000,3.3,1158,"Experimental, Jazz",synthetic,2026-08-08T00:56:44.307637,80,True,illustrative_synthetic
Album_2000_0081,Artist_2000_0081,2000,3.01,50,Pop,synthetic,2026-08-08T00:56:44.307637,81,True,illustrative_synthetic
Album_2000_0082,Artist_2000_0082,2000,3.52,195,"Punk, R&B",synthetic,2026-08-08T00:56:44.307637,82,True,illustrative_synthetic
Album_2000_0083,Artist_2000_0083,2000,3.15,220,"Electronic, Experimental",synthetic,2026-08-08T00:56:44.307637,83,True,illustrative_synthetic
Album_2000_0084,Artist_2000_0084,2000,3.42,362,"Country, Reggae, Hip-Hop",synthetic,2026-08-08T00:56:44.307637,84,True,illustrative_synthetic
Album_2000_0085,Artist_2000_0085,2000,3.73,184,"Blues, Country, Punk",synthetic,2026-08-08T00:56:44.307637,85,True,illustrative_synthetic
Album_2000_0086,Artist_2000_0086,2000,2.64,50,"Hip-Hop, Classical",synthetic,2026-08-08T00:56:44.307637,86,True,illustrative_synthetic
Album_2000_0087,Artist_2000_0087,2000,3.59,95,"Folk, Punk",synthetic,2026-08-08T00:56:44.307637,87,True,illustrative_synthetic
Album_2000_0088,Artist_2000_0088,2000,3.15,711,"Folk, Pop",synthetic,2026-08-08T00:56:44.307637,88,True,illustrative_synthetic
Album_2000_0089,Artist_2000_0089,2000,2.89,50,"Electronic, Country, Punk",synthetic,2026-08-08T00:56:44.307637,89,True,illustrative_synthetic
Album_2000_0090,Artist_2000_0090,2000,3.46,267,Punk,synthetic,2026-08-08T00:56:44.307637,90,True,illustrative_synthetic
Album_2000_0091,Artist_2000_0091,2000,3.55,176,"Experimental, Punk, Pop",synthetic,2026-08-08T00:56:44.307637,91,True,illustrative_synthetic
Album_2000_0092,Artist_2000_0092,2000,3.07,50,"Reggae, Hip-Hop, Electronic",synthetic,2026-08-08T00:56:44.307637,92,True,illustrative_synthetic
Album_2000_0093,Artist_2000_0093,2000,3.08,50,Classical,synthetic,2026-08-08T00:56:44.307637,93,True,illustrative_synthetic
Album_2000_0094,Artist_2000_0094,2000,2.8,648,"Hip-Hop, Folk",synthetic,2026-08-08T00:56:44.307637,94,True,illustrative_synthetic
Album_2000_0095,Artist_2000_0095,2000,3.66,129,"Hip-Hop, Rock, Blues",synthetic,2026-08-08T00:56:44.307637,95,True,illustrative_synthetic
Album_2000_0096,Artist_2000_0096,2000,3.04,50,"Classical, Indie Rock",synthetic,2026-08-08T00:56:44.307637,96,True,illustrative_synthetic
Album_2000_0097,Artist_2000_0097,2000,3.17,88,"Rock, Alt. Rock, Metal",synthetic,2026-08-08T00:56:44.307637,97,True,illustrative_synthetic
Album_2000_0098,Artist_2000_0098,2000,2.81,50,"Blues, Alt. Rock",synthetic,2026-08-08T00:56:44.307637,98,True,illustrative_synthetic
Album_2000_0099,Artist_2000_0099,2000,2.56,66,"Alt. Rock, Electronic, Indie Rock",synthetic,2026-08-08T00:56:44.307637,99,True,illustrative_synthetic
Album_2000_0100,Artist_2000_0100,2000,2.86,453,"Electronic, Punk",synthetic,2026-08-08T00:56:44.307637,100,True,illustrative_synthetic
Album_2001_0001,Artist_2001_0001,2001,3.35,50,"Hip-Hop, Blues",synthetic,2026-08-08T00:56:44.307637,101,True,illustrative_synthetic
Album_2001_0002,Artist_2001_0002,2001,3.46,2516,Punk,synthetic,2026-08-08T00:56:44.307637,102,True,illustrative_synthetic
Album_2001_0003,Artist_2001_0003,2001,3.03,50,Indie Rock,synthetic,2026-08-08T00:56:44.307637,103,True,illustrative_synthetic
Album_2001_0004,Artist_2001_0004,2001,2.34,12263,"Pop, Blues, Jazz",synthetic,2026-08-08T00:56:44.307637,104,True,illustrative_synthetic
Album_2001_0005,Artist_2001_0005,2001,3.44,563,Ambient,synthetic,2026-08-08T00:56:44.307637,105,True,illustrative_synthetic
Album_2001_0006,Artist_2001_0006,2001,3.57,407,"Folk, Indie Rock",synthetic,2026-08-08T00:56:44.307637,106,True,illustrative_synthetic
Album_2001_0007,Artist_2001_0007,2001,3.68,654,Blues,synthetic,2026-08-08T00:56:44.307637,107,True,illustrative_synthetic
Album_2001_0008,Artist_2001_0008,2001,2.9,221,Jazz,synthetic,2026-08-08T00:56:44.307637,108,True,illustrative_synthetic
Album_2001_0009,Artist_2001_0009,2001,2.99,50,"Reggae, Alt. Rock",synthetic,2026-08-08T00:56:44.307637,109,True,illustrative_synthetic
Album_2001_0010,Artist_2001_0010,2001,3.29,307,Indie Rock,synthetic,2026-08-08T00:56:44.307637,110,True,illustrative_synthetic
Album_2001_0011,Artist_2001_0011,2001,3.08,112,"Rock, Hip-Hop",synthetic,2026-08-08T00:56:44.307637,111,True,illustrative_synthetic
Album_2001_0012,Artist_2001_0012,2001,2.92,311,"Folk, Classical",synthetic,2026-08-08T00:56:44.307637,112,True,illustrative_synthetic
Album_2001_0013,Artist_2001_0013,2001,3.06,369,"Hip-Hop, Pop",synthetic,2026-08-08T00:56:44.307637,113,True,illustrative_synthetic
Album_2001_0014,Artist_2001_0014,2001,3.0,1764,"Punk, Pop",synthetic,2026-08-08T00:56:44.307637,114,True,illustrative_synthetic
Album_2001_0015,Artist_2001_0015,2001,3.58,50,"Punk, R&B",synthetic,2026-08-08T00:56:44.307637,115,True,illustrative_synthetic
Album_2001_0016,Artist_2001_0016,2001,3.92,50,"Reggae, Pop, Hip-Hop",synthetic,2026-08-08T00:56:44.307637,116,True,illustrative_synthetic
Album_2001_0017,Artist_2001_0017,2001,2.8,198,"Country, Experimental",synthetic,2026-08-08T00:56:44.307637,117,True,illustrative_synthetic
Album_2001_0018,Artist_2001_0018,2001,2.8,91,"Classical, R&B, Metal",synthetic,2026-08-08T00:56:44.307637,118,True,illustrative_synthetic
Album_2001_0019,Artist_2001_0019,2001,3.02,50,Jazz,synthetic,2026-08-08T00:56:44.307637,119,True,illustrative_synthetic
Album_2001_0020,Artist_2001_0020,2001,2.75,50,"Punk, Classical",synthetic,2026-08-08T00:56:44.307637,120,True,illustrative_synthetic
Album_2001_0021,Artist_2001_0021,2001,3.21,50,Ambient,synthetic,2026-08-08T00:56:44.307637,121,True,illustrative_synthetic
Album_2001_0022,Artist_2001_0022,2001,3.56,122,"R&B, Experimental",synthetic,2026-08-08T00:56:44.307637,122,True,illustrative_synthetic
Album_2001_0023,Artist_2001_0023,2001,3.23,734,"Blues, Hip-Hop",synthetic,2026-08-08T00:56:44.307637,123,True,illustrative_synthetic
Album_2001_0024,Artist_2001_0024,2001,3.11,124,Ambient,synthetic,2026-08-08T00:56:44.307637,124,True,illustrative_synthetic
Album_2001_0025,Artist_2001_0025,2001,3.31,243,"Indie Rock, Folk",synthetic,2026-08-08T00:56:44.307637,125,True,illustrative_synthetic
Album_2001_0026,Artist_2001_0026,2001,3.4,373,"Pop, Indie Rock, Electronic",synthetic,2026-08-08T00:56:44.307637,126,True,illustrative_synthetic
Album_2001_0027,Artist_2001_0027,2001,3.01,102,Alt. Rock,synthetic,2026-08-08T00:56:44.307637,127,True,illustrative_synthetic
Album_2001_0028,Artist_2001_0028,2001,3.0,684,"Rock, Alt. Rock, Country",synthetic,2026-08-08T00:56:44.307637,128,True,illustrative_synthetic
Album_2001_0029,Artist_2001_0029,2001,2.85,87,"Metal, R&B",synthetic,2026-08-08T00:56:44.307637,129,True,illustrative_synthetic
Album_2001_0030,Artist_2001_0030,2001,4.1,1004,"Pop, Ambient",synthetic,2026-08-08T00:56:44.307637,130,True,illustrative_synthetic
Album_2001_0031,Artist_2001_0031,2001,2.51,200,"Metal, Classical, Indie Rock",synthetic,2026-08-08T00:56:44.307637,131,True,illustrative_synthetic
Album_2001_0032,Artist_2001_0032,2001,3.27,50,"Hip-Hop, Rock, Blues",synthetic,2026-08-08T00:56:44.307637,132,True,illustrative_synthetic
Album_2001_0033,Artist_2001_0033,2001,2.75,99,"Hip-Hop, Blues, Experimental",synthetic,2026-08-08T00:56:44.307637,133,True,illustrative_synthetic
Album_2001_0034,Artist_2001_0034,2001,2.96,50,"Folk, Punk, Indie Rock",synthetic,2026-08-08T00:56:44.307637,134,True,illustrative_synthetic
Album_2001_0035,Artist_2001_0035,2001,2.99,191,Reggae,synthetic,2026-08-08T00:56:44.307637,135,True,illustrative_synthetic
Album_2001_0036,Artist_2001_0036,2001,3.32,94,Pop,synthetic,2026-08-08T00:56:44.307637,136,True,illustrative_synthetic
Album_2001_0037,Artist_2001_0037,2001,2.92,490,"Indie Rock, Electronic, Folk",synthetic,2026-08-08T00:56:44.307637,137,True,illustrative_synthetic
Album_2001_0038,Artist_2001_0038,2001,2.81,143,"Experimental, Rock",synthetic,2026-08-08T00:56:44.307637,138,True,illustrative_synthetic
Album_2001_0039,Artist_2001_0039,2001,3.07,50,"Punk, Metal, Classical",synthetic,2026-08-08T00:56:44.307637,139,True,illustrative_synthetic
Album_2001_0040,Artist_2001_0040,2001,3.29,287,"Alt. Rock, Punk",synthetic,2026-08-08T00:56:44.307637,140,True,illustrative_synthetic
Album_2001_0041,Artist_2001_0041,2001,3.1,2067,Classical,synthetic,2026-08-08T00:56:44.307637,141,True,illustrative_synthetic
Album_2001_0042,Artist_2001_0042,2001,2.72,83,"Folk, Blues",synthetic,2026-08-08T00:56:44.307637,142,True,illustrative_synthetic
Album_2001_0043,Artist_2001_0043,2001,2.78,153,"Country, Ambient, Experimental",synthetic,2026-08-08T00:56:44.307637,143,True,illustrative_synthetic
Album_2001_0044,Artist_2001_0044,2001,3.5,95,Indie Rock,synthetic,2026-08-08T00:56:44.307637,144,True,illustrative_synthetic
Album_2001_0045,Artist_2001_0045,2001,2.87,138,"Pop, Hip-Hop",synthetic,2026-08-08T00:56:44.307637,145,True,illustrative_synthetic
Album_2001_0046,Artist_2001_0046,2001,3.11,144,Punk,synthetic,2026-08-08T00:56:44.307637,146,True,illustrative_synthetic
Album_2001_0047,Artist_2001_0047,2001,3.21,344,"Classical, Blues, R&B",synthetic,2026-08-08T00:56:44.307637,147,True,illustrative_synthetic
Album_2001_0048,Artist_2001_0048,2001,3.28,530,Country,synthetic,2026-08-08T00:56:44.307637,148,True,illustrative_synthetic
Album_2001_0049,Artist_2001_0049,2001,3.02,1824,Electronic,synthetic,2026-08-08T00:56:44.307637,149,True,illustrative_synthetic
Album_2001_0050,Artist_2001_0050,2001,3.93,121,"R&B, Country",synthetic,2026-08-08T00:56:44.307637,150,True,illustrative_synthetic
Album_2001_0051,Artist_2001_0051,2001,3.78,3153,Pop,synthetic,2026-08-08T00:56:44.307637,151,True,illustrative_synthetic
Album_2001_0052,Artist_2001_0052,2001,3.86,165,"Indie Rock, Metal",synthetic,2026-08-08T00:56:44.307637,152,True,illustrative_synthetic
Album_2001_0053,Artist_2001_0053,2001,2.62,2596,"Blues, Folk, Country",synthetic,2026-08-08T00:56:44.307637,153,True,illustrative_synthetic
Album_2001_0054,Artist_2001_0054,2001,2.43,76,Ambient,synthetic,2026-08-08T00:56:44.307637,154,True,illustrative_synthetic
Album_2001_0055,Artist_2001_0055,2001,3.65,786,"Alt. Rock, Pop",synthetic,2026-08-08T00:56:44.307637,155,True,illustrative_synthetic
Album_2001_0056,Artist_2001_0056,2001,3.44,50,Rock,synthetic,2026-08-08T00:56:44.307637,156,True,illustrative_synthetic
Album_2001_0057,Artist_2001_0057,2001,3.35,50,"Experimental, Country, Alt. Rock",synthetic,2026-08-08T00:56:44.307637,157,True,illustrative_synthetic
Album_2001_0058,Artist_2001_0058,2001,2.81,90,"Rock, Alt. Rock",synthetic,2026-08-08T00:56:44.307637,158,True,illustrative_synthetic
Album_2001_0059,Artist_2001_0059,2001,2.89,50,Blues,synthetic,2026-08-08T00:56:44.307637,159,True,illustrative_synthetic
Album_2001_0060,Artist_2001_0060,2001,3.15,206,Punk,synthetic,2026-08-08T00:56:44.307637,160,True,illustrative_synthetic
Album_2001_0061,Artist_2001_0061,2001,3.32,950,"Classical, Punk, Ambient",synthetic,2026-08-08T00:56:44.307637,161,True,illustrative_synthetic
Album_2001_0062,Artist_2001_0062,2001,2.17,65,"Alt. Rock, Blues, Metal",synthetic,2026-08-08T00:56:44.307637,162,True,illustrative_synthetic
Album_2001_0063,Artist_2001_0063,2001,3.01,109,"Country, Blues",synthetic,2026-08-08T00:56:44.307637,163,True,illustrative_synthetic
Album_2001_0064,Artist_2001_0064,2001,3.37,50,"Punk, Folk",synthetic,2026-08-08T00:56:44.307637,164,True,illustrative_synthetic
Album_2001_0065,Artist_2001_0065,2001,3.96,933,"Hip-Hop, R&B, Rock",synthetic,2026-08-08T00:56:44.307637,165,True,illustrative_synthetic
Album_2001_0066,Artist_2001_0066,2001,2.44,64,"Jazz, Blues",synthetic,2026-08-08T00:56:44.307637,166,True,illustrative_synthetic
Album_2001_0067,Artist_2001_0067,2001,3.07,66,Electronic,synthetic,2026-08-08T00:56:44.307637,167,True,illustrative_synthetic
Album_2001_0068,Artist_2001_0068,2001,3.37,50,Folk,synthetic,2026-08-08T00:56:44.307637,168,True,illustrative_synthetic
Album_2001_0069,Artist_2001_0069,2001,3.21,60,"Rock, Reggae",synthetic,2026-08-08T00:56:44.307637,169,True,illustrative_synthetic
Album_2001_0070,Artist_2001_0070,2001,3.13,325,"Reggae, Pop, Metal",synthetic,2026-08-08T00:56:44.307637,170,True,illustrative_synthetic
Album_2001_0071,Artist_2001_0071,2001,2.49,1209,Classical,synthetic,2026-08-08T00:56:44.307637,171,True,illustrative_synthetic
Album_2001_0072,Artist_2001_0072,2001,2.11,101,"Indie Rock, Experimental",synthetic,2026-08-08T00:56:44.307637,172,True,illustrative_synthetic
Album_2001_0073,Artist_2001_0073,2001,2.61,54,Hip-Hop,synthetic,2026-08-08T00:56:44.307637,173,True,illustrative_synthetic
Album_2001_0074,Artist_2001_0074,2001,4.09,50,Ambient,synthetic,2026-08-08T00:56:44.307637,174,True,illustrative_synthetic
Album_2001_0075,Artist_2001_0075,2001,3.07,50,"Folk, Country, Reggae",synthetic,2026-08-08T00:56:44.307637,175,True,illustrative_synthetic
Album_2001_0076,Artist_2001_0076,2001,2.96,125,Classical,synthetic,2026-08-08T00:56:44.307637,176,True,illustrative_synthetic
Album_2001_0077,Artist_2001_0077,2001,3.74,408,Country,synthetic,2026-08-08T00:56:44.307637,177,True,illustrative_synthetic
Album_2001_0078,Artist_2001_0078,2001,3.26,380,Indie Rock,synthetic,2026-08-08T00:56:44.307637,178,True,illustrative_synthetic
Album_2001_0079,Artist_2001_0079,2001,2.24,50,Indie Rock,synthetic,2026-08-08T00:56:44.307637,179,True,illustrative_synthetic
Album_2001_0080,Artist_2001_0080,2001,2.21,50,"Pop, Rock, R&B",synthetic,2026-08-08T00:56:44.307637,180,True,illustrative_synthetic
Album_2001_0081,Artist_2001_0081,2001,3.04,71,"Ambient, Rock",synthetic,2026-08-08T00:56:44.307637,181,True,illustrative_synthetic
Album_2001_0082,Artist_2001_0082,2001,2.75,77,"Folk, Rock, Pop",synthetic,2026-08-08T00:56:44.307637,182,True,illustrative_synthetic
Album_2001_0083,Artist_2001_0083,2001,3.13,50,"Hip-Hop, Ambient",synthetic,2026-08-08T00:56:44.307637,183,True,illustrative_synthetic
Album_2001_0084,Artist_2001_0084,2001,3.05,121,Metal,synthetic,2026-08-08T00:56:44.307637,184,True,illustrative_synthetic
Album_2001_0085,Artist_2001_0085,2001,3.41,485,"Classical, Ambient",synthetic,2026-08-08T00:56:44.307637,185,True,illustrative_synthetic
Album_2001_0086,Artist_2001_0086,2001,3.59,106,"Punk, Folk, Ambient",synthetic,2026-08-08T00:56:44.307637,186,True,illustrative_synthetic
Album_2001_0087,Artist_2001_0087,2001,3.25,62,"R&B, Indie Rock",synthetic,2026-08-08T00:56:44.307637,187,True,illustrative_synthetic
Album_2001_0088,Artist_2001_0088,2001,3.32,50,"Metal, Indie Rock",synthetic,2026-08-08T00:56:44.307637,188,True,illustrative_synthetic
Album_2001_0089,Artist_2001_0089,2001,3.25,50,"Ambient, Indie Rock, Hip-Hop",synthetic,2026-08-08T00:56:44.307637,189,True,illustrative_synthetic
Album_2001_0090,Artist_2001_0090,2001,2.24,50,Classical,synthetic,2026-08-08T00:56:44.307637,190,True,illustrative_synthetic
Album_2001_0091,Artist_2001_0091,2001,2.73,5501,"Indie Rock, Pop",synthetic,2026-08-08T00:56:44.307637,191,True,illustrative_synthetic
Album_2001_0092,Artist_2001_0092,2001,3.85,50,"Reggae, Blues, Punk",synthetic,2026-08-08T00:56:44.307637,192,True,illustrative_synthetic
Album_2001_0093,Artist_2001_0093,2001,3.02,608,"Blues, Country, Classical",synthetic,2026-08-08T00:56:44.307637,193,True,illustrative_synthetic
Album_2001_0094,Artist_2001_0094,2001,2.77,100,"Alt. Rock, Electronic",synthetic,2026-08-08T00:56:44.307637,194,True,illustrative_synthetic
Album_2001_0095,Artist_2001_0095,2001,3.64,80,"Ambient, Metal",synthetic,2026-08-08T00:56:44.307637,195,True,illustrative_synthetic
Album_2001_0096,Artist_2001_0096,2001,3.27,50,"Punk, Indie Rock",synthetic,2026-08-08T00:56:44.307637,196,True,illustrative_synthetic
Album_2001_0097,Artist_2001_0097,2001,2.62,856,Alt. Rock,synthetic,2026-08-08T00:56:44.307637,197,True,illustrative_synthetic
Album_2001_0098,Artist_2001_0098,2001,3.68,1286,Experimental,synthetic,2026-08-08T00:56:44.307637,198,True,illustrative_synthetic
Album_2001_0099,Artist_2001_0099,2001,3.14,50,"Experimental, Indie Rock, Hip-Hop",synthetic,2026-08-08T00:56:44.307637,199,True,illustrative_synthetic
Album_2001_0100,Artist_2001_0100,2001,2.61,50,"Indie Rock, Country, R&B",synthetic,2026-08-08T00:56:44.307637,200,True,illustrative_synthetic
Album_2002_0001,Artist_2002_0001,2002,3.15,1041,Blues,synthetic,2026-08-08T00:56:44.307637,201,True,illustrative_synthetic
Album_2002_0002,Artist_2002_0002,2002,3.07,68,Pop,synthetic,2026-08-08T00:56:44.307637,202,True,illustrative_synthetic
Album_2002_0003,Artist_2002_0003,2002,2.85,333,Metal,synthetic,2026-08-08T00:56:44.307637,203,True,illustrative_synthetic
Album_2002_0004,Artist_2002_0004,2002,3.3,138,Indie Rock,synthetic,2026-08-08T00:56:44.307637,204,True,illustrative_synthetic
Album_2002_0005,Artist_2002_0005,2002,3.55,50,"Ambient, Pop, Reggae",synthetic,2026-08-08T00:56:44.307637,205,True,illustrative_synthetic
Album_2002_0006,Artist_2002_0006,2002,2.71,291,"Experimental, R&B, Alt. Rock",synthetic,2026-08-08T00:56:44.307637,206,True,illustrative_synthetic
Album_2002_0007,Artist_2002_0007,2002,3.1,331,Folk,synthetic,2026-08-08T00:56:44.307637,207,True,illustrative_synthetic
Album_2002_0008,Artist_2002_0008,2002,3.24,50,Ambient,synthetic,2026-08-08T00:56:44.307637,208,True,illustrative_synthetic
Album_2002_0009,Artist_2002_0009,2002,3.25,614,"Reggae, Electronic, Alt. Rock",synthetic,2026-08-08T00:56:44.307637,209,True,illustrative_synthetic
Album_2002_0010,Artist_2002_0010,2002,3.25,50,"Pop, Reggae",synthetic,2026-08-08T00:56:44.307637,210,True,illustrative_synthetic
Album_2002_0011,Artist_2002_0011,2002,3.72,30064,"Country, Ambient, Jazz",synthetic,2026-08-08T00:56:44.307637,211,True,illustrative_synthetic
Album_2002_0012,Artist_2002_0012,2002,2.4,374,"Rock, Folk",synthetic,2026-08-08T00:56:44.307637,212,True,illustrative_synthetic
Album_2002_0013,Artist_2002_0013,2002,3.63,120,"Alt. Rock, Country",synthetic,2026-08-08T00:56:44.307637,213,True,illustrative_synthetic
Album_2002_0014,Artist_2002_0014,2002,2.7,672,"Country, Alt. Rock, Ambient",synthetic,2026-08-08T00:56:44.307637,214,True,illustrative_synthetic
Album_2002_0015,Artist_2002_0015,2002,3.72,54,"Indie Rock, Jazz",synthetic,2026-08-08T00:56:44.307637,215,True,illustrative_synthetic
Album_2002_0016,Artist_2002_0016,2002,3.16,60,"Rock, Ambient, Experimental",synthetic,2026-08-08T00:56:44.307637,216,True,illustrative_synthetic
Album_2002_0017,Artist_2002_0017,2002,4.42,50,"Rock, Indie Rock",synthetic,2026-08-08T00:56:44.307637,217,True,illustrative_synthetic
Album_2002_0018,Artist_2002_0018,2002,3.0,449,Jazz,synthetic,2026-08-08T00:56:44.307637,218,True,illustrative_synthetic
Album_2002_0019,Artist_2002_0019,2002,3.16,75,"Hip-Hop, Metal, Electronic",synthetic,2026-08-08T00:56:44.307637,219,True,illustrative_synthetic
Album_2002_0020,Artist_2002_0020,2002,2.37,50,Electronic,synthetic,2026-08-08T00:56:44.307637,220,True,illustrative_synthetic
Album_2002_0021,Artist_2002_0021,2002,3.12,434,"R&B, Pop",synthetic,2026-08-08T00:56:44.307637,221,True,illustrative_synthetic
Album_2002_0022,Artist_2002_0022,2002,2.61,76,Folk,synthetic,2026-08-08T00:56:44.307637,222,True,illustrative_synthetic
Album_2002_0023,Artist_2002_0023,2002,3.13,50,R&B,synthetic,2026-08-08T00:56:44.307637,223,True,illustrative_synthetic
Album_2002_0024,Artist_2002_0024,2002,3.44,8936,"Blues, Electronic, Folk",synthetic,2026-08-08T00:56:44.307637,224,True,illustrative_synthetic
Album_2002_0025,Artist_2002_0025,2002,3.06,422,Blues,synthetic,2026-08-08T00:56:44.307637,225,True,illustrative_synthetic
Album_2002_0026,Artist_2002_0026,2002,3.24,144,"Rock, Electronic",synthetic,2026-08-08T00:56:44.307637,226,True,illustrative_synthetic
Album_2002_0027,Artist_2002_0027,2002,3.65,57,"Electronic, Ambient",synthetic,2026-08-08T00:56:44.307637,227,True,illustrative_synthetic
Album_2002_0028,Artist_2002_0028,2002,2.81,289,"Electronic, Hip-Hop",synthetic,2026-08-08T00:56:44.307637,228,True,illustrative_synthetic
Album_2002_0029,Artist_2002_0029,2002,3.02,50,"Classical, R&B",synthetic,2026-08-08T00:56:44.307637,229,True,illustrative_synthetic
Album_2002_0030,Artist_2002_0030,2002,3.34,166,"Alt. Rock, Electronic, Rock",synthetic,2026-08-08T00:56:44.307637,230,True,illustrative_synthetic
Album_2002_0031,Artist_2002_0031,2002,3.78,291,"Electronic, Jazz",synthetic,2026-08-08T00:56:44.307637,231,True,illustrative_synthetic
Album_2002_0032,Artist_2002_0032,2002,2.64,50,"Electronic, Rock",synthetic,2026-08-08T00:56:44.307637,232,True,illustrative_synthetic
Album_2002_0033,Artist_2002_0033,2002,2.9,142,Blues,synthetic,2026-08-08T00:56:44.307637,233,True,illustrative_synthetic
Album_2002_0034,Artist_2002_0034,2002,3.72,112,"Metal, Pop, Jazz",synthetic,2026-08-08T00:56:44.307637,234,True,illustrative_synthetic
Album_2002_0035,Artist_2002_0035,2002,2.8,930,Ambient,synthetic,2026-08-08T00:56:44.307637,235,True,illustrative_synthetic
Album_2002_0036,Artist_2002_0036,2002,3.08,50,"R&B, Rock",synthetic,2026-08-08T00:56:44.307637,236,True,illustrative_synthetic
Album_2002_0037,Artist_2002_0037,2002,3.06,62,"Hip-Hop, Jazz",synthetic,2026-08-08T00:56:44.307637,237,True,illustrative_synthetic
Album_2002_0038,Artist_2002_0038,2002,3.61,565,Hip-Hop,synthetic,2026-08-08T00:56:44.307637,238,True,illustrative_synthetic
Album_2002_0039,Artist_2002_0039,2002,3.38,50,Pop,synthetic,2026-08-08T00:56:44.307637,239,True,illustrative_synthetic
Album_2002_0040,Artist_2002_0040,2002,3.52,51,Reggae,synthetic,2026-08-08T00:56:44.307637,240,True,illustrative_synthetic
Album_2002_0041,Artist_2002_0041,2002,3.5,99,Folk,synthetic,2026-08-08T00:56:44.307637,241,True,illustrative_synthetic
Album_2002_0042,Artist_2002_0042,2002,3.26,62,"Hip-Hop, Blues",synthetic,2026-08-08T00:56:44.307637,242,True,illustrative_synthetic
Album_2002_0043,Artist_2002_0043,2002,3.3,382,"Blues, Folk",synthetic,2026-08-08T00:56:44.307637,243,True,illustrative_synthetic
Album_2002_0044,Artist_2002_0044,2002,3.34,83,"Reggae, Indie Rock",synthetic,2026-08-08T00:56:44.307637,244,True,illustrative_synthetic
Album_2002_0045,Artist_2002_0045,2002,2.95,276,Alt. Rock,synthetic,2026-08-08T00:56:44.307637,245,True,illustrative_synthetic
Album_2002_0046,Artist_2002_0046,2002,3.31,129,Reggae,synthetic,2026-08-08T00:56:44.307637,246,True,illustrative_synthetic
Album_2002_0047,Artist_2002_0047,2002,2.75,324,"R&B, Country, Indie Rock",synthetic,2026-08-08T00:56:44.307637,247,True,illustrative_synthetic
Album_2002_0048,Artist_2002_0048,2002,2.85,82,"Electronic, Rock, Hip-Hop",synthetic,2026-08-08T00:56:44.307637,248,True,illustrative_synthetic
Album_2002_0049,Artist_2002_0049,2002,3.24,1220,"Metal, Folk",synthetic,2026-08-08T00:56:44.307637,249,True,illustrative_synthetic
Album_2002_0050,Artist_2002_0050,2002,3.59,81,"Electronic, Classical",synthetic,2026-08-08T00:56:44.307637,250,True,illustrative_synthetic
Album_2002_0051,Artist_2002_0051,2002,3.33,162,"Hip-Hop, Electronic",synthetic,2026-08-08T00:56:44.307637,251,True,illustrative_synthetic
Album_2002_0052,Artist_2002_0052,2002,3.3,50,"Rock, Pop, Reggae",synthetic,2026-08-08T00:56:44.307637,252,True,illustrative_synthetic
Album_2002_0053,Artist_2002_0053,2002,3.39,58,"Classical, Metal, Hip-Hop",synthetic,2026-08-08T00:56:44.307637,253,True,illustrative_synthetic
Album_2002_0054,Artist_2002_0054,2002,3.87,309,"Rock, Reggae",synthetic,2026-08-08T00:56:44.307637,254,True,illustrative_synthetic
Album_2002_0055,Artist_2002_0055,2002,3.45,394,"Folk, Metal, Ambient",synthetic,2026-08-08T00:56:44.307637,255,True,illustrative_synthetic
Album_2002_0056,Artist_2002_0056,2002,2.86,50,"Pop, Folk",synthetic,2026-08-08T00:56:44.307637,256,True,illustrative_synthetic
Album_2002_0057,Artist_2002_0057,2002,3.28,146,Punk,synthetic,2026-08-08T00:56:44.307637,257,True,illustrative_synthetic
Album_2002_0058,Artist_2002_0058,2002,3.45,50,"Jazz, Alt. Rock, Pop",synthetic,2026-08-08T00:56:44.307637,258,True,illustrative_synthetic
Album_2002_0059,Artist_2002_0059,2002,2.49,52,"Hip-Hop, Experimental, Country",synthetic,2026-08-08T00:56:44.307637,259,True,illustrative_synthetic
Album_2002_0060,Artist_2002_0060,2002,3.01,189,Punk,synthetic,2026-08-08T00:56:44.307637,260,True,illustrative_synthetic
Album_2002_0061,Artist_2002_0061,2002,3.27,92,"R&B, Reggae, Punk",synthetic,2026-08-08T00:56:44.307637,261,True,illustrative_synthetic
Album_2002_0062,Artist_2002_0062,2002,2.28,50,Experimental,synthetic,2026-08-08T00:56:44.307637,262,True,illustrative_synthetic
Album_2002_0063,Artist_2002_0063,2002,3.57,217,"Rock, Folk",synthetic,2026-08-08T00:56:44.307637,263,True,illustrative_synthetic
Album_2002_0064,Artist_2002_0064,2002,3.34,57,"Experimental, Ambient, Reggae",synthetic,2026-08-08T00:56:44.307637,264,True,illustrative_synthetic
Album_2002_0065,Artist_2002_0065,2002,3.47,155,Metal,synthetic,2026-08-08T00:56:44.307637,265,True,illustrative_synthetic
Album_2002_0066,Artist_2002_0066,2002,3.54,50,"Ambient, Experimental",synthetic,2026-08-08T00:56:44.307637,266,True,illustrative_synthetic
Album_2002_0067,Artist_2002_0067,2002,2.8,715,"Ambient, Metal, Blues",synthetic,2026-08-08T00:56:44.307637,267,True,illustrative_synthetic
Album_2002_0068,Artist_2002_0068,2002,2.65,106,Alt. Rock,synthetic,2026-08-08T00:56:44.307637,268,True,illustrative_synthetic
Album_2002_0069,Artist_2002_0069,2002,4.13,128,"Experimental, Jazz, Classical",synthetic,2026-08-08T00:56:44.307637,269,True,illustrative_synthetic
Album_2002_0070,Artist_2002_0070,2002,3.2,396,"Pop, Rock",synthetic,2026-08-08T00:56:44.307637,270,True,illustrative_synthetic
Album_2002_0071,Artist_2002_0071,2002,2.97,175,"Rock, Hip-Hop",synthetic,2026-08-08T00:56:44.307637,271,True,illustrative_synthetic
Album_2002_0072,Artist_2002_0072,2002,2.72,761,Blues,synthetic,2026-08-08T00:56:44.307637,272,True,illustrative_synthetic
Album_2002_0073,Artist_2002_0073,2002,3.12,212,"Country, Electronic",synthetic,2026-08-08T00:56:44.307637,273,True,illustrative_synthetic
Album_2002_0074,Artist_2002_0074,2002,2.51,75,"Hip-Hop, Folk, Indie Rock",synthetic,2026-08-08T00:56:44.307637,274,True,illustrative_synthetic
Album_2002_0075,Artist_2002_0075,2002,2.91,1407,"Reggae, Electronic",synthetic,2026-08-08T00:56:44.307637,275,True,illustrative_synthetic
Album_2002_0076,Artist_2002_0076,2002,3.32,129,"Blues, Jazz",synthetic,2026-08-08T00:56:44.307637,276,True,illustrative_synthetic
Album_2002_0077,Artist_2002_0077,2002,2.59,665,"Country, Hip-Hop",synthetic,2026-08-08T00:56:44.307637,277,True,illustrative_synthetic
Album_2002_0078,Artist_2002_0078,2002,2.91,176,Punk,synthetic,2026-08-08T00:56:44.307637,278,True,illustrative_synthetic
Album_2002_0079,Artist_2002_0079,2002,3.22,522,Electronic,synthetic,2026-08-08T00:56:44.307637,279,True,illustrative_synthetic
Album_2002_0080,Artist_2002_0080,2002,3.35,203,Metal,synthetic,2026-08-08T00:56:44.307637,280,True,illustrative_synthetic
Album_2002_0081,Artist_2002_0081,2002,3.6,77,Indie Rock,synthetic,2026-08-08T00:56:44.307637,281,True,illustrative_synthetic
Album_2002_0082,Artist_2002_0082,2002,3.36,83,Ambient,synthetic,2026-08-08T00:56:44.307637,282,True,illustrative_synthetic
Album_2002_0083,Artist_2002_0083,2002,2.61,250,"Metal, Reggae, Rock",synthetic,2026-08-08T00:56:44.307637,283,True,illustrative_synthetic
Album_2002_0084,Artist_2002_0084,2002,3.04,54,Reggae,synthetic,2026-08-08T00:56:44.307637,284,True,illustrative_synthetic
Album_2002_0085,Artist_2002_0085,2002,3.19,1368,"Hip-Hop, Metal, Electronic",synthetic,2026-08-08T00:56:44.307637,285,True,illustrative_synthetic
Album_2002_0086,Artist_2002_0086,2002,2.75,50,Indie Rock,synthetic,2026-08-08T00:56:44.307637,286,True,illustrative_synthetic
Album_2002_0087,Artist_2002_0087,2002,2.85,458,Indie Rock,synthetic,2026-08-08T00:56:44.307637,287,True,illustrative_synthetic
Album_2002_0088,Artist_2002_0088,2002,3.04,449,"Indie Rock, Hip-Hop",synthetic,2026-08-08T00:56:44.307637,288,True,illustrative_synthetic
Album_2002_0089,Artist_2002_0089,2002,2.31,256,"R&B, Folk",synthetic,2026-08-08T00:56:44.307637,289,True,illustrative_synthetic
Album_2002_0090,Artist_2002_0090,2002,3.7,375,"Classical, Punk",synthetic,2026-08-08T00:56:44.307637,290,True,illustrative_synthetic
Album_2002_0091,Artist_2002_0091,2002,3.16,152,"Country, Alt. Rock",synthetic,2026-08-08T00:56:44.307637,291,True,illustrative_synthetic
Album_2002_0092,Artist_2002_0092,2002,2.22,50,"Jazz, Punk",synthetic,2026-08-08T00:56:44.307637,292,True,illustrative_synthetic
Album_2002_0093,Artist_2002_0093,2002,3.42,50,"Country, Hip-Hop",synthetic,2026-08-08T00:56:44.307637,293,True,illustrative_synthetic
Album_2002_0094,Artist_2002_0094,2002,3.56,232,"Blues, Ambient, Hip-Hop",synthetic,2026-08-08T00:56:44.307637,294,True,illustrative_synthetic
Album_2002_0095,Artist_2002_0095,2002,3.43,117,Blues,synthetic,2026-08-08T00:56:44.307637,295,True,illustrative_synthetic
Album_2002_0096,Artist_2002_0096,2002,3.74,326,"Experimental, Jazz",synthetic,2026-08-08T00:56:44.307637,296,True,illustrative_synthetic
Album_2002_0097,Artist_2002_0097,2002,3.0,219,Alt. Rock,synthetic,2026-08-08T00:56:44.307637,297,True,illustrative_synthetic
Album_2002_0098,Artist_2002_0098,2002,2.75,164,"Ambient, Rock",synthetic,2026-08-08T00:56:44.307637,298,True,illustrative_synthetic
Album_2002_0099,Artist_2002_0099,2002,2.98,50,"R&B, Classical, Metal",synthetic,2026-08-08T00:56:44.307637,299,True,illustrative_synthetic
Album_2002_0100,Artist_2002_0100,2002,2.75,93,Blues,synthetic,2026-08-08T00:56:44.307637,300,True,illustrative_synthetic
Album_2003_0001,Artist_2003_0001,2003,2.86,136,"Hip-Hop, R&B, Pop",synthetic,2026-08-08T00:56:44.307637,301,True,illustrative_synthetic
Album_2003_0002,Artist_2003_0002,2003,3.5,1860,"Metal, Country, Indie Rock",synthetic,2026-08-08T00:56:44.307637,302,True,illustrative_synthetic
Album_2003_0003,Artist_2003_0003,2003,3.04,291,"Ambient, Reggae, Hip-Hop",synthetic,2026-08-08T00:56:44.307637,303,True,illustrative_synthetic
Album_2003_0004,Artist_2003_0004,2003,3.56,1852,"Metal, Indie Rock",synthetic,2026-08-08T00:56:44.307637,304,True,illustrative_synthetic
Album_2003_0005,Artist_2003_0005,2003,3.95,50,Punk,synthetic,2026-08-08T00:56:44.307637,305,True,illustrative_synthetic
Album_2003_0006,Artist_2003_0006,2003,3.76,50,"Electronic, Jazz",synthetic,2026-08-08T00:56:44.307637,306,True,illustrative_synthetic
Album_2003_0007,Artist_2003_0007,2003,3.33,97,"Jazz, Ambient",synthetic,2026-08-08T00:56:44.307637,307,True,illustrative_synthetic
Album_2003_0008,Artist_2003_0008,2003,2.88,50,"Country, Metal",synthetic,2026-08-08T00:56:44.307637,308,True,illustrative_synthetic
Album_2003_0009,Artist_2003_0009,2003,3.52,50,"Indie Rock, Ambient, Reggae",synthetic,2026-08-08T00:56:44.307637,309,True,illustrative_synthetic
Album_2003_0010,Artist_2003_0010,2003,2.61,103,"Rock, Classical",synthetic,2026-08-08T00:56:44.307637,310,True,illustrative_synthetic
Album_2003_0011,Artist_2003_0011,2003,3.69,220,Ambient,synthetic,2026-08-08T00:56:44.307637,311,True,illustrative_synthetic
Album_2003_0012,Artist_2003_0012,2003,3.33,322,Metal,synthetic,2026-08-08T00:56:44.307637,312,True,illustrative_synthetic
Album_2003_0013,Artist_2003_0013,2003,2.93,200,"Alt. Rock, Blues, Hip-Hop",synthetic,2026-08-08T00:56:44.307637,313,True,illustrative_synthetic
Album_2003_0014,Artist_2003_0014,2003,2.69,3498,Country,synthetic,2026-08-08T00:56:44.307637,314,True,illustrative_synthetic
Album_2003_0015,Artist_2003_0015,2003,3.2,282,"Hip-Hop, R&B, Folk",synthetic,2026-08-08T00:56:44.307637,315,True,illustrative_synthetic
Album_2003_0016,Artist_2003_0016,2003,3.41,50,"Experimental, Alt. Rock, Indie Rock",synthetic,2026-08-08T00:56:44.307637,316,True,illustrative_synthetic
Album_2003_0017,Artist_2003_0017,2003,2.95,50,"Classical, Rock, Reggae",synthetic,2026-08-08T00:56:44.307637,317,True,illustrative_synthetic
Album_2003_0018,Artist_2003_0018,2003,3.09,50,Folk,synthetic,2026-08-08T00:56:44.307637,318,True,illustrative_synthetic
Album_2003_0019,Artist_2003_0019,2003,3.77,210,Punk,synthetic,2026-08-08T00:56:44.307637,319,True,illustrative_synthetic
Album_2003_0020,Artist_2003_0020,2003,2.87,283,"Rock, Metal, Electronic",synthetic,2026-08-08T00:56:44.307637,320,True,illustrative_synthetic
Album_2003_0021,Artist_2003_0021,2003,2.97,295,"Metal, Ambient, Jazz",synthetic,2026-08-08T00:56:44.307637,321,True,illustrative_synthetic
Album_2003_0022,Artist_2003_0022,2003,3.14,64,"Ambient, Country",synthetic,2026-08-08T00:56:44.307637,322,True,illustrative_synthetic
Album_2003_0023,Artist_2003_0023,2003,3.42,284,"Experimental, Indie Rock, Country",synthetic,2026-08-08T00:56:44.307637,323,True,illustrative_synthetic
Album_2003_0024,Artist_2003_0024,2003,3.31,146,"Indie Rock, Classical, Country",synthetic,2026-08-08T00:56:44.307637,324,True,illustrative_synthetic
Album_2003_0025,Artist_2003_0025,2003,3.31,50,"Punk, Hip-Hop",synthetic,2026-08-08T00:56:44.307637,325,True,illustrative_synthetic
Album_2003_0026,Artist_2003_0026,2003,2.36,305,"Indie Rock, Classical",synthetic,2026-08-08T00:56:44.307637,326,True,illustrative_synthetic
Album_2003_0027,Artist_2003_0027,2003,2.63,94,"Ambient, Classical, Metal",synthetic,2026-08-08T00:56:44.307637,327,True,illustrative_synthetic
Album_2003_0028,Artist_2003_0028,2003,2.99,2870,R&B,synthetic,2026-08-08T00:56:44.307637,328,True,illustrative_synthetic
Album_2003_0029,Artist_2003_0029,2003,3.26,457,Country,synthetic,2026-08-08T00:56:44.307637,329,True,illustrative_synthetic
Album_2003_0030,Artist_2003_0030,2003,2.9,230,"Blues, R&B, Reggae",synthetic,2026-08-08T00:56:44.307637,330,True,illustrative_synthetic
Album_2003_0031,Artist_2003_0031,2003,2.14,163,"Folk, Pop",synthetic,2026-08-08T00:56:44.307637,331,True,illustrative_synthetic
Album_2003_0032,Artist_2003_0032,2003,2.17,69,"Blues, Country, Rock",synthetic,2026-08-08T00:56:44.307637,332,True,illustrative_synthetic
Album_2003_0033,Artist_2003_0033,2003,2.69,194,Blues,synthetic,2026-08-08T00:56:44.307637,333,True,illustrative_synthetic
Album_2003_0034,Artist_2003_0034,2003,3.32,172,"Ambient, Electronic, Indie Rock",synthetic,2026-08-08T00:56:44.307637,334,True,illustrative_synthetic
Album_2003_0035,Artist_2003_0035,2003,2.57,329,"Hip-Hop, Experimental",synthetic,2026-08-08T00:56:44.307637,335,True,illustrative_synthetic
Album_2003_0036,Artist_2003_0036,2003,3.15,181,Indie Rock,synthetic,2026-08-08T00:56:44.307637,336,True,illustrative_synthetic
Album_2003_0037,Artist_2003_0037,2003,3.55,50,"Hip-Hop, Jazz, Folk",synthetic,2026-08-08T00:56:44.307637,337,True,illustrative_synthetic
Album_2003_0038,Artist_2003_0038,2003,2.41,50,"Jazz, Reggae",synthetic,2026-08-08T00:56:44.307637,338,True,illustrative_synthetic
Album_2003_0039,Artist_2003_0039,2003,3.33,583,Electronic,synthetic,2026-08-08T00:56:44.307637,339,True,illustrative_synthetic
Album_2003_0040,Artist_2003_0040,2003,3.43,83,"Metal, Folk, Classical",synthetic,2026-08-08T00:56:44.307637,340,True,illustrative_synthetic
Album_2003_0041,Artist_2003_0041,2003,3.34,1072,"Reggae, R&B",synthetic,2026-08-08T00:56:44.307637,341,True,illustrative_synthetic
Album_2003_0042,Artist_2003_0042,2003,3.29,194,"Pop, R&B",synthetic,2026-08-08T00:56:44.307637,342,True,illustrative_synthetic
Album_2003_0043,Artist_2003_0043,2003,3.06,1079,"Blues, Electronic, Alt. Rock",synthetic,2026-08-08T00:56:44.307637,343,True,illustrative_synthetic
Album_2003_0044,Artist_2003_0044,2003,3.93,50,"R&B, Electronic, Reggae",synthetic,2026-08-08T00:56:44.307637,344,True,illustrative_synthetic
Album_2003_0045,Artist_2003_0045,2003,3.06,421,"Hip-Hop, Country, Indie Rock",synthetic,2026-08-08T00:56:44.307637,345,True,illustrative_synthetic
Album_2003_0046,Artist_2003_0046,2003,3.01,50,Country,synthetic,2026-08-08T00:56:44.307637,346,True,illustrative_synthetic
Album_2003_0047,Artist_2003_0047,2003,3.69,969,Alt. Rock,synthetic,2026-08-08T00:56:44.307637,347,True,illustrative_synthetic
Album_2003_0048,Artist_2003_0048,2003,2.56,907,"Hip-Hop, Reggae",synthetic,2026-08-08T00:56:44.307637,348,True,illustrative_synthetic
Album_2003_0049,Artist_2003_0049,2003,3.38,88,"Ambient, Country, Jazz",synthetic,2026-08-08T00:56:44.307637,349,True,illustrative_synthetic
Album_2003_0050,Artist_2003_0050,2003,2.02,192,"Pop, Rock, Metal",synthetic,2026-08-08T00:56:44.307637,350,True,illustrative_synthetic
Album_2003_0051,Artist_2003_0051,2003,3.66,58,"Country, Alt. Rock",synthetic,2026-08-08T00:56:44.307637,351,True,illustrative_synthetic
Album_2003_0052,Artist_2003_0052,2003,2.89,125,Indie Rock,synthetic,2026-08-08T00:56:44.307637,352,True,illustrative_synthetic
Album_2003_0053,Artist_2003_0053,2003,3.35,50,Country,synthetic,2026-08-08T00:56:44.307637,353,True,illustrative_synthetic
Album_2003_0054,Artist_2003_0054,2003,3.4,62,"Blues, Country",synthetic,2026-08-08T00:56:44.307637,354,True,illustrative_synthetic
Album_2003_0055,Artist_2003_0055,2003,3.63,50,"Reggae, Hip-Hop",synthetic,2026-08-08T00:56:44.307637,355,True,illustrative_synthetic
Album_2003_0056,Artist_2003_0056,2003,2.93,105,"Blues, Pop",synthetic,2026-08-08T00:56:44.307637,356,True,illustrative_synthetic
Album_2003_0057,Artist_2003_0057,2003,3.16,96,"Alt. Rock, Blues",synthetic,2026-08-08T00:56:44.307637,357,True,illustrative_synthetic
Album_2003_0058,Artist_2003_0058,2003,2.53,80,Metal,synthetic,2026-08-08T00:56:44.307637,358,True,illustrative_synthetic
Album_2003_0059,Artist_2003_0059,2003,2.82,50,"Folk, Experimental",synthetic,2026-08-08T00:56:44.307637,359,True,illustrative_synthetic
Album_2003_0060,Artist_2003_0060,2003,3.17,1569,Classical,synthetic,2026-08-08T00:56:44.307637,360,True,illustrative_synthetic
Album_2003_0061,Artist_2003_0061,2003,3.32,231,Punk,synthetic,2026-08-08T00:56:44.307637,361,True,illustrative_synthetic
Album_2003_0062,Artist_2003_0062,2003,2.8,157,"Alt. Rock, Jazz, Country",synthetic,2026-08-08T00:56:44.307637,362,True,illustrative_synthetic
Album_2003_0063,Artist_2003_0063,2003,3.05,50,"Electronic, R&B, Classical",synthetic,2026-08-08T00:56:44.307637,363,True,illustrative_synthetic
Album_2003_0064,Artist_2003_0064,2003,3.13,101,Country,synthetic,2026-08-08T00:56:44.307637,364,True,illustrative_synthetic
Album_2003_0065,Artist_2003_0065,2003,2.66,167,"Rock, Reggae, Electronic",synthetic,2026-08-08T00:56:44.307637,365,True,illustrative_synthetic
Album_2003_0066,Artist_2003_0066,2003,3.74,1126,"Indie Rock, Experimental",synthetic,2026-08-08T00:56:44.307637,366,True,illustrative_synthetic
Album_2003_0067,Artist_2003_0067,2003,3.77,3599,R&B,synthetic,2026-08-08T00:56:44.307637,367,True,illustrative_synthetic
Album_2003_0068,Artist_2003_0068,2003,3.03,50,"Punk, Classical, Ambient",synthetic,2026-08-08T00:56:44.307637,368,True,illustrative_synthetic
Album_2003_0069,Artist_2003_0069,2003,3.12,483,"Classical, Metal, Pop",synthetic,2026-08-08T00:56:44.307637,369,True,illustrative_synthetic
Album_2003_0070,Artist_2003_0070,2003,3.55,299,"Metal, Folk, Classical",synthetic,2026-08-08T00:56:44.307637,370,True,illustrative_synthetic
Album_2003_0071,Artist_2003_0071,2003,3.18,457,"Classical, Folk",synthetic,2026-08-08T00:56:44.307637,371,True,illustrative_synthetic
Album_2003_0072,Artist_2003_0072,2003,2.45,50,"Jazz, Rock",synthetic,2026-08-08T00:56:44.307637,372,True,illustrative_synthetic
Album_2003_0073,Artist_2003_0073,2003,2.26,2210,"Electronic, Classical, Pop",synthetic,2026-08-08T00:56:44.307637,373,True,illustrative_synthetic
Album_2003_0074,Artist_2003_0074,2003,3.01,50,"Pop, Metal",synthetic,2026-08-08T00:56:44.307637,374,True,illustrative_synthetic
Album_2003_0075,Artist_2003_0075,2003,3.21,616,Alt. Rock,synthetic,2026-08-08T00:56:44.307637,375,True,illustrative_synthetic
Album_2003_0076,Artist_2003_0076,2003,2.84,57,"Hip-Hop, Folk, Alt. Rock",synthetic,2026-08-08T00:56:44.307637,376,True,illustrative_synthetic
Album_2003_0077,Artist_2003_0077,2003,2.92,50,"Ambient, Punk, R&B",synthetic,2026-08-08T00:56:44.307637,377,True,illustrative_synthetic
Album_2003_0078,Artist_2003_0078,2003,2.72,155,"Punk, Electronic",synthetic,2026-08-08T00:56:44.307637,378,True,illustrative_synthetic
Album_2003_0079,Artist_2003_0079,2003,2.69,1552,Pop,synthetic,2026-08-08T00:56:44.307637,379,True,illustrative_synthetic
Album_2003_0080,Artist_2003_0080,2003,3.69,50,Folk,synthetic,2026-08-08T00:56:44.307637,380,True,illustrative_synthetic
Album_2003_0081,Artist_2003_0081,2003,3.36,108,"Hip-Hop, Metal, Punk",synthetic,2026-08-08T00:56:44.307637,381,True,illustrative_synthetic
Album_2003_0082,Artist_2003_0082,2003,3.19,275,"Ambient, Pop, Rock",synthetic,2026-08-08T00:56:44.307637,382,True,illustrative_synthetic
Album_2003_0083,Artist_2003_0083,2003,3.25,133,"Folk, Experimental",synthetic,2026-08-08T00:56:44.307637,383,True,illustrative_synthetic
Album_2003_0084,Artist_2003_0084,2003,2.39,725,"Country, Ambient, R&B",synthetic,2026-08-08T00:56:44.307637,384,True,illustrative_synthetic
Album_2003_0085,Artist_2003_0085,2003,3.64,50,"Country, Folk",synthetic,2026-08-08T00:56:44.307637,385,True,illustrative_synthetic
Album_2003_0086,Artist_2003_0086,2003,3.38,189,"Experimental, R&B, Blues",synthetic,2026-08-08T00:56:44.307637,386,True,illustrative_synthetic
Album_2003_0087,Artist_2003_0087,2003,2.78,400,Blues,synthetic,2026-08-08T00:56:44.307637,387,True,illustrative_synthetic
Album_2003_0088,Artist_2003_0088,2003,2.79,1059,Reggae,synthetic,2026-08-08T00:56:44.307637,388,True,illustrative_synthetic
Album_2003_0089,Artist_2003_0089,2003,3.5,245,"Pop, Experimental, Ambient",synthetic,2026-08-08T00:56:44.307637,389,True,illustrative_synthetic
Album_2003_0090,Artist_2003_0090,2003,2.45,1063,"Jazz, Pop",synthetic,2026-08-08T00:56:44.307637,390,True,illustrative_synthetic
Album_2003_0091,Artist_2003_0091,2003,2.54,50,"Ambient, Reggae",synthetic,2026-08-08T00:56:44.307637,391,True,illustrative_synthetic
Album_2003_0092,Artist_2003_0092,2003,2.61,196,"Country, Punk, Hip-Hop",synthetic,2026-08-08T00:56:44.307637,392,True,illustrative_synthetic
Album_2003_0093,Artist_2003_0093,2003,3.1,117,"Hip-Hop, Pop, Punk",synthetic,2026-08-08T00:56:44.307637,393,True,illustrative_synthetic
Album_2003_0094,Artist_2003_0094,2003,2.79,50,"Classical, Reggae",synthetic,2026-08-08T00:56:44.307637,394,True,illustrative_synthetic
Album_2003_0095,Artist_2003_0095,2003,3.45,1738,"Jazz, Ambient, Alt. Rock",synthetic,2026-08-08T00:56:44.307637,395,True,illustrative_synthetic
Album_2003_0096,Artist_2003_0096,2003,3.16,300,"Jazz, Indie Rock, Experimental",synthetic,2026-08-08T00:56:44.307637,396,True,illustrative_synthetic
Album_2003_0097,Artist_2003_0097,2003,2.28,50,Jazz,synthetic,2026-08-08T00:56:44.307637,397,True,illustrative_synthetic
Album_2003_0098,Artist_2003_0098,2003,3.1,50,"Electronic, Rock, Hip-Hop",synthetic,2026-08-08T00:56:44.307637,398,True,illustrative_synthetic
Album_2003_0099,Artist_2003_0099,2003,2.22,58,Jazz,synthetic,2026-08-08T00:56:44.307637,399,True,illustrative_synthetic
Album_2003_0100,Artist_2003_0100,2003,2.98,130,"Alt. Rock, R&B, Experimental",synthetic,2026-08-08T00:56:44.307637,400,True,illustrative_synthetic
Album_2004_0001,Artist_2004_0001,2004,3.33,77,"Rock, Pop",synthetic,2026-08-08T00:56:44.307637,401,True,illustrative_synthetic
Album_2004_0002,Artist_2004_0002,2004,3.81,214,Alt. Rock,synthetic,2026-08-08T00:56:44.307637,402,True,illustrative_synthetic
Album_2004_0003,Artist_2004_0003,2004,3.63,358,Jazz,synthetic,2026-08-08T00:56:44.307637,403,True,illustrative_synthetic
Album_2004_0004,Artist_2004_0004,2004,3.05,95,Pop,synthetic,2026-08-08T00:56:44.307637,404,True,illustrative_synthetic
Album_2004_0005,Artist_2004_0005,2004,3.26,589,"Experimental, Alt. Rock",synthetic,2026-08-08T00:56:44.307637,405,True,illustrative_synthetic
Album_2004_0006,Artist_2004_0006,2004,3.08,57,Hip-Hop,synthetic,2026-08-08T00:56:44.307637,406,True,illustrative_synthetic
Album_2004_0007,Artist_2004_0007,2004,2.91,50,"Blues, Jazz, Rock",synthetic,2026-08-08T00:56:44.307637,407,True,illustrative_synthetic
Album_2004_0008,Artist_2004_0008,2004,2.87,50,"Rock, Ambient, Classical",synthetic,2026-08-08T00:56:44.307637,408,True,illustrative_synthetic
Album_2004_0009,Artist_2004_0009,2004,3.25,184,Blues,synthetic,2026-08-08T00:56:44.307637,409,True,illustrative_synthetic
Album_2004_0010,Artist_2004_0010,2004,3.81,50,"Metal, R&B, Ambient",synthetic,2026-08-08T00:56:44.307637,410,True,illustrative_synthetic
Album_2004_0011,Artist_2004_0011,2004,3.24,50,Ambient,synthetic,2026-08-08T00:56:44.307637,411,True,illustrative_synthetic
Album_2004_0012,Artist_2004_0012,2004,3.61,527,"Blues, Indie Rock, Rock",synthetic,2026-08-08T00:56:44.307637,412,True,illustrative_synthetic
Album_2004_0013,Artist_2004_0013,2004,2.59,50,Alt. Rock,synthetic,2026-08-08T00:56:44.307637,413,True,illustrative_synthetic
Album_2004_0014,Artist_2004_0014,2004,2.99,50,"Jazz, Pop, R&B",synthetic,2026-08-08T00:56:44.307637,414,True,illustrative_synthetic
Album_2004_0015,Artist_2004_0015,2004,3.64,399,"Reggae, Punk, Country",synthetic,2026-08-08T00:56:44.307637,415,True,illustrative_synthetic
Album_2004_0016,Artist_2004_0016,2004,3.39,365,R&B,synthetic,2026-08-08T00:56:44.307637,416,True,illustrative_synthetic
Album_2004_0017,Artist_2004_0017,2004,2.55,155,"Reggae, Indie Rock",synthetic,2026-08-08T00:56:44.307637,417,True,illustrative_synthetic
Album_2004_0018,Artist_2004_0018,2004,3.23,630,"Metal, Rock",synthetic,2026-08-08T00:56:44.307637,418,True,illustrative_synthetic
Album_2004_0019,Artist_2004_0019,2004,3.9,1308,Electronic,synthetic,2026-08-08T00:56:44.307637,419,True,illustrative_synthetic
Album_2004_0020,Artist_2004_0020,2004,3.27,34387,Pop,synthetic,2026-08-08T00:56:44.307637,420,True,illustrative_synthetic
Album_2004_0021,Artist_2004_0021,2004,2.9,176,"Reggae, R&B",synthetic,2026-08-08T00:56:44.307637,421,True,illustrative_synthetic
Album_2004_0022,Artist_2004_0022,2004,3.36,1716,Metal,synthetic,2026-08-08T00:56:44.307637,422,True,illustrative_synthetic
Album_2004_0023,Artist_2004_0023,2004,3.57,580,"Indie Rock, Alt. Rock, Reggae",synthetic,2026-08-08T00:56:44.307637,423,True,illustrative_synthetic
Album_2004_0024,Artist_2004_0024,2004,2.77,62,"R&B, Folk",synthetic,2026-08-08T00:56:44.307637,424,True,illustrative_synthetic
Album_2004_0025,Artist_2004_0025,2004,3.43,242,"Indie Rock, Rock, Ambient",synthetic,2026-08-08T00:56:44.307637,425,True,illustrative_synthetic
Album_2004_0026,Artist_2004_0026,2004,2.96,102,"Pop, R&B",synthetic,2026-08-08T00:56:44.307637,426,True,illustrative_synthetic
Album_2004_0027,Artist_2004_0027,2004,2.96,90,"R&B, Rock",synthetic,2026-08-08T00:56:44.307637,427,True,illustrative_synthetic
Album_2004_0028,Artist_2004_0028,2004,4.13,59,"Indie Rock, Metal",synthetic,2026-08-08T00:56:44.307637,428,True,illustrative_synthetic
Album_2004_0029,Artist_2004_0029,2004,2.98,599,"Punk, Reggae",synthetic,2026-08-08T00:56:44.307637,429,True,illustrative_synthetic
Album_2004_0030,Artist_2004_0030,2004,3.94,445,Experimental,synthetic,2026-08-08T00:56:44.307637,430,True,illustrative_synthetic
Album_2004_0031,Artist_2004_0031,2004,3.59,126,"Alt. Rock, Indie Rock, Metal",synthetic,2026-08-08T00:56:44.307637,431,True,illustrative_synthetic
Album_2004_0032,Artist_2004_0032,2004,3.13,2950,Reggae,synthetic,2026-08-08T00:56:44.307637,432,True,illustrative_synthetic
Album_2004_0033,Artist_2004_0033,2004,2.94,73,"Pop, Jazz, Hip-Hop",synthetic,2026-08-08T00:56:44.307637,433,True,illustrative_synthetic
Album_2004_0034,Artist_2004_0034,2004,2.62,50,Country,synthetic,2026-08-08T00:56:44.307637,434,True,illustrative_synthetic
Album_2004_0035,Artist_2004_0035,2004,3.63,50,"Ambient, Alt. Rock",synthetic,2026-08-08T00:56:44.307637,435,True,illustrative_synthetic
Album_2004_0036,Artist_2004_0036,2004,3.21,472,"Blues, Metal",synthetic,2026-08-08T00:56:44.307637,436,True,illustrative_synthetic
Album_2004_0037,Artist_2004_0037,2004,3.09,2493,"Punk, Folk",synthetic,2026-08-08T00:56:44.307637,437,True,illustrative_synthetic
Album_2004_0038,Artist_2004_0038,2004,2.63,50,"Ambient, Alt. Rock",synthetic,2026-08-08T00:56:44.307637,438,True,illustrative_synthetic
Album_2004_0039,Artist_2004_0039,2004,3.02,140,"Alt. Rock, Punk, Metal",synthetic,2026-08-08T00:56:44.307637,439,True,illustrative_synthetic
Album_2004_0040,Artist_2004_0040,2004,2.87,50,"Jazz, Punk, Metal",synthetic,2026-08-08T00:56:44.307637,440,True,illustrative_synthetic
Album_2004_0041,Artist_2004_0041,2004,2.87,352,Metal,synthetic,2026-08-08T00:56:44.307637,441,True,illustrative_synthetic
Album_2004_0042,Artist_2004_0042,2004,2.95,60,"R&B, Pop",synthetic,2026-08-08T00:56:44.307637,442,True,illustrative_synthetic
Album_2004_0043,Artist_2004_0043,2004,4.08,328,"Hip-Hop, Punk, Metal",synthetic,2026-08-08T00:56:44.307637,443,True,illustrative_synthetic
Album_2004_0044,Artist_2004_0044,2004,2.93,58,"Country, Rock, Indie Rock",synthetic,2026-08-08T00:56:44.307637,444,True,illustrative_synthetic
Album_2004_0045,Artist_2004_0045,2004,3.51,225,"Punk, Alt. Rock, Pop",synthetic,2026-08-08T00:56:44.307637,445,True,illustrative_synthetic
Album_2004_0046,Artist_2004_0046,2004,3.0,141,"Country, R&B, Folk",synthetic,2026-08-08T00:56:44.307637,446,True,illustrative_synthetic
Album_2004_0047,Artist_2004_0047,2004,3.3,131,"Folk, Experimental, Country",synthetic,2026-08-08T00:56:44.307637,447,True,illustrative_synthetic
Album_2004_0048,Artist_2004_0048,2004,3.5,86,"Reggae, Folk, R&B",synthetic,2026-08-08T00:56:44.307637,448,True,illustrative_synthetic
Album_2004_0049,Artist_2004_0049,2004,3.66,230,"Experimental, Folk",synthetic,2026-08-08T00:56:44.307637,449,True,illustrative_synthetic
Album_2004_0050,Artist_2004_0050,2004,3.58,50,"Experimental, Indie Rock",synthetic,2026-08-08T00:56:44.307637,450,True,illustrative_synthetic
Album_2004_0051,Artist_2004_0051,2004,3.06,115,"Jazz, Indie Rock, Classical",synthetic,2026-08-08T00:56:44.307637,451,True,illustrative_synthetic
Album_2004_0052,Artist_2004_0052,2004,2.95,62,"Jazz, Experimental",synthetic,2026-08-08T00:56:44.307637,452,True,illustrative_synthetic
Album_2004_0053,Artist_2004_0053,2004,3.06,193,Alt. Rock,synthetic,2026-08-08T00:56:44.307637,453,True,illustrative_synthetic
Album_2004_0054,Artist_2004_0054,2004,2.41,70,"Folk, Alt. Rock, Hip-Hop",synthetic,2026-08-08T00:56:44.307637,454,True,illustrative_synthetic
Album_2004_0055,Artist_2004_0055,2004,2.4,102,"Metal, Pop, Country",synthetic,2026-08-08T00:56:44.307637,455,True,illustrative_synthetic
Album_2004_0056,Artist_2004_0056,2004,2.99,493,"Experimental, Alt. Rock",synthetic,2026-08-08T00:56:44.307637,456,True,illustrative_synthetic
Album_2004_0057,Artist_2004_0057,2004,3.48,120,"R&B, Punk",synthetic,2026-08-08T00:56:44.307637,457,True,illustrative_synthetic
Album_2004_0058,Artist_2004_0058,2004,3.45,50,Country,synthetic,2026-08-08T00:56:44.307637,458,True,illustrative_synthetic
Album_2004_0059,Artist_2004_0059,2004,2.83,104,"Country, Alt. Rock",synthetic,2026-08-08T00:56:44.307637,459,True,illustrative_synthetic
Album_2004_0060,Artist_2004_0060,2004,2.73,399,Classical,synthetic,2026-08-08T00:56:44.307637,460,True,illustrative_synthetic
Album_2004_0061,Artist_2004_0061,2004,3.21,149,"Rock, Punk",synthetic,2026-08-08T00:56:44.307637,461,True,illustrative_synthetic
Album_2004_0062,Artist_2004_0062,2004,2.82,74,"Folk, Hip-Hop",synthetic,2026-08-08T00:56:44.307637,462,True,illustrative_synthetic
Album_2004_0063,Artist_2004_0063,2004,2.58,66,Jazz,synthetic,2026-08-08T00:56:44.307637,463,True,illustrative_synthetic
Album_2004_0064,Artist_2004_0064,2004,3.19,178,Indie Rock,synthetic,2026-08-08T00:56:44.307637,464,True,illustrative_synthetic
Album_2004_0065,Artist_2004_0065,2004,3.44,69,Punk,synthetic,2026-08-08T00:56:44.307637,465,True,illustrative_synthetic
Album_2004_0066,Artist_2004_0066,2004,3.06,50,Indie Rock,synthetic,2026-08-08T00:56:44.307637,466,True,illustrative_synthetic
Album_2004_0067,Artist_2004_0067,2004,2.9,50,Blues,synthetic,2026-08-08T00:56:44.307637,467,True,illustrative_synthetic
Album_2004_0068,Artist_2004_0068,2004,3.33,352,Folk,synthetic,2026-08-08T00:56:44.307637,468,True,illustrative_synthetic
Album_2004_0069,Artist_2004_0069,2004,2.74,50,"Alt. Rock, Experimental",synthetic,2026-08-08T00:56:44.307637,469,True,illustrative_synthetic
Album_2004_0070,Artist_2004_0070,2004,3.24,62,"Blues, Metal",synthetic,2026-08-08T00:56:44.307637,470,True,illustrative_synthetic
Album_2004_0071,Artist_2004_0071,2004,3.27,50,"Alt. Rock, Hip-Hop, Classical",synthetic,2026-08-08T00:56:44.307637,471,True,illustrative_synthetic
Album_2004_0072,Artist_2004_0072,2004,2.75,273,"Reggae, Pop",synthetic,2026-08-08T00:56:44.307637,472,True,illustrative_synthetic
Album_2004_0073,Artist_2004_0073,2004,3.75,262,"Indie Rock, Metal, Electronic",synthetic,2026-08-08T00:56:44.307637,473,True,illustrative_synthetic
Album_2004_0074,Artist_2004_0074,2004,3.22,50,"Experimental, Pop",synthetic,2026-08-08T00:56:44.307637,474,True,illustrative_synthetic
Album_2004_0075,Artist_2004_0075,2004,3.26,13611,Alt. Rock,synthetic,2026-08-08T00:56:44.307637,475,True,illustrative_synthetic
Album_2004_0076,Artist_2004_0076,2004,3.59,520,"Punk, Classical",synthetic,2026-08-08T00:56:44.307637,476,True,illustrative_synthetic
Album_2004_0077,Artist_2004_0077,2004,3.07,160,"Hip-Hop, Folk",synthetic,2026-08-08T00:56:44.307637,477,True,illustrative_synthetic
Album_2004_0078,Artist_2004_0078,2004,3.0,283,"Folk, Blues",synthetic,2026-08-08T00:56:44.307637,478,True,illustrative_synthetic
Album_2004_0079,Artist_2004_0079,2004,3.42,50,Reggae,synthetic,2026-08-08T00:56:44.307637,479,True,illustrative_synthetic
Album_2004_0080,Artist_2004_0080,2004,2.71,50,"Country, Reggae, Punk",synthetic,2026-08-08T00:56:44.307637,480,True,illustrative_synthetic
Album_2004_0081,Artist_2004_0081,2004,2.86,420,"Blues, Reggae, Electronic",synthetic,2026-08-08T00:56:44.307637,481,True,illustrative_synthetic
Album_2004_0082,Artist_2004_0082,2004,1.96,115,"R&B, Classical",synthetic,2026-08-08T00:56:44.307637,482,True,illustrative_synthetic
Album_2004_0083,Artist_2004_0083,2004,2.59,50,"Blues, Experimental, Hip-Hop",synthetic,2026-08-08T00:56:44.307637,483,True,illustrative_synthetic
Album_2004_0084,Artist_2004_0084,2004,3.16,155,"Hip-Hop, Alt. Rock, Blues",synthetic,2026-08-08T00:56:44.307637,484,True,illustrative_synthetic
Album_2004_0085,Artist_2004_0085,2004,3.47,50,"Rock, Country, Classical",synthetic,2026-08-08T00:56:44.307637,485,True,illustrative_synthetic
Album_2004_0086,Artist_2004_0086,2004,2.64,64,"Rock, Jazz",synthetic,2026-08-08T00:56:44.307637,486,True,illustrative_synthetic
Album_2004_0087,Artist_2004_0087,2004,2.91,810,"Hip-Hop, Blues",synthetic,2026-08-08T00:56:44.307637,487,True,illustrative_synthetic
Album_2004_0088,Artist_2004_0088,2004,2.69,176,"Folk, Hip-Hop",synthetic,2026-08-08T00:56:44.307637,488,True,illustrative_synthetic
Album_2004_0089,Artist_2004_0089,2004,2.88,146,Electronic,synthetic,2026-08-08T00:56:44.307637,489,True,illustrative_synthetic
Album_2004_0090,Artist_2004_0090,2004,3.98,359,Pop,synthetic,2026-08-08T00:56:44.307637,490,True,illustrative_synthetic
Album_2004_0091,Artist_2004_0091,2004,2.47,520,"Metal, Blues, Folk",synthetic,2026-08-08T00:56:44.307637,491,True,illustrative_synthetic
Album_2004_0092,Artist_2004_0092,2004,2.7,1159,Electronic,synthetic,2026-08-08T00:56:44.307637,492,True,illustrative_synthetic
Album_2004_0093,Artist_2004_0093,2004,3.24,50,Hip-Hop,synthetic,2026-08-08T00:56:44.307637,493,True,illustrative_synthetic
Album_2004_0094,Artist_2004_0094,2004,3.08,89,Indie Rock,synthetic,2026-08-08T00:56:44.307637,494,True,illustrative_synthetic
Album_2004_0095,Artist_2004_0095,2004,3.27,89,Folk,synthetic,2026-08-08T00:56:44.307637,495,True,illustrative_synthetic
Album_2004_0096,Artist_2004_0096,2004,3.5,62,Pop,synthetic,2026-08-08T00:56:44.307637,496,True,illustrative_synthetic
Album_2004_0097,Artist_2004_0097,2004,3.22,263,Rock,synthetic,2026-08-08T00:56:44.307637,497,True,illustrative_synthetic
Album_2004_0098,Artist_2004_0098,2004,3.49,50,"Folk, Indie Rock",synthetic,2026-08-08T00:56:44.307637,498,True,illustrative_synthetic
Album_2004_0099,Artist_2004_0099,2004,3.37,50,"Alt. Rock, Indie Rock, Rock",synthetic,2026-08-08T00:56:44.307637,499,True,illustrative_synthetic
Album_2004_0100,Artist_2004_0100,2004,2.86,50,"Alt. Rock, R&B",synthetic,2026-08-08T00:56:44.307637,500,True,illustrative_synthetic
Album_2005_0001,Artist_2005_0001,2005,2.87,50,Ambient,synthetic,2026-08-08T00:56:44.307637,501,True,illustrative_synthetic
Album_2005_0002,Artist_2005_0002,2005,3.41,50,"Jazz, Classical, Alt. Rock",synthetic,2026-08-08T00:56:44.307637,502,True,illustrative_synthetic
Album_2005_0003,Artist_2005_0003,2005,3.31,379,Reggae,synthetic,2026-08-08T00:56:44.307637,503,True,illustrative_synthetic
Album_2005_0004,Artist_2005_0004,2005,4.08,50,"Folk, Country",synthetic,2026-08-08T00:56:44.307637,504,True,illustrative_synthetic
Album_2005_0005,Artist_2005_0005,2005,3.29,92,Country,synthetic,2026-08-08T00:56:44.307637,505,True,illustrative_synthetic
Album_2005_0006,Artist_2005_0006,2005,3.16,725,Blues,synthetic,2026-08-08T00:56:44.307637,506,True,illustrative_synthetic
Album_2005_0007,Artist_2005_0007,2005,3.44,247,Country,synthetic,2026-08-08T00:56:44.307637,507,True,illustrative_synthetic
Album_2005_0008,Artist_2005_0008,2005,3.46,50,Indie Rock,synthetic,2026-08-08T00:56:44.307637,508,True,illustrative_synthetic
Album_2005_0009,Artist_2005_0009,2005,3.83,50,"Electronic, Folk, Indie Rock",synthetic,2026-08-08T00:56:44.307637,509,True,illustrative_synthetic
Album_2005_0010,Artist_2005_0010,2005,3.38,169,"Blues, Reggae, Pop",synthetic,2026-08-08T00:56:44.307637,510,True,illustrative_synthetic
Album_2005_0011,Artist_2005_0011,2005,2.66,259,Pop,synthetic,2026-08-08T00:56:44.307637,511,True,illustrative_synthetic
Album_2005_0012,Artist_2005_0012,2005,2.15,76,Classical,synthetic,2026-08-08T00:56:44.307637,512,True,illustrative_synthetic
Album_2005_0013,Artist_2005_0013,2005,3.72,136,"Indie Rock, Pop, Jazz",synthetic,2026-08-08T00:56:44.307637,513,True,illustrative_synthetic
Album_2005_0014,Artist_2005_0014,2005,3.49,78,"Hip-Hop, R&B",synthetic,2026-08-08T00:56:44.307637,514,True,illustrative_synthetic
Album_2005_0015,Artist_2005_0015,2005,3.31,50,"Metal, Country",synthetic,2026-08-08T00:56:44.307637,515,True,illustrative_synthetic
Album_2005_0016,Artist_2005_0016,2005,2.89,50,Blues,synthetic,2026-08-08T00:56:44.307637,516,True,illustrative_synthetic
Album_2005_0017,Artist_2005_0017,2005,3.46,50,Reggae,synthetic,2026-08-08T00:56:44.307637,517,True,illustrative_synthetic
Album_2005_0018,Artist_2005_0018,2005,2.74,50,"Classical, Folk",synthetic,2026-08-08T00:56:44.307637,518,True,illustrative_synthetic
Album_2005_0019,Artist_2005_0019,2005,4.34,619,"Hip-Hop, Metal",synthetic,2026-08-08T00:56:44.307637,519,True,illustrative_synthetic
Album_2005_0020,Artist_2005_0020,2005,3.0,1799,Alt. Rock,synthetic,2026-08-08T00:56:44.307637,520,True,illustrative_synthetic
Album_2005_0021,Artist_2005_0021,2005,2.76,840,"Hip-Hop, Electronic",synthetic,2026-08-08T00:56:44.307637,521,True,illustrative_synthetic
Album_2005_0022,Artist_2005_0022,2005,3.07,117,"Metal, Classical",synthetic,2026-08-08T00:56:44.307637,522,True,illustrative_synthetic
Album_2005_0023,Artist_2005_0023,2005,3.41,50,Indie Rock,synthetic,2026-08-08T00:56:44.307637,523,True,illustrative_synthetic
Album_2005_0024,Artist_2005_0024,2005,2.63,63,"Blues, Pop",synthetic,2026-08-08T00:56:44.307637,524,True,illustrative_synthetic
Album_2005_0025,Artist_2005_0025,2005,2.96,50,"Rock, Metal, Country",synthetic,2026-08-08T00:56:44.307637,525,True,illustrative_synthetic
Album_2005_0026,Artist_2005_0026,2005,2.83,50,"Jazz, Indie Rock",synthetic,2026-08-08T00:56:44.307637,526,True,illustrative_synthetic
Album_2005_0027,Artist_2005_0027,2005,3.26,2048,"Metal, Blues, Folk",synthetic,2026-08-08T00:56:44.307637,527,True,illustrative_synthetic
Album_2005_0028,Artist_2005_0028,2005,3.27,359,"Hip-Hop, Blues",synthetic,2026-08-08T00:56:44.307637,528,True,illustrative_synthetic
Album_2005_0029,Artist_2005_0029,2005,3.23,397,"Reggae, Pop, Electronic",synthetic,2026-08-08T00:56:44.307637,529,True,illustrative_synthetic
Album_2005_0030,Artist_2005_0030,2005,3.81,361,Electronic,synthetic,2026-08-08T00:56:44.307637,530,True,illustrative_synthetic
Album_2005_0031,Artist_2005_0031,2005,2.91,50,"Punk, Reggae, Ambient",synthetic,2026-08-08T00:56:44.307637,531,True,illustrative_synthetic
Album_2005_0032,Artist_2005_0032,2005,2.77,63,"Reggae, Pop, Folk",synthetic,2026-08-08T00:56:44.307637,532,True,illustrative_synthetic
Album_2005_0033,Artist_2005_0033,2005,3.56,50,"Folk, Ambient, Metal",synthetic,2026-08-08T00:56:44.307637,533,True,illustrative_synthetic
Album_2005_0034,Artist_2005_0034,2005,3.24,52,"Rock, Alt. Rock, Metal",synthetic,2026-08-08T00:56:44.307637,534,True,illustrative_synthetic
Album_2005_0035,Artist_2005_0035,2005,2.87,50,"Indie Rock, R&B",synthetic,2026-08-08T00:56:44.307637,535,True,illustrative_synthetic
Album_2005_0036,Artist_2005_0036,2005,4.08,285,"Rock, R&B",synthetic,2026-08-08T00:56:44.307637,536,True,illustrative_synthetic
Album_2005_0037,Artist_2005_0037,2005,3.23,100,Ambient,synthetic,2026-08-08T00:56:44.307637,537,True,illustrative_synthetic
Album_2005_0038,Artist_2005_0038,2005,3.32,1807,Hip-Hop,synthetic,2026-08-08T00:56:44.307637,538,True,illustrative_synthetic
Album_2005_0039,Artist_2005_0039,2005,3.29,50,Ambient,synthetic,2026-08-08T00:56:44.307637,539,True,illustrative_synthetic
Album_2005_0040,Artist_2005_0040,2005,3.7,58,Reggae,synthetic,2026-08-08T00:56:44.307637,540,True,illustrative_synthetic
Album_2005_0041,Artist_2005_0041,2005,4.28,98,"Pop, Punk",synthetic,2026-08-08T00:56:44.307637,541,True,illustrative_synthetic
Album_2005_0042,Artist_2005_0042,2005,2.82,410,Electronic,synthetic,2026-08-08T00:56:44.307637,542,True,illustrative_synthetic
Album_2005_0043,Artist_2005_0043,2005,3.24,100,Punk,synthetic,2026-08-08T00:56:44.307637,543,True,illustrative_synthetic
Album_2005_0044,Artist_2005_0044,2005,2.85,6540,Reggae,synthetic,2026-08-08T00:56:44.307637,544,True,illustrative_synthetic
Album_2005_0045,Artist_2005_0045,2005,3.43,174,Classical,synthetic,2026-08-08T00:56:44.307637,545,True,illustrative_synthetic
Album_2005_0046,Artist_2005_0046,2005,3.46,555,"Alt. Rock, Hip-Hop",synthetic,2026-08-08T00:56:44.307637,546,True,illustrative_synthetic
Album_2005_0047,Artist_2005_0047,2005,3.71,50,"Blues, Ambient, Electronic",synthetic,2026-08-08T00:56:44.307637,547,True,illustrative_synthetic
Album_2005_0048,Artist_2005_0048,2005,2.51,127,"Country, Metal",synthetic,2026-08-08T00:56:44.307637,548,True,illustrative_synthetic
Album_2005_0049,Artist_2005_0049,2005,2.76,415,Jazz,synthetic,2026-08-08T00:56:44.307637,549,True,illustrative_synthetic
Album_2005_0050,Artist_2005_0050,2005,3.33,50,"Experimental, Punk",synthetic,2026-08-08T00:56:44.307637,550,True,illustrative_synthetic
Album_2005_0051,Artist_2005_0051,2005,3.43,90,Metal,synthetic,2026-08-08T00:56:44.307637,551,True,illustrative_synthetic
Album_2005_0052,Artist_2005_0052,2005,3.29,50,"Blues, Alt. Rock, Reggae",synthetic,2026-08-08T00:56:44.307637,552,True,illustrative_synthetic
Album_2005_0053,Artist_2005_0053,2005,3.14,72,"Classical, Metal, Ambient",synthetic,2026-08-08T00:56:44.307637,553,True,illustrative_synthetic
Album_2005_0054,Artist_2005_0054,2005,2.82,50,"Punk, Pop",synthetic,2026-08-08T00:56:44.307637,554,True,illustrative_synthetic
Album_2005_0055,Artist_2005_0055,2005,2.45,68,Experimental,synthetic,2026-08-08T00:56:44.307637,555,True,illustrative_synthetic
Album_2005_0056,Artist_2005_0056,2005,3.11,147,"Reggae, Ambient, R&B",synthetic,2026-08-08T00:56:44.307637,556,True,illustrative_synthetic
Album_2005_0057,Artist_2005_0057,2005,3.44,1349,R&B,synthetic,2026-08-08T00:56:44.307637,557,True,illustrative_synthetic
Album_2005_0058,Artist_2005_0058,2005,3.01,349,"Alt. Rock, Indie Rock",synthetic,2026-08-08T00:56:44.307637,558,True,illustrative_synthetic
Album_2005_0059,Artist_2005_0059,2005,3.51,486,"Rock, Electronic, Indie Rock",synthetic,2026-08-08T00:56:44.307637,559,True,illustrative_synthetic
Album_2005_0060,Artist_2005_0060,2005,3.2,50,R&B,synthetic,2026-08-08T00:56:44.307637,560,True,illustrative_synthetic
Album_2005_0061,Artist_2005_0061,2005,2.93,652,"Experimental, Reggae",synthetic,2026-08-08T00:56:44.307637,561,True,illustrative_synthetic
Album_2005_0062,Artist_2005_0062,2005,3.23,546,"Indie Rock, Ambient",synthetic,2026-08-08T00:56:44.307637,562,True,illustrative_synthetic
Album_2005_0063,Artist_2005_0063,2005,3.25,50,Blues,synthetic,2026-08-08T00:56:44.307637,563,True,illustrative_synthetic
Album_2005_0064,Artist_2005_0064,2005,3.3,77,Jazz,synthetic,2026-08-08T00:56:44.307637,564,True,illustrative_synthetic
Album_2005_0065,Artist_2005_0065,2005,2.68,893,Jazz,synthetic,2026-08-08T00:56:44.307637,565,True,illustrative_synthetic
Album_2005_0066,Artist_2005_0066,2005,2.78,1642,"Electronic, Jazz, Punk",synthetic,2026-08-08T00:56:44.307637,566,True,illustrative_synthetic
Album_2005_0067,Artist_2005_0067,2005,3.69,423,"Jazz, Classical",synthetic,2026-08-08T00:56:44.307637,567,True,illustrative_synthetic
Album_2005_0068,Artist_2005_0068,2005,3.39,50,Alt. Rock,synthetic,2026-08-08T00:56:44.307637,568,True,illustrative_synthetic
Album_2005_0069,Artist_2005_0069,2005,2.9,50,"Country, Reggae, Experimental",synthetic,2026-08-08T00:56:44.307637,569,True,illustrative_synthetic
Album_2005_0070,Artist_2005_0070,2005,3.46,76,"Rock, Electronic, Metal",synthetic,2026-08-08T00:56:44.307637,570,True,illustrative_synthetic
Album_2005_0071,Artist_2005_0071,2005,3.29,506,"Blues, Experimental",synthetic,2026-08-08T00:56:44.307637,571,True,illustrative_synthetic
Album_2005_0072,Artist_2005_0072,2005,2.88,279,Jazz,synthetic,2026-08-08T00:56:44.307637,572,True,illustrative_synthetic
Album_2005_0073,Artist_2005_0073,2005,3.38,209,Hip-Hop,synthetic,2026-08-08T00:56:44.307637,573,True,illustrative_synthetic
Album_2005_0074,Artist_2005_0074,2005,3.11,280,"Country, Blues",synthetic,2026-08-08T00:56:44.307637,574,True,illustrative_synthetic
Album_2005_0075,Artist_2005_0075,2005,2.76,348,"Electronic, Country, Pop",synthetic,2026-08-08T00:56:44.307637,575,True,illustrative_synthetic
Album_2005_0076,Artist_2005_0076,2005,2.68,50,Classical,synthetic,2026-08-08T00:56:44.307637,576,True,illustrative_synthetic
Album_2005_0077,Artist_2005_0077,2005,2.4,50,Rock,synthetic,2026-08-08T00:56:44.307637,577,True,illustrative_synthetic
Album_2005_0078,Artist_2005_0078,2005,3.64,50,"Punk, Electronic, Rock",synthetic,2026-08-08T00:56:44.307637,578,True,illustrative_synthetic
Album_2005_0079,Artist_2005_0079,2005,4.1,50,"Metal, Electronic",synthetic,2026-08-08T00:56:44.307637,579,True,illustrative_synthetic
Album_2005_0080,Artist_2005_0080,2005,3.65,320,"Indie Rock, Alt. Rock, Pop",synthetic,2026-08-08T00:56:44.307637,580,True,illustrative_synthetic
Album_2005_0081,Artist_2005_0081,2005,4.22,102,Electronic,synthetic,2026-08-08T00:56:44.307637,581,True,illustrative_synthetic
Album_2005_0082,Artist_2005_0082,2005,3.07,50,"Alt. Rock, Ambient",synthetic,2026-08-08T00:56:44.307637,582,True,illustrative_synthetic
Album_2005_0083,Artist_2005_0083,2005,3.02,50,Ambient,synthetic,2026-08-08T00:56:44.307637,583,True,illustrative_synthetic
Album_2005_0084,Artist_2005_0084,2005,3.97,485,"Blues, Hip-Hop, Rock",synthetic,2026-08-08T00:56:44.307637,584,True,illustrative_synthetic
Album_2005_0085,Artist_2005_0085,2005,3.31,50,Reggae,synthetic,2026-08-08T00:56:44.307637,585,True,illustrative_synthetic
Album_2005_0086,Artist_2005_0086,2005,3.39,260,"Ambient, Folk, Jazz",synthetic,2026-08-08T00:56:44.307637,586,True,illustrative_synthetic
Album_2005_0087,Artist_2005_0087,2005,3.09,75,"Punk, Metal",synthetic,2026-08-08T00:56:44.307637,587,True,illustrative_synthetic
Album_2005_0088,Artist_2005_0088,2005,3.2,196,Hip-Hop,synthetic,2026-08-08T00:56:44.307637,588,True,illustrative_synthetic
Album_2005_0089,Artist_2005_0089,2005,2.31,50,"Hip-Hop, Folk",synthetic,2026-08-08T00:56:44.307637,589,True,illustrative_synthetic
Album_2005_0090,Artist_2005_0090,2005,2.83,245,"Classical, Hip-Hop",synthetic,2026-08-08T00:56:44.307637,590,True,illustrative_synthetic
Album_2005_0091,Artist_2005_0091,2005,3.0,682,Country,synthetic,2026-08-08T00:56:44.307637,591,True,illustrative_synthetic
Album_2005_0092,Artist_2005_0092,2005,3.53,50,Electronic,synthetic,2026-08-08T00:56:44.307637,592,True,illustrative_synthetic
Album_2005_0093,Artist_2005_0093,2005,3.79,202,"Indie Rock, R&B, Metal",synthetic,2026-08-08T00:56:44.307637,593,True,illustrative_synthetic
Album_2005_0094,Artist_2005_0094,2005,2.81,71,"R&B, Jazz",synthetic,2026-08-08T00:56:44.307637,594,True,illustrative_synthetic
Album_2005_0095,Artist_2005_0095,2005,3.49,216,Ambient,synthetic,2026-08-08T00:56:44.307637,595,True,illustrative_synthetic
Album_2005_0096,Artist_2005_0096,2005,3.18,437,"Jazz, Alt. Rock",synthetic,2026-08-08T00:56:44.307637,596,True,illustrative_synthetic
Album_2005_0097,Artist_2005_0097,2005,3.25,50,"Pop, Reggae, R&B",synthetic,2026-08-08T00:56:44.307637,597,True,illustrative_synthetic
Album_2005_0098,Artist_2005_0098,2005,2.79,188,Classical,synthetic,2026-08-08T00:56:44.307637,598,True,illustrative_synthetic
Album_2005_0099,Artist_2005_0099,2005,4.21,50,"Jazz, Country",synthetic,2026-08-08T00:56:44.307637,599,True,illustrative_synthetic
Album_2005_0100,Artist_2005_0100,2005,2.84,230,"Electronic, Reggae, Jazz",synthetic,2026-08-08T00:56:44.307637,600,True,illustrative_synthetic
Album_2006_0001,Artist_2006_0001,2006,3.85,140,"Country, Electronic, Experimental",synthetic,2026-08-08T00:56:44.307637,601,True,illustrative_synthetic
Album_2006_0002,Artist_2006_0002,2006,3.23,242,Blues,synthetic,2026-08-08T00:56:44.307637,602,True,illustrative_synthetic
Album_2006_0003,Artist_2006_0003,2006,3.53,1826,"Metal, Reggae",synthetic,2026-08-08T00:56:44.307637,603,True,illustrative_synthetic
Album_2006_0004,Artist_2006_0004,2006,2.97,196,Punk,synthetic,2026-08-08T00:56:44.307637,604,True,illustrative_synthetic
Album_2006_0005,Artist_2006_0005,2006,3.66,218,"R&B, Reggae",synthetic,2026-08-08T00:56:44.307637,605,True,illustrative_synthetic
Album_2006_0006,Artist_2006_0006,2006,2.55,195,"Folk, Blues",synthetic,2026-08-08T00:56:44.307637,606,True,illustrative_synthetic
Album_2006_0007,Artist_2006_0007,2006,3.03,50,"R&B, Classical, Alt. Rock",synthetic,2026-08-08T00:56:44.307637,607,True,illustrative_synthetic
Album_2006_0008,Artist_2006_0008,2006,3.6,54,Ambient,synthetic,2026-08-08T00:56:44.307637,608,True,illustrative_synthetic
Album_2006_0009,Artist_2006_0009,2006,2.86,96,Pop,synthetic,2026-08-08T00:56:44.307637,609,True,illustrative_synthetic
Album_2006_0010,Artist_2006_0010,2006,3.07,796,"Metal, Experimental",synthetic,2026-08-08T00:56:44.307637,610,True,illustrative_synthetic
Album_2006_0011,Artist_2006_0011,2006,3.84,59,Alt. Rock,synthetic,2026-08-08T00:56:44.307637,611,True,illustrative_synthetic
Album_2006_0012,Artist_2006_0012,2006,3.65,257,"Pop, R&B, Metal",synthetic,2026-08-08T00:56:44.307637,612,True,illustrative_synthetic
Album_2006_0013,Artist_2006_0013,2006,2.28,555,"Pop, R&B",synthetic,2026-08-08T00:56:44.307637,613,True,illustrative_synthetic
Album_2006_0014,Artist_2006_0014,2006,3.04,50,"Hip-Hop, Jazz",synthetic,2026-08-08T00:56:44.307637,614,True,illustrative_synthetic
Album_2006_0015,Artist_2006_0015,2006,2.98,122,"Reggae, Electronic, Jazz",synthetic,2026-08-08T00:56:44.307637,615,True,illustrative_synthetic
Album_2006_0016,Artist_2006_0016,2006,2.8,74,"Ambient, Punk, Alt. Rock",synthetic,2026-08-08T00:56:44.307637,616,True,illustrative_synthetic
Album_2006_0017,Artist_2006_0017,2006,2.54,139,Rock,synthetic,2026-08-08T00:56:44.307637,617,True,illustrative_synthetic
Album_2006_0018,Artist_2006_0018,2006,3.61,99,"Ambient, Experimental, R&B",synthetic,2026-08-08T00:56:44.307637,618,True,illustrative_synthetic
Album_2006_0019,Artist_2006_0019,2006,3.51,392,"Folk, Indie Rock, Jazz",synthetic,2026-08-08T00:56:44.307637,619,True,illustrative_synthetic
Album_2006_0020,Artist_2006_0020,2006,3.52,50,"Pop, Indie Rock, Ambient",synthetic,2026-08-08T00:56:44.307637,620,True,illustrative_synthetic
Album_2006_0021,Artist_2006_0021,2006,2.88,296,"Blues, Classical, Folk",synthetic,2026-08-08T00:56:44.307637,621,True,illustrative_synthetic
Album_2006_0022,Artist_2006_0022,2006,2.47,108,"Blues, Jazz, Metal",synthetic,2026-08-08T00:56:44.307637,622,True,illustrative_synthetic
Album_2006_0023,Artist_2006_0023,2006,2.74,78,"Jazz, Hip-Hop, Metal",synthetic,2026-08-08T00:56:44.307637,623,True,illustrative_synthetic
Album_2006_0024,Artist_2006_0024,2006,3.48,138,Reggae,synthetic,2026-08-08T00:56:44.307637,624,True,illustrative_synthetic
Album_2006_0025,Artist_2006_0025,2006,3.04,50,"Alt. Rock, Experimental, Pop",synthetic,2026-08-08T00:56:44.307637,625,True,illustrative_synthetic
Album_2006_0026,Artist_2006_0026,2006,3.3,677,"Indie Rock, Country",synthetic,2026-08-08T00:56:44.307637,626,True,illustrative_synthetic
Album_2006_0027,Artist_2006_0027,2006,2.86,728,Rock,synthetic,2026-08-08T00:56:44.307637,627,True,illustrative_synthetic
Album_2006_0028,Artist_2006_0028,2006,3.17,65,R&B,synthetic,2026-08-08T00:56:44.307637,628,True,illustrative_synthetic
Album_2006_0029,Artist_2006_0029,2006,3.55,244,"Hip-Hop, Jazz, R&B",synthetic,2026-08-08T00:56:44.307637,629,True,illustrative_synthetic
Album_2006_0030,Artist_2006_0030,2006,3.54,73,"Reggae, Metal",synthetic,2026-08-08T00:56:44.307637,630,True,illustrative_synthetic
Album_2006_0031,Artist_2006_0031,2006,3.65,113,Experimental,synthetic,2026-08-08T00:56:44.307637,631,True,illustrative_synthetic
Album_2006_0032,Artist_2006_0032,2006,2.33,50,"Country, Punk",synthetic,2026-08-08T00:56:44.307637,632,True,illustrative_synthetic
Album_2006_0033,Artist_2006_0033,2006,3.31,341,"Indie Rock, Experimental, Ambient",synthetic,2026-08-08T00:56:44.307637,633,True,illustrative_synthetic
Album_2006_0034,Artist_2006_0034,2006,3.82,531,"Rock, Classical, Metal",synthetic,2026-08-08T00:56:44.307637,634,True,illustrative_synthetic
Album_2006_0035,Artist_2006_0035,2006,3.89,536,Country,synthetic,2026-08-08T00:56:44.307637,635,True,illustrative_synthetic
Album_2006_0036,Artist_2006_0036,2006,3.26,155,"Alt. Rock, R&B",synthetic,2026-08-08T00:56:44.307637,636,True,illustrative_synthetic
Album_2006_0037,Artist_2006_0037,2006,3.43,196,Punk,synthetic,2026-08-08T00:56:44.307637,637,True,illustrative_synthetic
Album_2006_0038,Artist_2006_0038,2006,3.92,195,Reggae,synthetic,2026-08-08T00:56:44.307637,638,True,illustrative_synthetic
Album_2006_0039,Artist_2006_0039,2006,3.13,149,"Alt. Rock, Electronic",synthetic,2026-08-08T00:56:44.307637,639,True,illustrative_synthetic
Album_2006_0040,Artist_2006_0040,2006,3.18,199,"Jazz, Hip-Hop, Metal",synthetic,2026-08-08T00:56:44.307637,640,True,illustrative_synthetic
Album_2006_0041,Artist_2006_0041,2006,3.43,374,"Blues, Ambient",synthetic,2026-08-08T00:56:44.307637,641,True,illustrative_synthetic
Album_2006_0042,Artist_2006_0042,2006,3.63,15111,"Rock, Electronic",synthetic,2026-08-08T00:56:44.307637,642,True,illustrative_synthetic
Album_2006_0043,Artist_2006_0043,2006,3.46,437,"Rock, Blues",synthetic,2026-08-08T00:56:44.307637,643,True,illustrative_synthetic
Album_2006_0044,Artist_2006_0044,2006,3.53,528,"Electronic, Indie Rock",synthetic,2026-08-08T00:56:44.307637,644,True,illustrative_synthetic
Album_2006_0045,Artist_2006_0045,2006,4.02,106,"Metal, Indie Rock, Classical",synthetic,2026-08-08T00:56:44.307637,645,True,illustrative_synthetic
Album_2006_0046,Artist_2006_0046,2006,3.04,296,Ambient,synthetic,2026-08-08T00:56:44.307637,646,True,illustrative_synthetic
Album_2006_0047,Artist_2006_0047,2006,3.06,155,Jazz,synthetic,2026-08-08T00:56:44.307637,647,True,illustrative_synthetic
Album_2006_0048,Artist_2006_0048,2006,3.78,472,"Ambient, Metal, Blues",synthetic,2026-08-08T00:56:44.307637,648,True,illustrative_synthetic
Album_2006_0049,Artist_2006_0049,2006,3.88,90,"R&B, Hip-Hop, Folk",synthetic,2026-08-08T00:56:44.307637,649,True,illustrative_synthetic
Album_2006_0050,Artist_2006_0050,2006,2.49,96,"Electronic, Jazz, Reggae",synthetic,2026-08-08T00:56:44.307637,650,True,illustrative_synthetic
Album_2006_0051,Artist_2006_0051,2006,3.28,402,"Hip-Hop, Country, Folk",synthetic,2026-08-08T00:56:44.307637,651,True,illustrative_synthetic
Album_2006_0052,Artist_2006_0052,2006,3.72,218,"Jazz, Alt. Rock",synthetic,2026-08-08T00:56:44.307637,652,True,illustrative_synthetic
Album_2006_0053,Artist_2006_0053,2006,3.18,63,"Ambient, Metal, Alt. Rock",synthetic,2026-08-08T00:56:44.307637,653,True,illustrative_synthetic
Album_2006_0054,Artist_2006_0054,2006,3.46,1825,Country,synthetic,2026-08-08T00:56:44.307637,654,True,illustrative_synthetic
Album_2006_0055,Artist_2006_0055,2006,3.4,915,"Electronic, Punk",synthetic,2026-08-08T00:56:44.307637,655,True,illustrative_synthetic
Album_2006_0056,Artist_2006_0056,2006,3.71,50,"Country, Classical",synthetic,2026-08-08T00:56:44.307637,656,True,illustrative_synthetic
Album_2006_0057,Artist_2006_0057,2006,2.99,67,"Rock, Metal, Blues",synthetic,2026-08-08T00:56:44.307637,657,True,illustrative_synthetic
Album_2006_0058,Artist_2006_0058,2006,2.85,136,"Experimental, Blues",synthetic,2026-08-08T00:56:44.307637,658,True,illustrative_synthetic
Album_2006_0059,Artist_2006_0059,2006,2.68,144,Experimental,synthetic,2026-08-08T00:56:44.307637,659,True,illustrative_synthetic
Album_2006_0060,Artist_2006_0060,2006,2.97,116,"Folk, Metal",synthetic,2026-08-08T00:56:44.307637,660,True,illustrative_synthetic
Album_2006_0061,Artist_2006_0061,2006,3.21,333,"Punk, Country, Alt. Rock",synthetic,2026-08-08T00:56:44.307637,661,True,illustrative_synthetic
Album_2006_0062,Artist_2006_0062,2006,2.94,66,Hip-Hop,synthetic,2026-08-08T00:56:44.307637,662,True,illustrative_synthetic
Album_2006_0063,Artist_2006_0063,2006,2.99,50,"Punk, Metal, Pop",synthetic,2026-08-08T00:56:44.307637,663,True,illustrative_synthetic
Album_2006_0064,Artist_2006_0064,2006,3.19,50,Country,synthetic,2026-08-08T00:56:44.307637,664,True,illustrative_synthetic
Album_2006_0065,Artist_2006_0065,2006,3.19,392,Country,synthetic,2026-08-08T00:56:44.307637,665,True,illustrative_synthetic
Album_2006_0066,Artist_2006_0066,2006,3.69,50,"Metal, Blues, Country",synthetic,2026-08-08T00:56:44.307637,666,True,illustrative_synthetic
Album_2006_0067,Artist_2006_0067,2006,3.45,50,"R&B, Country, Alt. Rock",synthetic,2026-08-08T00:56:44.307637,667,True,illustrative_synthetic
Album_2006_0068,Artist_2006_0068,2006,3.15,146,"Hip-Hop, Classical",synthetic,2026-08-08T00:56:44.307637,668,True,illustrative_synthetic
Album_2006_0069,Artist_2006_0069,2006,4.17,99,Pop,synthetic,2026-08-08T00:56:44.307637,669,True,illustrative_synthetic
Album_2006_0070,Artist_2006_0070,2006,3.28,50,"Jazz, R&B, Metal",synthetic,2026-08-08T00:56:44.307637,670,True,illustrative_synthetic
Album_2006_0071,Artist_2006_0071,2006,3.32,179,"R&B, Reggae",synthetic,2026-08-08T00:56:44.307637,671,True,illustrative_synthetic
Album_2006_0072,Artist_2006_0072,2006,2.81,124,"Hip-Hop, Pop",synthetic,2026-08-08T00:56:44.307637,672,True,illustrative_synthetic
Album_2006_0073,Artist_2006_0073,2006,3.04,50,Rock,synthetic,2026-08-08T00:56:44.307637,673,True,illustrative_synthetic
Album_2006_0074,Artist_2006_0074,2006,3.1,50,"Jazz, Classical, Pop",synthetic,2026-08-08T00:56:44.307637,674,True,illustrative_synthetic
Album_2006_0075,Artist_2006_0075,2006,3.03,293,"Classical, Indie Rock, Hip-Hop",synthetic,2026-08-08T00:56:44.307637,675,True,illustrative_synthetic
Album_2006_0076,Artist_2006_0076,2006,3.41,50,Blues,synthetic,2026-08-08T00:56:44.307637,676,True,illustrative_synthetic
Album_2006_0077,Artist_2006_0077,2006,3.7,564,"Folk, Ambient, Metal",synthetic,2026-08-08T00:56:44.307637,677,True,illustrative_synthetic
Album_2006_0078,Artist_2006_0078,2006,3.27,70,"Jazz, Reggae, Indie Rock",synthetic,2026-08-08T00:56:44.307637,678,True,illustrative_synthetic
Album_2006_0079,Artist_2006_0079,2006,2.7,50,"Blues, Rock",synthetic,2026-08-08T00:56:44.307637,679,True,illustrative_synthetic
Album_2006_0080,Artist_2006_0080,2006,3.77,155,"Experimental, Classical",synthetic,2026-08-08T00:56:44.307637,680,True,illustrative_synthetic
Album_2006_0081,Artist_2006_0081,2006,3.37,166,"Classical, Electronic",synthetic,2026-08-08T00:56:44.307637,681,True,illustrative_synthetic
Album_2006_0082,Artist_2006_0082,2006,3.55,258,"Folk, Electronic",synthetic,2026-08-08T00:56:44.307637,682,True,illustrative_synthetic
Album_2006_0083,Artist_2006_0083,2006,3.37,83,Reggae,synthetic,2026-08-08T00:56:44.307637,683,True,illustrative_synthetic
Album_2006_0084,Artist_2006_0084,2006,3.49,127,"Metal, Punk",synthetic,2026-08-08T00:56:44.307637,684,True,illustrative_synthetic
Album_2006_0085,Artist_2006_0085,2006,3.24,50,"R&B, Hip-Hop",synthetic,2026-08-08T00:56:44.307637,685,True,illustrative_synthetic
Album_2006_0086,Artist_2006_0086,2006,2.78,141,Metal,synthetic,2026-08-08T00:56:44.307637,686,True,illustrative_synthetic
Album_2006_0087,Artist_2006_0087,2006,2.52,260,Punk,synthetic,2026-08-08T00:56:44.307637,687,True,illustrative_synthetic
Album_2006_0088,Artist_2006_0088,2006,3.06,154,"Rock, Classical",synthetic,2026-08-08T00:56:44.307637,688,True,illustrative_synthetic
Album_2006_0089,Artist_2006_0089,2006,2.71,1504,Country,synthetic,2026-08-08T00:56:44.307637,689,True,illustrative_synthetic
Album_2006_0090,Artist_2006_0090,2006,3.9,288,"Blues, Experimental",synthetic,2026-08-08T00:56:44.307637,690,True,illustrative_synthetic
Album_2006_0091,Artist_2006_0091,2006,2.83,106,"Indie Rock, Reggae",synthetic,2026-08-08T00:56:44.307637,691,True,illustrative_synthetic
Album_2006_0092,Artist_2006_0092,2006,2.87,219,"Pop, Electronic",synthetic,2026-08-08T00:56:44.307637,692,True,illustrative_synthetic
Album_2006_0093,Artist_2006_0093,2006,3.62,154,"Blues, Country, Hip-Hop",synthetic,2026-08-08T00:56:44.307637,693,True,illustrative_synthetic
Album_2006_0094,Artist_2006_0094,2006,3.51,50,"Indie Rock, R&B",synthetic,2026-08-08T00:56:44.307637,694,True,illustrative_synthetic
Album_2006_0095,Artist_2006_0095,2006,3.26,514,Folk,synthetic,2026-08-08T00:56:44.307637,695,True,illustrative_synthetic
Album_2006_0096,Artist_2006_0096,2006,3.47,50,"Experimental, Classical, Indie Rock",synthetic,2026-08-08T00:56:44.307637,696,True,illustrative_synthetic
Album_2006_0097,Artist_2006_0097,2006,2.56,78,Folk,synthetic,2026-08-08T00:56:44.307637,697,True,illustrative_synthetic
Album_2006_0098,Artist_2006_0098,2006,2.99,265,"Hip-Hop, Punk",synthetic,2026-08-08T00:56:44.307637,698,True,illustrative_synthetic
Album_2006_0099,Artist_2006_0099,2006,3.54,84,Blues,synthetic,2026-08-08T00:56:44.307637,699,True,illustrative_synthetic
Album_2006_0100,Artist_2006_0100,2006,3.44,91,"Pop, Classical, Folk",synthetic,2026-08-08T00:56:44.307637,700,True,illustrative_synthetic
Album_2007_0001,Artist_2007_0001,2007,3.45,2163,"Classical, Rock",synthetic,2026-08-08T00:56:44.307637,701,True,illustrative_synthetic
Album_2007_0002,Artist_2007_0002,2007,3.83,50,"Reggae, Classical",synthetic,2026-08-08T00:56:44.307637,702,True,illustrative_synthetic
Album_2007_0003,Artist_2007_0003,2007,3.38,694,"Classical, Rock, Metal",synthetic,2026-08-08T00:56:44.307637,703,True,illustrative_synthetic
Album_2007_0004,Artist_2007_0004,2007,3.05,126,"Alt. Rock, Pop",synthetic,2026-08-08T00:56:44.307637,704,True,illustrative_synthetic
Album_2007_0005,Artist_2007_0005,2007,3.02,183,Alt. Rock,synthetic,2026-08-08T00:56:44.307637,705,True,illustrative_synthetic
Album_2007_0006,Artist_2007_0006,2007,3.0,322,"Metal, Folk, Jazz",synthetic,2026-08-08T00:56:44.307637,706,True,illustrative_synthetic
Album_2007_0007,Artist_2007_0007,2007,3.13,50,"Classical, Experimental, Rock",synthetic,2026-08-08T00:56:44.307637,707,True,illustrative_synthetic
Album_2007_0008,Artist_2007_0008,2007,3.27,141,"Country, Rock, Indie Rock",synthetic,2026-08-08T00:56:44.307637,708,True,illustrative_synthetic
Album_2007_0009,Artist_2007_0009,2007,3.0,50,Pop,synthetic,2026-08-08T00:56:44.307637,709,True,illustrative_synthetic
Album_2007_0010,Artist_2007_0010,2007,3.06,174,"Hip-Hop, Indie Rock",synthetic,2026-08-08T00:56:44.307637,710,True,illustrative_synthetic
Album_2007_0011,Artist_2007_0011,2007,2.64,125,Metal,synthetic,2026-08-08T00:56:44.307637,711,True,illustrative_synthetic
Album_2007_0012,Artist_2007_0012,2007,3.57,50,"Indie Rock, R&B",synthetic,2026-08-08T00:56:44.307637,712,True,illustrative_synthetic
Album_2007_0013,Artist_2007_0013,2007,2.82,50,"Blues, Experimental, Classical",synthetic,2026-08-08T00:56:44.307637,713,True,illustrative_synthetic
Album_2007_0014,Artist_2007_0014,2007,4.23,50,"Rock, Reggae",synthetic,2026-08-08T00:56:44.307637,714,True,illustrative_synthetic
Album_2007_0015,Artist_2007_0015,2007,2.83,80,Rock,synthetic,2026-08-08T00:56:44.307637,715,True,illustrative_synthetic
Album_2007_0016,Artist_2007_0016,2007,3.45,76,"R&B, Reggae",synthetic,2026-08-08T00:56:44.307637,716,True,illustrative_synthetic
Album_2007_0017,Artist_2007_0017,2007,3.16,1376,"Indie Rock, Rock",synthetic,2026-08-08T00:56:44.307637,717,True,illustrative_synthetic
Album_2007_0018,Artist_2007_0018,2007,2.96,1791,"Classical, R&B, Hip-Hop",synthetic,2026-08-08T00:56:44.307637,718,True,illustrative_synthetic
Album_2007_0019,Artist_2007_0019,2007,3.62,50,"Pop, Jazz, Blues",synthetic,2026-08-08T00:56:44.307637,719,True,illustrative_synthetic
Album_2007_0020,Artist_2007_0020,2007,2.9,569,"Punk, Hip-Hop, Electronic",synthetic,2026-08-08T00:56:44.307637,720,True,illustrative_synthetic
Album_2007_0021,Artist_2007_0021,2007,2.64,144,"R&B, Classical",synthetic,2026-08-08T00:56:44.307637,721,True,illustrative_synthetic
Album_2007_0022,Artist_2007_0022,2007,2.79,185,"Jazz, Reggae",synthetic,2026-08-08T00:56:44.307637,722,True,illustrative_synthetic
Album_2007_0023,Artist_2007_0023,2007,3.26,50,"Punk, Folk, Metal",synthetic,2026-08-08T00:56:44.307637,723,True,illustrative_synthetic
Album_2007_0024,Artist_2007_0024,2007,2.47,50,Country,synthetic,2026-08-08T00:56:44.307637,724,True,illustrative_synthetic
Album_2007_0025,Artist_2007_0025,2007,2.7,1692,"Experimental, Hip-Hop, Pop",synthetic,2026-08-08T00:56:44.307637,725,True,illustrative_synthetic
Album_2007_0026,Artist_2007_0026,2007,3.59,200,Country,synthetic,2026-08-08T00:56:44.307637,726,True,illustrative_synthetic
Album_2007_0027,Artist_2007_0027,2007,3.23,50,Ambient,synthetic,2026-08-08T00:56:44.307637,727,True,illustrative_synthetic
Album_2007_0028,Artist_2007_0028,2007,3.29,691,"Jazz, Folk, Metal",synthetic,2026-08-08T00:56:44.307637,728,True,illustrative_synthetic
Album_2007_0029,Artist_2007_0029,2007,3.19,94,"Ambient, Country, Hip-Hop",synthetic,2026-08-08T00:56:44.307637,729,True,illustrative_synthetic
Album_2007_0030,Artist_2007_0030,2007,2.75,508,Pop,synthetic,2026-08-08T00:56:44.307637,730,True,illustrative_synthetic
Album_2007_0031,Artist_2007_0031,2007,2.88,60,"Hip-Hop, Pop, Classical",synthetic,2026-08-08T00:56:44.307637,731,True,illustrative_synthetic
Album_2007_0032,Artist_2007_0032,2007,3.01,220,Hip-Hop,synthetic,2026-08-08T00:56:44.307637,732,True,illustrative_synthetic
Album_2007_0033,Artist_2007_0033,2007,3.69,86,"Ambient, Jazz",synthetic,2026-08-08T00:56:44.307637,733,True,illustrative_synthetic
Album_2007_0034,Artist_2007_0034,2007,3.04,383,"Blues, Hip-Hop",synthetic,2026-08-08T00:56:44.307637,734,True,illustrative_synthetic
Album_2007_0035,Artist_2007_0035,2007,3.37,50,"Jazz, Classical, Electronic",synthetic,2026-08-08T00:56:44.307637,735,True,illustrative_synthetic
Album_2007_0036,Artist_2007_0036,2007,3.59,172,"Hip-Hop, Experimental, Jazz",synthetic,2026-08-08T00:56:44.307637,736,True,illustrative_synthetic
Album_2007_0037,Artist_2007_0037,2007,2.96,63,"Ambient, Classical, R&B",synthetic,2026-08-08T00:56:44.307637,737,True,illustrative_synthetic
Album_2007_0038,Artist_2007_0038,2007,3.1,50,"Blues, Electronic, Alt. Rock",synthetic,2026-08-08T00:56:44.307637,738,True,illustrative_synthetic
Album_2007_0039,Artist_2007_0039,2007,2.93,123,Alt. Rock,synthetic,2026-08-08T00:56:44.307637,739,True,illustrative_synthetic
Album_2007_0040,Artist_2007_0040,2007,3.8,611,"Country, Classical",synthetic,2026-08-08T00:56:44.307637,740,True,illustrative_synthetic
Album_2007_0041,Artist_2007_0041,2007,3.74,77,Pop,synthetic,2026-08-08T00:56:44.307637,741,True,illustrative_synthetic
Album_2007_0042,Artist_2007_0042,2007,3.18,71,"R&B, Punk",synthetic,2026-08-08T00:56:44.307637,742,True,illustrative_synthetic
Album_2007_0043,Artist_2007_0043,2007,3.52,1592,Electronic,synthetic,2026-08-08T00:56:44.307637,743,True,illustrative_synthetic
Album_2007_0044,Artist_2007_0044,2007,3.53,51,"Rock, Metal",synthetic,2026-08-08T00:56:44.307637,744,True,illustrative_synthetic
Album_2007_0045,Artist_2007_0045,2007,2.38,350,Metal,synthetic,2026-08-08T00:56:44.307637,745,True,illustrative_synthetic
Album_2007_0046,Artist_2007_0046,2007,3.27,158,"Experimental, Alt. Rock, Indie Rock",synthetic,2026-08-08T00:56:44.307637,746,True,illustrative_synthetic
Album_2007_0047,Artist_2007_0047,2007,3.35,50,"Rock, Pop",synthetic,2026-08-08T00:56:44.307637,747,True,illustrative_synthetic
Album_2007_0048,Artist_2007_0048,2007,3.79,421,"Blues, Indie Rock, Classical",synthetic,2026-08-08T00:56:44.307637,748,True,illustrative_synthetic
Album_2007_0049,Artist_2007_0049,2007,3.21,358,Reggae,synthetic,2026-08-08T00:56:44.307637,749,True,illustrative_synthetic
Album_2007_0050,Artist_2007_0050,2007,3.28,283,"Punk, Jazz",synthetic,2026-08-08T00:56:44.307637,750,True,illustrative_synthetic
Album_2007_0051,Artist_2007_0051,2007,2.92,72,"Pop, Alt. Rock, Ambient",synthetic,2026-08-08T00:56:44.307637,751,True,illustrative_synthetic
Album_2007_0052,Artist_2007_0052,2007,3.85,184,Ambient,synthetic,2026-08-08T00:56:44.307637,752,True,illustrative_synthetic
Album_2007_0053,Artist_2007_0053,2007,2.7,50,"Jazz, Classical",synthetic,2026-08-08T00:56:44.307637,753,True,illustrative_synthetic
Album_2007_0054,Artist_2007_0054,2007,3.86,162,Experimental,synthetic,2026-08-08T00:56:44.307637,754,True,illustrative_synthetic
Album_2007_0055,Artist_2007_0055,2007,3.49,50,Reggae,synthetic,2026-08-08T00:56:44.307637,755,True,illustrative_synthetic
Album_2007_0056,Artist_2007_0056,2007,4.19,207,"Jazz, Experimental, Rock",synthetic,2026-08-08T00:56:44.307637,756,True,illustrative_synthetic
Album_2007_0057,Artist_2007_0057,2007,3.56,50,"Reggae, Electronic",synthetic,2026-08-08T00:56:44.307637,757,True,illustrative_synthetic
Album_2007_0058,Artist_2007_0058,2007,4.02,2973,Reggae,synthetic,2026-08-08T00:56:44.307637,758,True,illustrative_synthetic
Album_2007_0059,Artist_2007_0059,2007,3.04,420,Experimental,synthetic,2026-08-08T00:56:44.307637,759,True,illustrative_synthetic
Album_2007_0060,Artist_2007_0060,2007,3.12,50,Electronic,synthetic,2026-08-08T00:56:44.307637,760,True,illustrative_synthetic
Album_2007_0061,Artist_2007_0061,2007,3.09,119,"R&B, Punk, Metal",synthetic,2026-08-08T00:56:44.307637,761,True,illustrative_synthetic
Album_2007_0062,Artist_2007_0062,2007,2.98,52,"Blues, Rock, Ambient",synthetic,2026-08-08T00:56:44.307637,762,True,illustrative_synthetic
Album_2007_0063,Artist_2007_0063,2007,2.41,4562,Folk,synthetic,2026-08-08T00:56:44.307637,763,True,illustrative_synthetic
Album_2007_0064,Artist_2007_0064,2007,3.39,50,Rock,synthetic,2026-08-08T00:56:44.307637,764,True,illustrative_synthetic
Album_2007_0065,Artist_2007_0065,2007,3.23,50,Country,synthetic,2026-08-08T00:56:44.307637,765,True,illustrative_synthetic
Album_2007_0066,Artist_2007_0066,2007,3.34,345,Punk,synthetic,2026-08-08T00:56:44.307637,766,True,illustrative_synthetic
Album_2007_0067,Artist_2007_0067,2007,2.74,155,"Hip-Hop, Indie Rock",synthetic,2026-08-08T00:56:44.307637,767,True,illustrative_synthetic
Album_2007_0068,Artist_2007_0068,2007,3.28,392,"Punk, Experimental",synthetic,2026-08-08T00:56:44.307637,768,True,illustrative_synthetic
Album_2007_0069,Artist_2007_0069,2007,3.73,98,Hip-Hop,synthetic,2026-08-08T00:56:44.307637,769,True,illustrative_synthetic
Album_2007_0070,Artist_2007_0070,2007,3.03,158,"Experimental, Pop, Hip-Hop",synthetic,2026-08-08T00:56:44.307637,770,True,illustrative_synthetic
Album_2007_0071,Artist_2007_0071,2007,3.58,50,Jazz,synthetic,2026-08-08T00:56:44.307637,771,True,illustrative_synthetic
Album_2007_0072,Artist_2007_0072,2007,2.86,185,Hip-Hop,synthetic,2026-08-08T00:56:44.307637,772,True,illustrative_synthetic
Album_2007_0073,Artist_2007_0073,2007,3.05,889,Folk,synthetic,2026-08-08T00:56:44.307637,773,True,illustrative_synthetic
Album_2007_0074,Artist_2007_0074,2007,3.04,50,"Indie Rock, Alt. Rock, Pop",synthetic,2026-08-08T00:56:44.307637,774,True,illustrative_synthetic
Album_2007_0075,Artist_2007_0075,2007,4.22,50,Ambient,synthetic,2026-08-08T00:56:44.307637,775,True,illustrative_synthetic
Album_2007_0076,Artist_2007_0076,2007,3.23,50,"Electronic, Reggae",synthetic,2026-08-08T00:56:44.307637,776,True,illustrative_synthetic
Album_2007_0077,Artist_2007_0077,2007,3.57,146,Alt. Rock,synthetic,2026-08-08T00:56:44.307637,777,True,illustrative_synthetic
Album_2007_0078,Artist_2007_0078,2007,3.54,199,Jazz,synthetic,2026-08-08T00:56:44.307637,778,True,illustrative_synthetic
Album_2007_0079,Artist_2007_0079,2007,3.23,1959,Rock,synthetic,2026-08-08T00:56:44.307637,779,True,illustrative_synthetic
Album_2007_0080,Artist_2007_0080,2007,3.65,50,"Indie Rock, Metal",synthetic,2026-08-08T00:56:44.307637,780,True,illustrative_synthetic
Album_2007_0081,Artist_2007_0081,2007,3.02,133,"Pop, Ambient",synthetic,2026-08-08T00:56:44.307637,781,True,illustrative_synthetic
Album_2007_0082,Artist_2007_0082,2007,2.87,50,Alt. Rock,synthetic,2026-08-08T00:56:44.307637,782,True,illustrative_synthetic
Album_2007_0083,Artist_2007_0083,2007,3.72,1307,Electronic,synthetic,2026-08-08T00:56:44.307637,783,True,illustrative_synthetic
Album_2007_0084,Artist_2007_0084,2007,2.92,50,"Classical, Country, Pop",synthetic,2026-08-08T00:56:44.307637,784,True,illustrative_synthetic
Album_2007_0085,Artist_2007_0085,2007,4.03,465,"Metal, Experimental",synthetic,2026-08-08T00:56:44.307637,785,True,illustrative_synthetic
Album_2007_0086,Artist_2007_0086,2007,3.54,65,"Indie Rock, R&B, Reggae",synthetic,2026-08-08T00:56:44.307637,786,True,illustrative_synthetic
Album_2007_0087,Artist_2007_0087,2007,3.28,137,"Indie Rock, Hip-Hop, Country",synthetic,2026-08-08T00:56:44.307637,787,True,illustrative_synthetic
Album_2007_0088,Artist_2007_0088,2007,3.88,175,Hip-Hop,synthetic,2026-08-08T00:56:44.307637,788,True,illustrative_synthetic
Album_2007_0089,Artist_2007_0089,2007,3.53,50,"Indie Rock, Pop",synthetic,2026-08-08T00:56:44.307637,789,True,illustrative_synthetic
Album_2007_0090,Artist_2007_0090,2007,2.73,689,"Classical, Metal, Pop",synthetic,2026-08-08T00:56:44.307637,790,True,illustrative_synthetic
Album_2007_0091,Artist_2007_0091,2007,3.33,469,"Alt. Rock, Metal",synthetic,2026-08-08T00:56:44.307637,791,True,illustrative_synthetic
Album_2007_0092,Artist_2007_0092,2007,2.94,305,"Country, Blues",synthetic,2026-08-08T00:56:44.307637,792,True,illustrative_synthetic
Album_2007_0093,Artist_2007_0093,2007,3.25,50,Electronic,synthetic,2026-08-08T00:56:44.307637,793,True,illustrative_synthetic
Album_2007_0094,Artist_2007_0094,2007,2.78,50,Punk,synthetic,2026-08-08T00:56:44.307637,794,True,illustrative_synthetic
Album_2007_0095,Artist_2007_0095,2007,3.44,289,"Ambient, Alt. Rock, Hip-Hop",synthetic,2026-08-08T00:56:44.307637,795,True,illustrative_synthetic
Album_2007_0096,Artist_2007_0096,2007,3.14,88,Metal,synthetic,2026-08-08T00:56:44.307637,796,True,illustrative_synthetic
Album_2007_0097,Artist_2007_0097,2007,3.38,1016,Alt. Rock,synthetic,2026-08-08T00:56:44.307637,797,True,illustrative_synthetic
Album_2007_0098,Artist_2007_0098,2007,3.94,83,"Punk, Alt. Rock, Reggae",synthetic,2026-08-08T00:56:44.307637,798,True,illustrative_synthetic
Album_2007_0099,Artist_2007_0099,2007,3.18,120,Folk,synthetic,2026-08-08T00:56:44.307637,799,True,illustrative_synthetic
Album_2007_0100,Artist_2007_0100,2007,4.3,158,"R&B, Electronic",synthetic,2026-08-08T00:56:44.307637,800,True,illustrative_synthetic
Album_2008_0001,Artist_2008_0001,2008,3.23,461,Pop,synthetic,2026-08-08T00:56:44.307637,801,True,illustrative_synthetic
Album_2008_0002,Artist_2008_0002,2008,3.52,80,"Blues, Country",synthetic,2026-08-08T00:56:44.307637,802,True,illustrative_synthetic
Album_2008_0003,Artist_2008_0003,2008,3.0,520,Electronic,synthetic,2026-08-08T00:56:44.307637,803,True,illustrative_synthetic
Album_2008_0004,Artist_2008_0004,2008,3.67,210,Ambient,synthetic,2026-08-08T00:56:44.307637,804,True,illustrative_synthetic
Album_2008_0005,Artist_2008_0005,2008,3.26,50,Country,synthetic,2026-08-08T00:56:44.307637,805,True,illustrative_synthetic
Album_2008_0006,Artist_2008_0006,2008,3.59,50,"Indie Rock, Experimental, Folk",synthetic,2026-08-08T00:56:44.307637,806,True,illustrative_synthetic
Album_2008_0007,Artist_2008_0007,2008,2.65,342,Classical,synthetic,2026-08-08T00:56:44.307637,807,True,illustrative_synthetic
Album_2008_0008,Artist_2008_0008,2008,3.52,78,Punk,synthetic,2026-08-08T00:56:44.307637,808,True,illustrative_synthetic
Album_2008_0009,Artist_2008_0009,2008,2.96,118,"Jazz, Metal, Electronic",synthetic,2026-08-08T00:56:44.307637,809,True,illustrative_synthetic
Album_2008_0010,Artist_2008_0010,2008,3.28,891,Hip-Hop,synthetic,2026-08-08T00:56:44.307637,810,True,illustrative_synthetic
Album_2008_0011,Artist_2008_0011,2008,3.67,87,Experimental,synthetic,2026-08-08T00:56:44.307637,811,True,illustrative_synthetic
Album_2008_0012,Artist_2008_0012,2008,3.66,198,"Jazz, Ambient",synthetic,2026-08-08T00:56:44.307637,812,True,illustrative_synthetic
Album_2008_0013,Artist_2008_0013,2008,3.13,233,"Punk, Electronic, Experimental",synthetic,2026-08-08T00:56:44.307637,813,True,illustrative_synthetic
Album_2008_0014,Artist_2008_0014,2008,3.38,50,Jazz,synthetic,2026-08-08T00:56:44.307637,814,True,illustrative_synthetic
Album_2008_0015,Artist_2008_0015,2008,3.26,2260,Folk,synthetic,2026-08-08T00:56:44.307637,815,True,illustrative_synthetic
Album_2008_0016,Artist_2008_0016,2008,2.84,50,"Metal, Experimental",synthetic,2026-08-08T00:56:44.307637,816,True,illustrative_synthetic
Album_2008_0017,Artist_2008_0017,2008,3.73,488,R&B,synthetic,2026-08-08T00:56:44.307637,817,True,illustrative_synthetic
Album_2008_0018,Artist_2008_0018,2008,3.82,180,"Ambient, R&B, Folk",synthetic,2026-08-08T00:56:44.307637,818,True,illustrative_synthetic
Album_2008_0019,Artist_2008_0019,2008,3.01,87,"Pop, Blues",synthetic,2026-08-08T00:56:44.307637,819,True,illustrative_synthetic
Album_2008_0020,Artist_2008_0020,2008,2.73,50,"Indie Rock, Country, Jazz",synthetic,2026-08-08T00:56:44.307637,820,True,illustrative_synthetic
Album_2008_0021,Artist_2008_0021,2008,2.82,1492,"Blues, R&B, Classical",synthetic,2026-08-08T00:56:44.307637,821,True,illustrative_synthetic
Album_2008_0022,Artist_2008_0022,2008,3.54,50,Alt. Rock,synthetic,2026-08-08T00:56:44.307637,822,True,illustrative_synthetic
Album_2008_0023,Artist_2008_0023,2008,3.69,50,"Metal, Pop, Indie Rock",synthetic,2026-08-08T00:56:44.307637,823,True,illustrative_synthetic
Album_2008_0024,Artist_2008_0024,2008,3.38,3753,"Classical, Jazz",synthetic,2026-08-08T00:56:44.307637,824,True,illustrative_synthetic
Album_2008_0025,Artist_2008_0025,2008,3.32,51,"Jazz, Classical, Folk",synthetic,2026-08-08T00:56:44.307637,825,True,illustrative_synthetic
Album_2008_0026,Artist_2008_0026,2008,3.1,50,Pop,synthetic,2026-08-08T00:56:44.307637,826,True,illustrative_synthetic
Album_2008_0027,Artist_2008_0027,2008,3.91,50,"R&B, Classical",synthetic,2026-08-08T00:56:44.307637,827,True,illustrative_synthetic
Album_2008_0028,Artist_2008_0028,2008,2.81,119,Metal,synthetic,2026-08-08T00:56:44.307637,828,True,illustrative_synthetic
Album_2008_0029,Artist_2008_0029,2008,3.05,87,Electronic,synthetic,2026-08-08T00:56:44.307637,829,True,illustrative_synthetic
Album_2008_0030,Artist_2008_0030,2008,3.23,77,"Punk, Hip-Hop, Experimental",synthetic,2026-08-08T00:56:44.307637,830,True,illustrative_synthetic
Album_2008_0031,Artist_2008_0031,2008,3.18,50,"Reggae, Electronic",synthetic,2026-08-08T00:56:44.307637,831,True,illustrative_synthetic
Album_2008_0032,Artist_2008_0032,2008,3.63,161,Rock,synthetic,2026-08-08T00:56:44.307637,832,True,illustrative_synthetic
Album_2008_0033,Artist_2008_0033,2008,3.09,439,"Experimental, Hip-Hop",synthetic,2026-08-08T00:56:44.307637,833,True,illustrative_synthetic
Album_2008_0034,Artist_2008_0034,2008,3.77,50,Classical,synthetic,2026-08-08T00:56:44.307637,834,True,illustrative_synthetic
Album_2008_0035,Artist_2008_0035,2008,2.7,120,"Punk, Classical, Pop",synthetic,2026-08-08T00:56:44.307637,835,True,illustrative_synthetic
Album_2008_0036,Artist_2008_0036,2008,3.36,50,Reggae,synthetic,2026-08-08T00:56:44.307637,836,True,illustrative_synthetic
Album_2008_0037,Artist_2008_0037,2008,3.02,50,"Alt. Rock, R&B",synthetic,2026-08-08T00:56:44.307637,837,True,illustrative_synthetic
Album_2008_0038,Artist_2008_0038,2008,3.31,1367,"Folk, Metal",synthetic,2026-08-08T00:56:44.307637,838,True,illustrative_synthetic
Album_2008_0039,Artist_2008_0039,2008,3.64,1590,"Blues, Punk",synthetic,2026-08-08T00:56:44.307637,839,True,illustrative_synthetic
Album_2008_0040,Artist_2008_0040,2008,3.53,243,"Country, R&B, Reggae",synthetic,2026-08-08T00:56:44.307637,840,True,illustrative_synthetic
Album_2008_0041,Artist_2008_0041,2008,3.18,50,"Punk, Pop",synthetic,2026-08-08T00:56:44.307637,841,True,illustrative_synthetic
Album_2008_0042,Artist_2008_0042,2008,3.18,436,"Reggae, Ambient, Electronic",synthetic,2026-08-08T00:56:44.307637,842,True,illustrative_synthetic
Album_2008_0043,Artist_2008_0043,2008,3.12,50,"Electronic, Blues, R&B",synthetic,2026-08-08T00:56:44.307637,843,True,illustrative_synthetic
Album_2008_0044,Artist_2008_0044,2008,3.48,253,"R&B, Alt. Rock, Rock",synthetic,2026-08-08T00:56:44.307637,844,True,illustrative_synthetic
Album_2008_0045,Artist_2008_0045,2008,3.23,112,"Classical, Hip-Hop, Reggae",synthetic,2026-08-08T00:56:44.307637,845,True,illustrative_synthetic
Album_2008_0046,Artist_2008_0046,2008,3.15,50,"Jazz, Folk",synthetic,2026-08-08T00:56:44.307637,846,True,illustrative_synthetic
Album_2008_0047,Artist_2008_0047,2008,3.11,50,Blues,synthetic,2026-08-08T00:56:44.307637,847,True,illustrative_synthetic
Album_2008_0048,Artist_2008_0048,2008,3.56,178,Punk,synthetic,2026-08-08T00:56:44.307637,848,True,illustrative_synthetic
Album_2008_0049,Artist_2008_0049,2008,3.35,50,"Punk, R&B",synthetic,2026-08-08T00:56:44.307637,849,True,illustrative_synthetic
Album_2008_0050,Artist_2008_0050,2008,3.27,454,"Ambient, Alt. Rock",synthetic,2026-08-08T00:56:44.307637,850,True,illustrative_synthetic
Album_2008_0051,Artist_2008_0051,2008,3.11,50,Classical,synthetic,2026-08-08T00:56:44.307637,851,True,illustrative_synthetic
Album_2008_0052,Artist_2008_0052,2008,2.84,1271,"Indie Rock, Experimental",synthetic,2026-08-08T00:56:44.307637,852,True,illustrative_synthetic
Album_2008_0053,Artist_2008_0053,2008,3.33,50,Indie Rock,synthetic,2026-08-08T00:56:44.307637,853,True,illustrative_synthetic
Album_2008_0054,Artist_2008_0054,2008,2.74,965,Metal,synthetic,2026-08-08T00:56:44.307637,854,True,illustrative_synthetic
Album_2008_0055,Artist_2008_0055,2008,3.37,201,Metal,synthetic,2026-08-08T00:56:44.307637,855,True,illustrative_synthetic
Album_2008_0056,Artist_2008_0056,2008,2.63,554,"Experimental, Indie Rock, R&B",synthetic,2026-08-08T00:56:44.307637,856,True,illustrative_synthetic
Album_2008_0057,Artist_2008_0057,2008,3.5,507,Reggae,synthetic,2026-08-08T00:56:44.307637,857,True,illustrative_synthetic
Album_2008_0058,Artist_2008_0058,2008,3.14,50,Ambient,synthetic,2026-08-08T00:56:44.307637,858,True,illustrative_synthetic
Album_2008_0059,Artist_2008_0059,2008,4.0,3925,"Rock, Indie Rock",synthetic,2026-08-08T00:56:44.307637,859,True,illustrative_synthetic
Album_2008_0060,Artist_2008_0060,2008,3.24,268,Experimental,synthetic,2026-08-08T00:56:44.307637,860,True,illustrative_synthetic
Album_2008_0061,Artist_2008_0061,2008,3.04,162,"Folk, Blues, Ambient",synthetic,2026-08-08T00:56:44.307637,861,True,illustrative_synthetic
Album_2008_0062,Artist_2008_0062,2008,3.48,91,"Punk, R&B",synthetic,2026-08-08T00:56:44.307637,862,True,illustrative_synthetic
Album_2008_0063,Artist_2008_0063,2008,2.5,791,Reggae,synthetic,2026-08-08T00:56:44.307637,863,True,illustrative_synthetic
Album_2008_0064,Artist_2008_0064,2008,3.58,121,"Punk, Electronic",synthetic,2026-08-08T00:56:44.307637,864,True,illustrative_synthetic
Album_2008_0065,Artist_2008_0065,2008,2.75,301,Alt. Rock,synthetic,2026-08-08T00:56:44.307637,865,True,illustrative_synthetic
Album_2008_0066,Artist_2008_0066,2008,3.1,371,"R&B, Classical, Jazz",synthetic,2026-08-08T00:56:44.307637,866,True,illustrative_synthetic
Album_2008_0067,Artist_2008_0067,2008,3.23,805,"Rock, Classical",synthetic,2026-08-08T00:56:44.307637,867,True,illustrative_synthetic
Album_2008_0068,Artist_2008_0068,2008,3.1,102,"Punk, Rock, Metal",synthetic,2026-08-08T00:56:44.307637,868,True,illustrative_synthetic
Album_2008_0069,Artist_2008_0069,2008,3.3,265,"Indie Rock, Experimental",synthetic,2026-08-08T00:56:44.307637,869,True,illustrative_synthetic
Album_2008_0070,Artist_2008_0070,2008,3.67,182,"Folk, Ambient, Rock",synthetic,2026-08-08T00:56:44.307637,870,True,illustrative_synthetic
Album_2008_0071,Artist_2008_0071,2008,3.46,1985,"Punk, Hip-Hop",synthetic,2026-08-08T00:56:44.307637,871,True,illustrative_synthetic
Album_2008_0072,Artist_2008_0072,2008,3.81,302,"Blues, Punk, Experimental",synthetic,2026-08-08T00:56:44.307637,872,True,illustrative_synthetic
Album_2008_0073,Artist_2008_0073,2008,2.99,50,"Blues, Ambient",synthetic,2026-08-08T00:56:44.307637,873,True,illustrative_synthetic
Album_2008_0074,Artist_2008_0074,2008,3.27,50,"Experimental, Rock, Electronic",synthetic,2026-08-08T00:56:44.307637,874,True,illustrative_synthetic
Album_2008_0075,Artist_2008_0075,2008,3.08,50,"Country, Indie Rock",synthetic,2026-08-08T00:56:44.307637,875,True,illustrative_synthetic
Album_2008_0076,Artist_2008_0076,2008,2.62,50,"Punk, Metal",synthetic,2026-08-08T00:56:44.307637,876,True,illustrative_synthetic
Album_2008_0077,Artist_2008_0077,2008,3.83,168,"Hip-Hop, Metal, Jazz",synthetic,2026-08-08T00:56:44.307637,877,True,illustrative_synthetic
Album_2008_0078,Artist_2008_0078,2008,3.56,1050,"Hip-Hop, Jazz",synthetic,2026-08-08T00:56:44.307637,878,True,illustrative_synthetic
Album_2008_0079,Artist_2008_0079,2008,2.7,83,"Electronic, Hip-Hop, Blues",synthetic,2026-08-08T00:56:44.307637,879,True,illustrative_synthetic
Album_2008_0080,Artist_2008_0080,2008,3.82,133,Metal,synthetic,2026-08-08T00:56:44.307637,880,True,illustrative_synthetic
Album_2008_0081,Artist_2008_0081,2008,3.13,50,Ambient,synthetic,2026-08-08T00:56:44.307637,881,True,illustrative_synthetic
Album_2008_0082,Artist_2008_0082,2008,2.72,59,"Classical, Folk",synthetic,2026-08-08T00:56:44.307637,882,True,illustrative_synthetic
Album_2008_0083,Artist_2008_0083,2008,3.7,50,Country,synthetic,2026-08-08T00:56:44.307637,883,True,illustrative_synthetic
Album_2008_0084,Artist_2008_0084,2008,3.77,50,R&B,synthetic,2026-08-08T00:56:44.307637,884,True,illustrative_synthetic
Album_2008_0085,Artist_2008_0085,2008,3.54,171,Alt. Rock,synthetic,2026-08-08T00:56:44.307637,885,True,illustrative_synthetic
Album_2008_0086,Artist_2008_0086,2008,3.15,92,"Metal, Rock, Pop",synthetic,2026-08-08T00:56:44.307637,886,True,illustrative_synthetic
Album_2008_0087,Artist_2008_0087,2008,3.82,59,"Electronic, Hip-Hop, Punk",synthetic,2026-08-08T00:56:44.307637,887,True,illustrative_synthetic
Album_2008_0088,Artist_2008_0088,2008,3.49,440,"Punk, Rock",synthetic,2026-08-08T00:56:44.307637,888,True,illustrative_synthetic
Album_2008_0089,Artist_2008_0089,2008,2.77,50,R&B,synthetic,2026-08-08T00:56:44.307637,889,True,illustrative_synthetic
Album_2008_0090,Artist_2008_0090,2008,3.18,180,"Electronic, Alt. Rock",synthetic,2026-08-08T00:56:44.307637,890,True,illustrative_synthetic
Album_2008_0091,Artist_2008_0091,2008,3.45,81,Indie Rock,synthetic,2026-08-08T00:56:44.307637,891,True,illustrative_synthetic
Album_2008_0092,Artist_2008_0092,2008,3.68,259,"Pop, Country, Ambient",synthetic,2026-08-08T00:56:44.307637,892,True,illustrative_synthetic
Album_2008_0093,Artist_2008_0093,2008,3.43,50,R&B,synthetic,2026-08-08T00:56:44.307637,893,True,illustrative_synthetic
Album_2008_0094,Artist_2008_0094,2008,3.51,778,"R&B, Hip-Hop, Indie Rock",synthetic,2026-08-08T00:56:44.307637,894,True,illustrative_synthetic
Album_2008_0095,Artist_2008_0095,2008,2.88,146,"Rock, Experimental",synthetic,2026-08-08T00:56:44.307637,895,True,illustrative_synthetic
Album_2008_0096,Artist_2008_0096,2008,2.63,109,"Punk, Classical, Reggae",synthetic,2026-08-08T00:56:44.307637,896,True,illustrative_synthetic
Album_2008_0097,Artist_2008_0097,2008,3.39,103,Country,synthetic,2026-08-08T00:56:44.307637,897,True,illustrative_synthetic
Album_2008_0098,Artist_2008_0098,2008,3.62,50,"Rock, Blues, Hip-Hop",synthetic,2026-08-08T00:56:44.307637,898,True,illustrative_synthetic
Album_2008_0099,Artist_2008_0099,2008,3.39,774,Punk,synthetic,2026-08-08T00:56:44.307637,899,True,illustrative_synthetic
Album_2008_0100,Artist_2008_0100,2008,3.14,50,Electronic,synthetic,2026-08-08T00:56:44.307637,900,True,illustrative_synthetic
Album_2009_0001,Artist_2009_0001,2009,3.69,850,"Folk, Experimental, Rock",synthetic,2026-08-08T00:56:44.307637,901,True,illustrative_synthetic
Album_2009_0002,Artist_2009_0002,2009,3.68,61,Ambient,synthetic,2026-08-08T00:56:44.307637,902,True,illustrative_synthetic
Album_2009_0003,Artist_2009_0003,2009,3.17,246,"Ambient, Indie Rock, Electronic",synthetic,2026-08-08T00:56:44.307637,903,True,illustrative_synthetic
Album_2009_0004,Artist_2009_0004,2009,3.55,74,Metal,synthetic,2026-08-08T00:56:44.307637,904,True,illustrative_synthetic
Album_2009_0005,Artist_2009_0005,2009,3.2,150,"Alt. Rock, Ambient",synthetic,2026-08-08T00:56:44.307637,905,True,illustrative_synthetic
Album_2009_0006,Artist_2009_0006,2009,2.79,103,"Alt. Rock, Jazz",synthetic,2026-08-08T00:56:44.307637,906,True,illustrative_synthetic
Album_2009_0007,Artist_2009_0007,2009,3.58,87,"Blues, Rock, Experimental",synthetic,2026-08-08T00:56:44.307637,907,True,illustrative_synthetic
Album_2009_0008,Artist_2009_0008,2009,2.51,50,"Blues, Pop",synthetic,2026-08-08T00:56:44.307637,908,True,illustrative_synthetic
Album_2009_0009,Artist_2009_0009,2009,2.73,90,"Metal, Jazz",synthetic,2026-08-08T00:56:44.307637,909,True,illustrative_synthetic
Album_2009_0010,Artist_2009_0010,2009,3.24,432,"Ambient, Metal, Experimental",synthetic,2026-08-08T00:56:44.307637,910,True,illustrative_synthetic
Album_2009_0011,Artist_2009_0011,2009,2.95,2493,"Ambient, Metal, Country",synthetic,2026-08-08T00:56:44.307637,911,True,illustrative_synthetic
Album_2009_0012,Artist_2009_0012,2009,3.45,50,Alt. Rock,synthetic,2026-08-08T00:56:44.307637,912,True,illustrative_synthetic
Album_2009_0013,Artist_2009_0013,2009,3.1,220,"Electronic, Folk, Jazz",synthetic,2026-08-08T00:56:44.307637,913,True,illustrative_synthetic
Album_2009_0014,Artist_2009_0014,2009,4.23,414,"Metal, Classical",synthetic,2026-08-08T00:56:44.307637,914,True,illustrative_synthetic
Album_2009_0015,Artist_2009_0015,2009,3.59,97,"Electronic, Ambient",synthetic,2026-08-08T00:56:44.307637,915,True,illustrative_synthetic
Album_2009_0016,Artist_2009_0016,2009,3.25,335,Metal,synthetic,2026-08-08T00:56:44.307637,916,True,illustrative_synthetic
Album_2009_0017,Artist_2009_0017,2009,3.04,50,Folk,synthetic,2026-08-08T00:56:44.307637,917,True,illustrative_synthetic
Album_2009_0018,Artist_2009_0018,2009,3.32,67,"Classical, Country",synthetic,2026-08-08T00:56:44.307637,918,True,illustrative_synthetic
Album_2009_0019,Artist_2009_0019,2009,2.99,50,"Metal, Pop",synthetic,2026-08-08T00:56:44.307637,919,True,illustrative_synthetic
Album_2009_0020,Artist_2009_0020,2009,3.02,90,"Ambient, Hip-Hop, Alt. Rock",synthetic,2026-08-08T00:56:44.307637,920,True,illustrative_synthetic
Album_2009_0021,Artist_2009_0021,2009,3.29,606,"Alt. Rock, Country, Rock",synthetic,2026-08-08T00:56:44.307637,921,True,illustrative_synthetic
Album_2009_0022,Artist_2009_0022,2009,3.74,52,Experimental,synthetic,2026-08-08T00:56:44.307637,922,True,illustrative_synthetic
Album_2009_0023,Artist_2009_0023,2009,3.2,682,Folk,synthetic,2026-08-08T00:56:44.307637,923,True,illustrative_synthetic
Album_2009_0024,Artist_2009_0024,2009,3.8,342,"Blues, Pop, Classical",synthetic,2026-08-08T00:56:44.307637,924,True,illustrative_synthetic
Album_2009_0025,Artist_2009_0025,2009,3.23,759,Reggae,synthetic,2026-08-08T00:56:44.307637,925,True,illustrative_synthetic
Album_2009_0026,Artist_2009_0026,2009,2.68,143,"Punk, Country, Hip-Hop",synthetic,2026-08-08T00:56:44.307637,926,True,illustrative_synthetic
Album_2009_0027,Artist_2009_0027,2009,3.84,50,"Folk, Jazz",synthetic,2026-08-08T00:56:44.307637,927,True,illustrative_synthetic
Album_2009_0028,Artist_2009_0028,2009,3.41,345,Electronic,synthetic,2026-08-08T00:56:44.307637,928,True,illustrative_synthetic
Album_2009_0029,Artist_2009_0029,2009,2.9,191,"Metal, Ambient, Alt. Rock",synthetic,2026-08-08T00:56:44.307637,929,True,illustrative_synthetic
Album_2009_0030,Artist_2009_0030,2009,3.39,162,"Alt. Rock, Rock, Hip-Hop",synthetic,2026-08-08T00:56:44.307637,930,True,illustrative_synthetic
Album_2009_0031,Artist_2009_0031,2009,2.57,163,Pop,synthetic,2026-08-08T00:56:44.307637,931,True,illustrative_synthetic
Album_2009_0032,Artist_2009_0032,2009,3.48,56,Country,synthetic,2026-08-08T00:56:44.307637,932,True,illustrative_synthetic
Album_2009_0033,Artist_2009_0033,2009,2.72,50,Pop,synthetic,2026-08-08T00:56:44.307637,933,True,illustrative_synthetic
Album_2009_0034,Artist_2009_0034,2009,3.51,138,"Metal, Jazz, Folk",synthetic,2026-08-08T00:56:44.307637,934,True,illustrative_synthetic
Album_2009_0035,Artist_2009_0035,2009,3.32,116,"Reggae, Rock",synthetic,2026-08-08T00:56:44.307637,935,True,illustrative_synthetic
Album_2009_0036,Artist_2009_0036,2009,2.78,868,"Folk, R&B",synthetic,2026-08-08T00:56:44.307637,936,True,illustrative_synthetic
Album_2009_0037,Artist_2009_0037,2009,3.56,521,Country,synthetic,2026-08-08T00:56:44.307637,937,True,illustrative_synthetic
Album_2009_0038,Artist_2009_0038,2009,2.74,68,Reggae,synthetic,2026-08-08T00:56:44.307637,938,True,illustrative_synthetic
Album_2009_0039,Artist_2009_0039,2009,2.99,59,"Country, Ambient, Jazz",synthetic,2026-08-08T00:56:44.307637,939,True,illustrative_synthetic
Album_2009_0040,Artist_2009_0040,2009,2.91,94,Jazz,synthetic,2026-08-08T00:56:44.307637,940,True,illustrative_synthetic
Album_2009_0041,Artist_2009_0041,2009,3.48,50,"Classical, Electronic, Hip-Hop",synthetic,2026-08-08T00:56:44.307637,941,True,illustrative_synthetic
Album_2009_0042,Artist_2009_0042,2009,3.16,427,"Indie Rock, Rock",synthetic,2026-08-08T00:56:44.307637,942,True,illustrative_synthetic
Album_2009_0043,Artist_2009_0043,2009,3.3,50,Metal,synthetic,2026-08-08T00:56:44.307637,943,True,illustrative_synthetic
Album_2009_0044,Artist_2009_0044,2009,3.58,50,Hip-Hop,synthetic,2026-08-08T00:56:44.307637,944,True,illustrative_synthetic
Album_2009_0045,Artist_2009_0045,2009,3.38,266,"Blues, Pop",synthetic,2026-08-08T00:56:44.307637,945,True,illustrative_synthetic
Album_2009_0046,Artist_2009_0046,2009,3.63,100,"Jazz, R&B, Electronic",synthetic,2026-08-08T00:56:44.307637,946,True,illustrative_synthetic
Album_2009_0047,Artist_2009_0047,2009,3.38,74,Pop,synthetic,2026-08-08T00:56:44.307637,947,True,illustrative_synthetic
Album_2009_0048,Artist_2009_0048,2009,3.55,30700,"Alt. Rock, Folk",synthetic,2026-08-08T00:56:44.307637,948,True,illustrative_synthetic
Album_2009_0049,Artist_2009_0049,2009,3.09,50,"Punk, Rock",synthetic,2026-08-08T00:56:44.307637,949,True,illustrative_synthetic
Album_2009_0050,Artist_2009_0050,2009,3.08,182,"Country, Blues, Experimental",synthetic,2026-08-08T00:56:44.307637,950,True,illustrative_synthetic
Album_2009_0051,Artist_2009_0051,2009,4.39,110,"Pop, Folk",synthetic,2026-08-08T00:56:44.307637,951,True,illustrative_synthetic
Album_2009_0052,Artist_2009_0052,2009,2.98,184,"Ambient, Indie Rock, Alt. Rock",synthetic,2026-08-08T00:56:44.307637,952,True,illustrative_synthetic
Album_2009_0053,Artist_2009_0053,2009,3.57,422,"Experimental, Electronic",synthetic,2026-08-08T00:56:44.307637,953,True,illustrative_synthetic
Album_2009_0054,Artist_2009_0054,2009,3.21,510,"R&B, Punk",synthetic,2026-08-08T00:56:44.307637,954,True,illustrative_synthetic
Album_2009_0055,Artist_2009_0055,2009,3.09,50,"Reggae, Pop",synthetic,2026-08-08T00:56:44.307637,955,True,illustrative_synthetic
Album_2009_0056,Artist_2009_0056,2009,3.24,50,Jazz,synthetic,2026-08-08T00:56:44.307637,956,True,illustrative_synthetic
Album_2009_0057,Artist_2009_0057,2009,3.45,50,"Rock, Electronic, Experimental",synthetic,2026-08-08T00:56:44.307637,957,True,illustrative_synthetic
Album_2009_0058,Artist_2009_0058,2009,3.44,664,Metal,synthetic,2026-08-08T00:56:44.307637,958,True,illustrative_synthetic
Album_2009_0059,Artist_2009_0059,2009,2.89,156,Classical,synthetic,2026-08-08T00:56:44.307637,959,True,illustrative_synthetic
Album_2009_0060,Artist_2009_0060,2009,3.24,429,"Hip-Hop, Folk, Rock",synthetic,2026-08-08T00:56:44.307637,960,True,illustrative_synthetic
Album_2009_0061,Artist_2009_0061,2009,3.81,50,"Experimental, Reggae",synthetic,2026-08-08T00:56:44.307637,961,True,illustrative_synthetic
Album_2009_0062,Artist_2009_0062,2009,3.28,649,Indie Rock,synthetic,2026-08-08T00:56:44.307637,962,True,illustrative_synthetic
Album_2009_0063,Artist_2009_0063,2009,3.08,918,"Blues, Folk",synthetic,2026-08-08T00:56:44.307637,963,True,illustrative_synthetic
Album_2009_0064,Artist_2009_0064,2009,2.68,311,Indie Rock,synthetic,2026-08-08T00:56:44.307637,964,True,illustrative_synthetic
Album_2009_0065,Artist_2009_0065,2009,2.6,294,"Pop, Ambient, Rock",synthetic,2026-08-08T00:56:44.307637,965,True,illustrative_synthetic
Album_2009_0066,Artist_2009_0066,2009,2.97,308,"Folk, Ambient, Reggae",synthetic,2026-08-08T00:56:44.307637,966,True,illustrative_synthetic
Album_2009_0067,Artist_2009_0067,2009,2.94,136,"Jazz, Hip-Hop, R&B",synthetic,2026-08-08T00:56:44.307637,967,True,illustrative_synthetic
Album_2009_0068,Artist_2009_0068,2009,3.15,419,Classical,synthetic,2026-08-08T00:56:44.307637,968,True,illustrative_synthetic
Album_2009_0069,Artist_2009_0069,2009,3.73,282,"Blues, R&B",synthetic,2026-08-08T00:56:44.307637,969,True,illustrative_synthetic
Album_2009_0070,Artist_2009_0070,2009,3.89,179,R&B,synthetic,2026-08-08T00:56:44.307637,970,True,illustrative_synthetic
Album_2009_0071,Artist_2009_0071,2009,3.76,50,"Jazz, Rock",synthetic,2026-08-08T00:56:44.307637,971,True,illustrative_synthetic
Album_2009_0072,Artist_2009_0072,2009,3.17,50,"Ambient, Experimental",synthetic,2026-08-08T00:56:44.307637,972,True,illustrative_synthetic
Album_2009_0073,Artist_2009_0073,2009,2.82,112,Metal,synthetic,2026-08-08T00:56:44.307637,973,True,illustrative_synthetic
Album_2009_0074,Artist_2009_0074,2009,3.2,175,Classical,synthetic,2026-08-08T00:56:44.307637,974,True,illustrative_synthetic
Album_2009_0075,Artist_2009_0075,2009,3.38,174,Hip-Hop,synthetic,2026-08-08T00:56:44.307637,975,True,illustrative_synthetic
Album_2009_0076,Artist_2009_0076,2009,3.14,140,"Jazz, R&B, Country",synthetic,2026-08-08T00:56:44.307637,976,True,illustrative_synthetic
Album_2009_0077,Artist_2009_0077,2009,4.01,82,"Metal, Pop",synthetic,2026-08-08T00:56:44.307637,977,True,illustrative_synthetic
Album_2009_0078,Artist_2009_0078,2009,4.36,50,"Reggae, Electronic",synthetic,2026-08-08T00:56:44.307637,978,True,illustrative_synthetic
Album_2009_0079,Artist_2009_0079,2009,2.97,1216,"Jazz, Blues, Hip-Hop",synthetic,2026-08-08T00:56:44.307637,979,True,illustrative_synthetic
Album_2009_0080,Artist_2009_0080,2009,2.81,488,"Pop, Folk, Electronic",synthetic,2026-08-08T00:56:44.307637,980,True,illustrative_synthetic
Album_2009_0081,Artist_2009_0081,2009,3.55,246,Electronic,synthetic,2026-08-08T00:56:44.307637,981,True,illustrative_synthetic
Album_2009_0082,Artist_2009_0082,2009,2.58,356,Country,synthetic,2026-08-08T00:56:44.307637,982,True,illustrative_synthetic
Album_2009_0083,Artist_2009_0083,2009,3.93,158,"R&B, Metal",synthetic,2026-08-08T00:56:44.307637,983,True,illustrative_synthetic
Album_2009_0084,Artist_2009_0084,2009,2.86,81,"Electronic, Metal, Reggae",synthetic,2026-08-08T00:56:44.307637,984,True,illustrative_synthetic
Album_2009_0085,Artist_2009_0085,2009,3.11,140,Hip-Hop,synthetic,2026-08-08T00:56:44.307637,985,True,illustrative_synthetic
Album_2009_0086,Artist_2009_0086,2009,2.75,86,"Jazz, Folk, Punk",synthetic,2026-08-08T00:56:44.307637,986,True,illustrative_synthetic
Album_2009_0087,Artist_2009_0087,2009,3.76,50,"Punk, Hip-Hop",synthetic,2026-08-08T00:56:44.307637,987,True,illustrative_synthetic
Album_2009_0088,Artist_2009_0088,2009,3.1,50,"Folk, Indie Rock",synthetic,2026-08-08T00:56:44.307637,988,True,illustrative_synthetic
Album_2009_0089,Artist_2009_0089,2009,2.7,59,Electronic,synthetic,2026-08-08T00:56:44.307637,989,True,illustrative_synthetic
Album_2009_0090,Artist_2009_0090,2009,3.52,73,Country,synthetic,2026-08-08T00:56:44.307637,990,True,illustrative_synthetic
Album_2009_0091,Artist_2009_0091,2009,3.98,730,"Alt. Rock, Rock",synthetic,2026-08-08T00:56:44.307637,991,True,illustrative_synthetic
Album_2009_0092,Artist_2009_0092,2009,3.53,63,Indie Rock,synthetic,2026-08-08T00:56:44.307637,992,True,illustrative_synthetic
Album_2009_0093,Artist_2009_0093,2009,2.62,295,"Metal, Jazz, Hip-Hop",synthetic,2026-08-08T00:56:44.307637,993,True,illustrative_synthetic
Album_2009_0094,Artist_2009_0094,2009,2.67,461,"Jazz, Metal",synthetic,2026-08-08T00:56:44.307637,994,True,illustrative_synthetic
Album_2009_0095,Artist_2009_0095,2009,2.74,318,"Country, Rock, Hip-Hop",synthetic,2026-08-08T00:56:44.307637,995,True,illustrative_synthetic
Album_2009_0096,Artist_2009_0096,2009,3.36,52,Reggae,synthetic,2026-08-08T00:56:44.307637,996,True,illustrative_synthetic
Album_2009_0097,Artist_2009_0097,2009,3.14,192,Classical,synthetic,2026-08-08T00:56:44.307637,997,True,illustrative_synthetic
Album_2009_0098,Artist_2009_0098,2009,3.27,92,"Metal, Electronic, Alt. Rock",synthetic,2026-08-08T00:56:44.307637,998,True,illustrative_synthetic
Album_2009_0099,Artist_2009_0099,2009,2.97,164,"Blues, Alt. Rock",synthetic,2026-08-08T00:56:44.307637,999,True,illustrative_synthetic
Album_2009_0100,Artist_2009_0100,2009,3.71,722,"Classical, R&B, Reggae",synthetic,2026-08-08T00:56:44.307637,1000,True,illustrative_synthetic
Album_2010_0001,Artist_2010_0001,2010,3.31,76,"Jazz, Classical, Country",synthetic,2026-08-08T00:56:44.307637,1001,True,illustrative_synthetic
Album_2010_0002,Artist_2010_0002,2010,3.37,208,"Rock, R&B, Alt. Rock",synthetic,2026-08-08T00:56:44.307637,1002,True,illustrative_synthetic
Album_2010_0003,Artist_2010_0003,2010,2.5,605,"Experimental, Hip-Hop, Reggae",synthetic,2026-08-08T00:56:44.307637,1003,True,illustrative_synthetic
Album_2010_0004,Artist_2010_0004,2010,3.26,189,"Metal, Pop",synthetic,2026-08-08T00:56:44.307637,1004,True,illustrative_synthetic
Album_2010_0005,Artist_2010_0005,2010,2.49,782,Punk,synthetic,2026-08-08T00:56:44.307637,1005,True,illustrative_synthetic
Album_2010_0006,Artist_2010_0006,2010,3.04,129,"Ambient, Metal",synthetic,2026-08-08T00:56:44.307637,1006,True,illustrative_synthetic
Album_2010_0007,Artist_2010_0007,2010,3.49,115,Rock,synthetic,2026-08-08T00:56:44.307637,1007,True,illustrative_synthetic
Album_2010_0008,Artist_2010_0008,2010,2.97,144,"Experimental, Hip-Hop, Alt. Rock",synthetic,2026-08-08T00:56:44.307637,1008,True,illustrative_synthetic
Album_2010_0009,Artist_2010_0009,2010,2.66,50,"Ambient, Experimental, Reggae",synthetic,2026-08-08T00:56:44.307637,1009,True,illustrative_synthetic
Album_2010_0010,Artist_2010_0010,2010,3.41,209,"Country, Rock",synthetic,2026-08-08T00:56:44.307637,1010,True,illustrative_synthetic
Album_2010_0011,Artist_2010_0011,2010,3.42,107,"Experimental, Folk",synthetic,2026-08-08T00:56:44.307637,1011,True,illustrative_synthetic
Album_2010_0012,Artist_2010_0012,2010,2.97,225,Rock,synthetic,2026-08-08T00:56:44.307637,1012,True,illustrative_synthetic
Album_2010_0013,Artist_2010_0013,2010,3.46,350,Metal,synthetic,2026-08-08T00:56:44.307637,1013,True,illustrative_synthetic
Album_2010_0014,Artist_2010_0014,2010,3.4,415,Classical,synthetic,2026-08-08T00:56:44.307637,1014,True,illustrative_synthetic
Album_2010_0015,Artist_2010_0015,2010,3.01,50,"Hip-Hop, Folk, Electronic",synthetic,2026-08-08T00:56:44.307637,1015,True,illustrative_synthetic
Album_2010_0016,Artist_2010_0016,2010,3.03,54,Jazz,synthetic,2026-08-08T00:56:44.307637,1016,True,illustrative_synthetic
Album_2010_0017,Artist_2010_0017,2010,3.65,108,Experimental,synthetic,2026-08-08T00:56:44.307637,1017,True,illustrative_synthetic
Album_2010_0018,Artist_2010_0018,2010,3.86,715,"Pop, Experimental",synthetic,2026-08-08T00:56:44.307637,1018,True,illustrative_synthetic
Album_2010_0019,Artist_2010_0019,2010,2.95,249,Reggae,synthetic,2026-08-08T00:56:44.307637,1019,True,illustrative_synthetic
Album_2010_0020,Artist_2010_0020,2010,3.39,148,Alt. Rock,synthetic,2026-08-08T00:56:44.307637,1020,True,illustrative_synthetic
Album_2010_0021,Artist_2010_0021,2010,3.36,58,Metal,synthetic,2026-08-08T00:56:44.307637,1021,True,illustrative_synthetic
Album_2010_0022,Artist_2010_0022,2010,3.67,2982,"R&B, Metal",synthetic,2026-08-08T00:56:44.307637,1022,True,illustrative_synthetic
Album_2010_0023,Artist_2010_0023,2010,3.43,397,"Country, Ambient",synthetic,2026-08-08T00:56:44.307637,1023,True,illustrative_synthetic
Album_2010_0024,Artist_2010_0024,2010,2.9,128,"Alt. Rock, Experimental",synthetic,2026-08-08T00:56:44.307637,1024,True,illustrative_synthetic
Album_2010_0025,Artist_2010_0025,2010,3.37,3378,R&B,synthetic,2026-08-08T00:56:44.307637,1025,True,illustrative_synthetic
Album_2010_0026,Artist_2010_0026,2010,3.53,133,"Blues, Experimental",synthetic,2026-08-08T00:56:44.307637,1026,True,illustrative_synthetic
Album_2010_0027,Artist_2010_0027,2010,3.28,128,R&B,synthetic,2026-08-08T00:56:44.307637,1027,True,illustrative_synthetic
Album_2010_0028,Artist_2010_0028,2010,3.32,50,R&B,synthetic,2026-08-08T00:56:44.307637,1028,True,illustrative_synthetic
Album_2010_0029,Artist_2010_0029,2010,2.71,102,Ambient,synthetic,2026-08-08T00:56:44.307637,1029,True,illustrative_synthetic
Album_2010_0030,Artist_2010_0030,2010,3.22,185,"Rock, Indie Rock, Reggae",synthetic,2026-08-08T00:56:44.307637,1030,True,illustrative_synthetic
Album_2010_0031,Artist_2010_0031,2010,3.25,50,Punk,synthetic,2026-08-08T00:56:44.307637,1031,True,illustrative_synthetic
Album_2010_0032,Artist_2010_0032,2010,3.52,80,"Folk, Classical, Jazz",synthetic,2026-08-08T00:56:44.307637,1032,True,illustrative_synthetic
Album_2010_0033,Artist_2010_0033,2010,3.57,50,Indie Rock,synthetic,2026-08-08T00:56:44.307637,1033,True,illustrative_synthetic
Album_2010_0034,Artist_2010_0034,2010,3.39,50,"Rock, Country, Jazz",synthetic,2026-08-08T00:56:44.307637,1034,True,illustrative_synthetic
Album_2010_0035,Artist_2010_0035,2010,3.45,602,Rock,synthetic,2026-08-08T00:56:44.307637,1035,True,illustrative_synthetic
Album_2010_0036,Artist_2010_0036,2010,3.25,127,"Indie Rock, Rock, Reggae",synthetic,2026-08-08T00:56:44.307637,1036,True,illustrative_synthetic
Album_2010_0037,Artist_2010_0037,2010,3.85,4761,Alt. Rock,synthetic,2026-08-08T00:56:44.307637,1037,True,illustrative_synthetic
Album_2010_0038,Artist_2010_0038,2010,2.24,78,"Punk, Classical, Hip-Hop",synthetic,2026-08-08T00:56:44.307637,1038,True,illustrative_synthetic
Album_2010_0039,Artist_2010_0039,2010,3.63,535,"Hip-Hop, Ambient, Alt. Rock",synthetic,2026-08-08T00:56:44.307637,1039,True,illustrative_synthetic
Album_2010_0040,Artist_2010_0040,2010,2.96,299,"Blues, Country",synthetic,2026-08-08T00:56:44.307637,1040,True,illustrative_synthetic
Album_2010_0041,Artist_2010_0041,2010,4.2,67,Electronic,synthetic,2026-08-08T00:56:44.307637,1041,True,illustrative_synthetic
Album_2010_0042,Artist_2010_0042,2010,2.81,50,"Punk, Country",synthetic,2026-08-08T00:56:44.307637,1042,True,illustrative_synthetic
Album_2010_0043,Artist_2010_0043,2010,3.61,197,"Electronic, Blues, Folk",synthetic,2026-08-08T00:56:44.307637,1043,True,illustrative_synthetic
Album_2010_0044,Artist_2010_0044,2010,2.98,50,"Electronic, Jazz, Ambient",synthetic,2026-08-08T00:56:44.307637,1044,True,illustrative_synthetic
Album_2010_0045,Artist_2010_0045,2010,3.8,176,"Jazz, Punk, Country",synthetic,2026-08-08T00:56:44.307637,1045,True,illustrative_synthetic
Album_2010_0046,Artist_2010_0046,2010,3.03,50,"Jazz, Rock, Experimental",synthetic,2026-08-08T00:56:44.307637,1046,True,illustrative_synthetic
Album_2010_0047,Artist_2010_0047,2010,3.68,170,Jazz,synthetic,2026-08-08T00:56:44.307637,1047,True,illustrative_synthetic
Album_2010_0048,Artist_2010_0048,2010,3.03,50,Country,synthetic,2026-08-08T00:56:44.307637,1048,True,illustrative_synthetic
Album_2010_0049,Artist_2010_0049,2010,3.43,110,Indie Rock,synthetic,2026-08-08T00:56:44.307637,1049,True,illustrative_synthetic
Album_2010_0050,Artist_2010_0050,2010,3.69,50,"Jazz, Classical, Blues",synthetic,2026-08-08T00:56:44.307637,1050,True,illustrative_synthetic
Album_2010_0051,Artist_2010_0051,2010,2.98,212,"Pop, Alt. Rock",synthetic,2026-08-08T00:56:44.307637,1051,True,illustrative_synthetic
Album_2010_0052,Artist_2010_0052,2010,3.04,177,"Country, Alt. Rock",synthetic,2026-08-08T00:56:44.307637,1052,True,illustrative_synthetic
Album_2010_0053,Artist_2010_0053,2010,3.41,216,"Ambient, Classical, Folk",synthetic,2026-08-08T00:56:44.307637,1053,True,illustrative_synthetic
Album_2010_0054,Artist_2010_0054,2010,3.14,80,R&B,synthetic,2026-08-08T00:56:44.307637,1054,True,illustrative_synthetic
Album_2010_0055,Artist_2010_0055,2010,3.33,199,"Pop, Folk",synthetic,2026-08-08T00:56:44.307637,1055,True,illustrative_synthetic
Album_2010_0056,Artist_2010_0056,2010,3.13,138,"Pop, Alt. Rock",synthetic,2026-08-08T00:56:44.307637,1056,True,illustrative_synthetic
Album_2010_0057,Artist_2010_0057,2010,3.01,50,"R&B, Indie Rock",synthetic,2026-08-08T00:56:44.307637,1057,True,illustrative_synthetic
Album_2010_0058,Artist_2010_0058,2010,3.71,50,"Folk, R&B",synthetic,2026-08-08T00:56:44.307637,1058,True,illustrative_synthetic
Album_2010_0059,Artist_2010_0059,2010,3.5,6354,"Ambient, Pop, Rock",synthetic,2026-08-08T00:56:44.307637,1059,True,illustrative_synthetic
Album_2010_0060,Artist_2010_0060,2010,2.88,61,Folk,synthetic,2026-08-08T00:56:44.307637,1060,True,illustrative_synthetic
Album_2010_0061,Artist_2010_0061,2010,3.71,1058,Alt. Rock,synthetic,2026-08-08T00:56:44.307637,1061,True,illustrative_synthetic
Album_2010_0062,Artist_2010_0062,2010,2.99,295,Jazz,synthetic,2026-08-08T00:56:44.307637,1062,True,illustrative_synthetic
Album_2010_0063,Artist_2010_0063,2010,3.45,81,"Alt. Rock, Pop, Blues",synthetic,2026-08-08T00:56:44.307637,1063,True,illustrative_synthetic
Album_2010_0064,Artist_2010_0064,2010,3.32,481,Experimental,synthetic,2026-08-08T00:56:44.307637,1064,True,illustrative_synthetic
Album_2010_0065,Artist_2010_0065,2010,3.28,260,"Blues, Hip-Hop, Reggae",synthetic,2026-08-08T00:56:44.307637,1065,True,illustrative_synthetic
Album_2010_0066,Artist_2010_0066,2010,4.14,50,Electronic,synthetic,2026-08-08T00:56:44.307637,1066,True,illustrative_synthetic
Album_2010_0067,Artist_2010_0067,2010,3.52,50,"Ambient, R&B, Reggae",synthetic,2026-08-08T00:56:44.307637,1067,True,illustrative_synthetic
Album_2010_0068,Artist_2010_0068,2010,2.63,218,"Pop, Folk, Punk",synthetic,2026-08-08T00:56:44.307637,1068,True,illustrative_synthetic
Album_2010_0069,Artist_2010_0069,2010,3.5,50,Hip-Hop,synthetic,2026-08-08T00:56:44.307637,1069,True,illustrative_synthetic
Album_2010_0070,Artist_2010_0070,2010,3.64,243,"Experimental, Indie Rock, Blues",synthetic,2026-08-08T00:56:44.307637,1070,True,illustrative_synthetic
Album_2010_0071,Artist_2010_0071,2010,3.51,128,"Alt. Rock, Indie Rock, Pop",synthetic,2026-08-08T00:56:44.307637,1071,True,illustrative_synthetic
Album_2010_0072,Artist_2010_0072,2010,3.77,404,Blues,synthetic,2026-08-08T00:56:44.307637,1072,True,illustrative_synthetic
Album_2010_0073,Artist_2010_0073,2010,3.13,88,"Indie Rock, R&B, Experimental",synthetic,2026-08-08T00:56:44.307637,1073,True,illustrative_synthetic
Album_2010_0074,Artist_2010_0074,2010,3.01,50,Indie Rock,synthetic,2026-08-08T00:56:44.307637,1074,True,illustrative_synthetic
Album_2010_0075,Artist_2010_0075,2010,4.07,106,Reggae,synthetic,2026-08-08T00:56:44.307637,1075,True,illustrative_synthetic
Album_2010_0076,Artist_2010_0076,2010,3.75,513,Electronic,synthetic,2026-08-08T00:56:44.307637,1076,True,illustrative_synthetic
Album_2010_0077,Artist_2010_0077,2010,3.85,217,"Pop, Electronic, Indie Rock",synthetic,2026-08-08T00:56:44.307637,1077,True,illustrative_synthetic
Album_2010_0078,Artist_2010_0078,2010,3.26,187,"Electronic, Indie Rock, Hip-Hop",synthetic,2026-08-08T00:56:44.307637,1078,True,illustrative_synthetic
Album_2010_0079,Artist_2010_0079,2010,2.95,485,"Reggae, Country",synthetic,2026-08-08T00:56:44.307637,1079,True,illustrative_synthetic
Album_2010_0080,Artist_2010_0080,2010,3.28,50,"Classical, Ambient",synthetic,2026-08-08T00:56:44.307637,1080,True,illustrative_synthetic
Album_2010_0081,Artist_2010_0081,2010,3.87,197,"Indie Rock, R&B",synthetic,2026-08-08T00:56:44.307637,1081,True,illustrative_synthetic
Album_2010_0082,Artist_2010_0082,2010,2.55,3088,"Punk, Metal",synthetic,2026-08-08T00:56:44.307637,1082,True,illustrative_synthetic
Album_2010_0083,Artist_2010_0083,2010,3.73,156,"R&B, Blues, Punk",synthetic,2026-08-08T00:56:44.307637,1083,True,illustrative_synthetic
Album_2010_0084,Artist_2010_0084,2010,3.1,179,"Folk, R&B, Hip-Hop",synthetic,2026-08-08T00:56:44.307637,1084,True,illustrative_synthetic
Album_2010_0085,Artist_2010_0085,2010,3.42,50,"Electronic, R&B",synthetic,2026-08-08T00:56:44.307637,1085,True,illustrative_synthetic
Album_2010_0086,Artist_2010_0086,2010,2.85,53,"Alt. Rock, Punk",synthetic,2026-08-08T00:56:44.307637,1086,True,illustrative_synthetic
Album_2010_0087,Artist_2010_0087,2010,3.13,50,"Alt. Rock, Metal, Folk",synthetic,2026-08-08T00:56:44.307637,1087,True,illustrative_synthetic
Album_2010_0088,Artist_2010_0088,2010,3.85,166,"R&B, Blues",synthetic,2026-08-08T00:56:44.307637,1088,True,illustrative_synthetic
Album_2010_0089,Artist_2010_0089,2010,3.12,193,Classical,synthetic,2026-08-08T00:56:44.307637,1089,True,illustrative_synthetic
Album_2010_0090,Artist_2010_0090,2010,3.02,2085,R&B,synthetic,2026-08-08T00:56:44.307637,1090,True,illustrative_synthetic
Album_2010_0091,Artist_2010_0091,2010,3.11,523,"Experimental, Folk",synthetic,2026-08-08T00:56:44.307637,1091,True,illustrative_synthetic
Album_2010_0092,Artist_2010_0092,2010,3.32,50,"Punk, Experimental, Ambient",synthetic,2026-08-08T00:56:44.307637,1092,True,illustrative_synthetic
Album_2010_0093,Artist_2010_0093,2010,3.21,145,"Folk, Experimental, Blues",synthetic,2026-08-08T00:56:44.307637,1093,True,illustrative_synthetic
Album_2010_0094,Artist_2010_0094,2010,3.29,1160,"Rock, Hip-Hop, Folk",synthetic,2026-08-08T00:56:44.307637,1094,True,illustrative_synthetic
Album_2010_0095,Artist_2010_0095,2010,2.34,50,"Pop, Country",synthetic,2026-08-08T00:56:44.307637,1095,True,illustrative_synthetic
Album_2010_0096,Artist_2010_0096,2010,3.44,50,Indie Rock,synthetic,2026-08-08T00:56:44.307637,1096,True,illustrative_synthetic
Album_2010_0097,Artist_2010_0097,2010,3.27,50,"Hip-Hop, R&B",synthetic,2026-08-08T00:56:44.307637,1097,True,illustrative_synthetic
Album_2010_0098,Artist_2010_0098,2010,4.5,333,Rock,synthetic,2026-08-08T00:56:44.307637,1098,True,illustrative_synthetic
Album_2010_0099,Artist_2010_0099,2010,2.69,50,Pop,synthetic,2026-08-08T00:56:44.307637,1099,True,illustrative_synthetic
Album_2010_0100,Artist_2010_0100,2010,3.11,68,"Alt. Rock, Blues, Ambient",synthetic,2026-08-08T00:56:44.307637,1100,True,illustrative_synthetic
Album_2011_0001,Artist_2011_0001,2011,4.04,202,"Rock, Pop, Alt. Rock",synthetic,2026-08-08T00:56:44.307637,1101,True,illustrative_synthetic
Album_2011_0002,Artist_2011_0002,2011,2.97,50,Metal,synthetic,2026-08-08T00:56:44.307637,1102,True,illustrative_synthetic
Album_2011_0003,Artist_2011_0003,2011,3.32,2184,"Reggae, Electronic",synthetic,2026-08-08T00:56:44.307637,1103,True,illustrative_synthetic
Album_2011_0004,Artist_2011_0004,2011,3.28,244,Classical,synthetic,2026-08-08T00:56:44.307637,1104,True,illustrative_synthetic
Album_2011_0005,Artist_2011_0005,2011,3.45,2173,"Reggae, Experimental",synthetic,2026-08-08T00:56:44.307637,1105,True,illustrative_synthetic
Album_2011_0006,Artist_2011_0006,2011,3.52,61,Metal,synthetic,2026-08-08T00:56:44.307637,1106,True,illustrative_synthetic
Album_2011_0007,Artist_2011_0007,2011,3.34,99,Indie Rock,synthetic,2026-08-08T00:56:44.307637,1107,True,illustrative_synthetic
Album_2011_0008,Artist_2011_0008,2011,3.01,188,"Country, Rock",synthetic,2026-08-08T00:56:44.307637,1108,True,illustrative_synthetic
Album_2011_0009,Artist_2011_0009,2011,4.09,50,"Hip-Hop, Country, Classical",synthetic,2026-08-08T00:56:44.307637,1109,True,illustrative_synthetic
Album_2011_0010,Artist_2011_0010,2011,2.43,78,Reggae,synthetic,2026-08-08T00:56:44.307637,1110,True,illustrative_synthetic
Album_2011_0011,Artist_2011_0011,2011,3.24,375,Indie Rock,synthetic,2026-08-08T00:56:44.307637,1111,True,illustrative_synthetic
Album_2011_0012,Artist_2011_0012,2011,2.69,118,"Reggae, R&B",synthetic,2026-08-08T00:56:44.307637,1112,True,illustrative_synthetic
Album_2011_0013,Artist_2011_0013,2011,3.66,1335,"Punk, Pop, Reggae",synthetic,2026-08-08T00:56:44.307637,1113,True,illustrative_synthetic
Album_2011_0014,Artist_2011_0014,2011,3.43,219,Electronic,synthetic,2026-08-08T00:56:44.307637,1114,True,illustrative_synthetic
Album_2011_0015,Artist_2011_0015,2011,3.6,163,"Blues, Ambient, Folk",synthetic,2026-08-08T00:56:44.307637,1115,True,illustrative_synthetic
Album_2011_0016,Artist_2011_0016,2011,3.95,50,Rock,synthetic,2026-08-08T00:56:44.307637,1116,True,illustrative_synthetic
Album_2011_0017,Artist_2011_0017,2011,2.88,260,Blues,synthetic,2026-08-08T00:56:44.307637,1117,True,illustrative_synthetic
Album_2011_0018,Artist_2011_0018,2011,3.41,50,"Alt. Rock, Rock, Experimental",synthetic,2026-08-08T00:56:44.307637,1118,True,illustrative_synthetic
Album_2011_0019,Artist_2011_0019,2011,3.29,245,"Rock, Jazz, Ambient",synthetic,2026-08-08T00:56:44.307637,1119,True,illustrative_synthetic
Album_2011_0020,Artist_2011_0020,2011,3.82,813,"Ambient, Folk, Blues",synthetic,2026-08-08T00:56:44.307637,1120,True,illustrative_synthetic
Album_2011_0021,Artist_2011_0021,2011,3.88,50,"Blues, Rock",synthetic,2026-08-08T00:56:44.307637,1121,True,illustrative_synthetic
Album_2011_0022,Artist_2011_0022,2011,3.24,105,"Electronic, R&B, Folk",synthetic,2026-08-08T00:56:44.307637,1122,True,illustrative_synthetic
Album_2011_0023,Artist_2011_0023,2011,3.85,50,Classical,synthetic,2026-08-08T00:56:44.307637,1123,True,illustrative_synthetic
Album_2011_0024,Artist_2011_0024,2011,2.74,1623,"Jazz, Reggae, Classical",synthetic,2026-08-08T00:56:44.307637,1124,True,illustrative_synthetic
Album_2011_0025,Artist_2011_0025,2011,2.75,77,"R&B, Country, Folk",synthetic,2026-08-08T00:56:44.307637,1125,True,illustrative_synthetic
Album_2011_0026,Artist_2011_0026,2011,3.52,178,"Electronic, Hip-Hop, Rock",synthetic,2026-08-08T00:56:44.307637,1126,True,illustrative_synthetic
Album_2011_0027,Artist_2011_0027,2011,3.14,225,Rock,synthetic,2026-08-08T00:56:44.307637,1127,True,illustrative_synthetic
Album_2011_0028,Artist_2011_0028,2011,3.44,16566,Alt. Rock,synthetic,2026-08-08T00:56:44.307637,1128,True,illustrative_synthetic
Album_2011_0029,Artist_2011_0029,2011,3.35,65,"Jazz, Experimental",synthetic,2026-08-08T00:56:44.307637,1129,True,illustrative_synthetic
Album_2011_0030,Artist_2011_0030,2011,3.87,55,Alt. Rock,synthetic,2026-08-08T00:56:44.307637,1130,True,illustrative_synthetic
Album_2011_0031,Artist_2011_0031,2011,3.21,259,"Indie Rock, Rock",synthetic,2026-08-08T00:56:44.307637,1131,True,illustrative_synthetic
Album_2011_0032,Artist_2011_0032,2011,4.3,50,Pop,synthetic,2026-08-08T00:56:44.307637,1132,True,illustrative_synthetic
Album_2011_0033,Artist_2011_0033,2011,3.08,50,"Experimental, Country",synthetic,2026-08-08T00:56:44.307637,1133,True,illustrative_synthetic
Album_2011_0034,Artist_2011_0034,2011,3.74,173,"Metal, Reggae, R&B",synthetic,2026-08-08T00:56:44.307637,1134,True,illustrative_synthetic
Album_2011_0035,Artist_2011_0035,2011,3.18,325,"Blues, Ambient",synthetic,2026-08-08T00:56:44.307637,1135,True,illustrative_synthetic
Album_2011_0036,Artist_2011_0036,2011,3.01,50,"Folk, Classical, Electronic",synthetic,2026-08-08T00:56:44.307637,1136,True,illustrative_synthetic
Album_2011_0037,Artist_2011_0037,2011,3.41,270,"Blues, Punk, Experimental",synthetic,2026-08-08T00:56:44.307637,1137,True,illustrative_synthetic
Album_2011_0038,Artist_2011_0038,2011,3.29,1292,Experimental,synthetic,2026-08-08T00:56:44.307637,1138,True,illustrative_synthetic
Album_2011_0039,Artist_2011_0039,2011,3.33,97,"Reggae, Alt. Rock, Folk",synthetic,2026-08-08T00:56:44.307637,1139,True,illustrative_synthetic
Album_2011_0040,Artist_2011_0040,2011,3.18,296,"Jazz, Rock, Country",synthetic,2026-08-08T00:56:44.307637,1140,True,illustrative_synthetic
Album_2011_0041,Artist_2011_0041,2011,3.44,1192,"Blues, Experimental",synthetic,2026-08-08T00:56:44.307637,1141,True,illustrative_synthetic
Album_2011_0042,Artist_2011_0042,2011,3.4,212,"Reggae, Pop, Blues",synthetic,2026-08-08T00:56:44.307637,1142,True,illustrative_synthetic
Album_2011_0043,Artist_2011_0043,2011,3.63,126,Blues,synthetic,2026-08-08T00:56:44.307637,1143,True,illustrative_synthetic
Album_2011_0044,Artist_2011_0044,2011,3.61,262,"Metal, Folk, Alt. Rock",synthetic,2026-08-08T00:56:44.307637,1144,True,illustrative_synthetic
Album_2011_0045,Artist_2011_0045,2011,3.24,281,"Folk, Experimental",synthetic,2026-08-08T00:56:44.307637,1145,True,illustrative_synthetic
Album_2011_0046,Artist_2011_0046,2011,3.69,1460,"Reggae, Classical, Blues",synthetic,2026-08-08T00:56:44.307637,1146,True,illustrative_synthetic
Album_2011_0047,Artist_2011_0047,2011,2.89,50,"Hip-Hop, Pop",synthetic,2026-08-08T00:56:44.307637,1147,True,illustrative_synthetic
Album_2011_0048,Artist_2011_0048,2011,2.83,283,"Reggae, Classical, Indie Rock",synthetic,2026-08-08T00:56:44.307637,1148,True,illustrative_synthetic
Album_2011_0049,Artist_2011_0049,2011,3.67,53,"R&B, Country, Jazz",synthetic,2026-08-08T00:56:44.307637,1149,True,illustrative_synthetic
Album_2011_0050,Artist_2011_0050,2011,3.45,50,"Pop, Classical",synthetic,2026-08-08T00:56:44.307637,1150,True,illustrative_synthetic
Album_2011_0051,Artist_2011_0051,2011,3.58,50,"Folk, Ambient, Pop",synthetic,2026-08-08T00:56:44.307637,1151,True,illustrative_synthetic
Album_2011_0052,Artist_2011_0052,2011,3.53,50,"Electronic, Experimental, Folk",synthetic,2026-08-08T00:56:44.307637,1152,True,illustrative_synthetic
Album_2011_0053,Artist_2011_0053,2011,3.36,50,"Hip-Hop, Folk, R&B",synthetic,2026-08-08T00:56:44.307637,1153,True,illustrative_synthetic
Album_2011_0054,Artist_2011_0054,2011,3.45,50,Electronic,synthetic,2026-08-08T00:56:44.307637,1154,True,illustrative_synthetic
Album_2011_0055,Artist_2011_0055,2011,3.45,333,"Reggae, Alt. Rock",synthetic,2026-08-08T00:56:44.307637,1155,True,illustrative_synthetic
Album_2011_0056,Artist_2011_0056,2011,3.57,86,"Pop, Ambient, Indie Rock",synthetic,2026-08-08T00:56:44.307637,1156,True,illustrative_synthetic
Album_2011_0057,Artist_2011_0057,2011,3.35,53,"Punk, Hip-Hop",synthetic,2026-08-08T00:56:44.307637,1157,True,illustrative_synthetic
Album_2011_0058,Artist_2011_0058,2011,3.49,256,"Punk, Ambient",synthetic,2026-08-08T00:56:44.307637,1158,True,illustrative_synthetic
Album_2011_0059,Artist_2011_0059,2011,2.77,177,Folk,synthetic,2026-08-08T00:56:44.307637,1159,True,illustrative_synthetic
Album_2011_0060,Artist_2011_0060,2011,3.73,656,R&B,synthetic,2026-08-08T00:56:44.307637,1160,True,illustrative_synthetic
Album_2011_0061,Artist_2011_0061,2011,2.33,215,"Alt. Rock, Country, Rock",synthetic,2026-08-08T00:56:44.307637,1161,True,illustrative_synthetic
Album_2011_0062,Artist_2011_0062,2011,3.37,407,R&B,synthetic,2026-08-08T00:56:44.307637,1162,True,illustrative_synthetic
Album_2011_0063,Artist_2011_0063,2011,3.49,486,"Alt. Rock, Rock, Metal",synthetic,2026-08-08T00:56:44.307637,1163,True,illustrative_synthetic
Album_2011_0064,Artist_2011_0064,2011,3.24,50,"Folk, Electronic, R&B",synthetic,2026-08-08T00:56:44.307637,1164,True,illustrative_synthetic
Album_2011_0065,Artist_2011_0065,2011,3.61,125,"Blues, Folk",synthetic,2026-08-08T00:56:44.307637,1165,True,illustrative_synthetic
Album_2011_0066,Artist_2011_0066,2011,3.78,296,"Classical, Indie Rock",synthetic,2026-08-08T00:56:44.307637,1166,True,illustrative_synthetic
Album_2011_0067,Artist_2011_0067,2011,3.29,166,Classical,synthetic,2026-08-08T00:56:44.307637,1167,True,illustrative_synthetic
Album_2011_0068,Artist_2011_0068,2011,3.38,368,"Electronic, Alt. Rock, Metal",synthetic,2026-08-08T00:56:44.307637,1168,True,illustrative_synthetic
Album_2011_0069,Artist_2011_0069,2011,3.35,310,"Rock, Metal, Hip-Hop",synthetic,2026-08-08T00:56:44.307637,1169,True,illustrative_synthetic
Album_2011_0070,Artist_2011_0070,2011,3.97,577,"Ambient, Rock, Alt. Rock",synthetic,2026-08-08T00:56:44.307637,1170,True,illustrative_synthetic
Album_2011_0071,Artist_2011_0071,2011,2.87,95,Experimental,synthetic,2026-08-08T00:56:44.307637,1171,True,illustrative_synthetic
Album_2011_0072,Artist_2011_0072,2011,3.65,87,"Rock, Alt. Rock",synthetic,2026-08-08T00:56:44.307637,1172,True,illustrative_synthetic
Album_2011_0073,Artist_2011_0073,2011,3.62,50,"Folk, Classical",synthetic,2026-08-08T00:56:44.307637,1173,True,illustrative_synthetic
Album_2011_0074,Artist_2011_0074,2011,2.68,50,"Jazz, Classical, Hip-Hop",synthetic,2026-08-08T00:56:44.307637,1174,True,illustrative_synthetic
Album_2011_0075,Artist_2011_0075,2011,2.05,12961,Classical,synthetic,2026-08-08T00:56:44.307637,1175,True,illustrative_synthetic
Album_2011_0076,Artist_2011_0076,2011,3.07,274,"Electronic, Reggae",synthetic,2026-08-08T00:56:44.307637,1176,True,illustrative_synthetic
Album_2011_0077,Artist_2011_0077,2011,3.3,288,"Blues, Country",synthetic,2026-08-08T00:56:44.307637,1177,True,illustrative_synthetic
Album_2011_0078,Artist_2011_0078,2011,3.0,161,"Experimental, Electronic",synthetic,2026-08-08T00:56:44.307637,1178,True,illustrative_synthetic
Album_2011_0079,Artist_2011_0079,2011,3.7,644,Experimental,synthetic,2026-08-08T00:56:44.307637,1179,True,illustrative_synthetic
Album_2011_0080,Artist_2011_0080,2011,3.37,50,Folk,synthetic,2026-08-08T00:56:44.307637,1180,True,illustrative_synthetic
Album_2011_0081,Artist_2011_0081,2011,3.34,50,"Folk, Rock",synthetic,2026-08-08T00:56:44.307637,1181,True,illustrative_synthetic
Album_2011_0082,Artist_2011_0082,2011,3.16,175,"Pop, Punk",synthetic,2026-08-08T00:56:44.307637,1182,True,illustrative_synthetic
Album_2011_0083,Artist_2011_0083,2011,3.66,624,"Reggae, Country",synthetic,2026-08-08T00:56:44.307637,1183,True,illustrative_synthetic
Album_2011_0084,Artist_2011_0084,2011,2.99,307,"Hip-Hop, Country",synthetic,2026-08-08T00:56:44.307637,1184,True,illustrative_synthetic
Album_2011_0085,Artist_2011_0085,2011,3.53,50,"Country, Pop, Blues",synthetic,2026-08-08T00:56:44.307637,1185,True,illustrative_synthetic
Album_2011_0086,Artist_2011_0086,2011,3.63,88,"Folk, Punk",synthetic,2026-08-08T00:56:44.307637,1186,True,illustrative_synthetic
Album_2011_0087,Artist_2011_0087,2011,3.35,56,Jazz,synthetic,2026-08-08T00:56:44.307637,1187,True,illustrative_synthetic
Album_2011_0088,Artist_2011_0088,2011,3.05,237,"Ambient, Country",synthetic,2026-08-08T00:56:44.307637,1188,True,illustrative_synthetic
Album_2011_0089,Artist_2011_0089,2011,3.23,69,"Rock, Country",synthetic,2026-08-08T00:56:44.307637,1189,True,illustrative_synthetic
Album_2011_0090,Artist_2011_0090,2011,3.41,1765,"Reggae, Folk, Rock",synthetic,2026-08-08T00:56:44.307637,1190,True,illustrative_synthetic
Album_2011_0091,Artist_2011_0091,2011,3.27,50,"Folk, Reggae, Classical",synthetic,2026-08-08T00:56:44.307637,1191,True,illustrative_synthetic
Album_2011_0092,Artist_2011_0092,2011,2.58,96,"Experimental, Rock",synthetic,2026-08-08T00:56:44.307637,1192,True,illustrative_synthetic
Album_2011_0093,Artist_2011_0093,2011,3.48,119,"Hip-Hop, Reggae, Folk",synthetic,2026-08-08T00:56:44.307637,1193,True,illustrative_synthetic
Album_2011_0094,Artist_2011_0094,2011,3.08,50,Metal,synthetic,2026-08-08T00:56:44.307637,1194,True,illustrative_synthetic
Album_2011_0095,Artist_2011_0095,2011,3.07,935,Metal,synthetic,2026-08-08T00:56:44.307637,1195,True,illustrative_synthetic
Album_2011_0096,Artist_2011_0096,2011,3.16,50,"Hip-Hop, Ambient, Electronic",synthetic,2026-08-08T00:56:44.307637,1196,True,illustrative_synthetic
Album_2011_0097,Artist_2011_0097,2011,3.16,172,"Pop, Country, Rock",synthetic,2026-08-08T00:56:44.307637,1197,True,illustrative_synthetic
Album_2011_0098,Artist_2011_0098,2011,3.44,92,"Hip-Hop, Alt. Rock",synthetic,2026-08-08T00:56:44.307637,1198,True,illustrative_synthetic
Album_2011_0099,Artist_2011_0099,2011,4.2,633,Ambient,synthetic,2026-08-08T00:56:44.307637,1199,True,illustrative_synthetic
Album_2011_0100,Artist_2011_0100,2011,3.31,50,Country,synthetic,2026-08-08T00:56:44.307637,1200,True,illustrative_synthetic
Album_2012_0001,Artist_2012_0001,2012,3.65,387,"Classical, Indie Rock",synthetic,2026-08-08T00:56:44.307637,1201,True,illustrative_synthetic
Album_2012_0002,Artist_2012_0002,2012,3.29,114,Pop,synthetic,2026-08-08T00:56:44.307637,1202,True,illustrative_synthetic
Album_2012_0003,Artist_2012_0003,2012,3.43,369,"Pop, Electronic, Classical",synthetic,2026-08-08T00:56:44.307637,1203,True,illustrative_synthetic
Album_2012_0004,Artist_2012_0004,2012,3.67,354,"Classical, Rock",synthetic,2026-08-08T00:56:44.307637,1204,True,illustrative_synthetic
Album_2012_0005,Artist_2012_0005,2012,4.04,853,"Pop, Folk, Classical",synthetic,2026-08-08T00:56:44.307637,1205,True,illustrative_synthetic
Album_2012_0006,Artist_2012_0006,2012,3.11,160,"Metal, Classical, Hip-Hop",synthetic,2026-08-08T00:56:44.307637,1206,True,illustrative_synthetic
Album_2012_0007,Artist_2012_0007,2012,3.81,52,"Reggae, Electronic, Punk",synthetic,2026-08-08T00:56:44.307637,1207,True,illustrative_synthetic
Album_2012_0008,Artist_2012_0008,2012,2.27,302,"R&B, Folk",synthetic,2026-08-08T00:56:44.307637,1208,True,illustrative_synthetic
Album_2012_0009,Artist_2012_0009,2012,3.61,610,Jazz,synthetic,2026-08-08T00:56:44.307637,1209,True,illustrative_synthetic
Album_2012_0010,Artist_2012_0010,2012,3.3,972,"R&B, Punk, Reggae",synthetic,2026-08-08T00:56:44.307637,1210,True,illustrative_synthetic
Album_2012_0011,Artist_2012_0011,2012,3.45,576,Alt. Rock,synthetic,2026-08-08T00:56:44.307637,1211,True,illustrative_synthetic
Album_2012_0012,Artist_2012_0012,2012,2.8,412,"Electronic, Pop",synthetic,2026-08-08T00:56:44.307637,1212,True,illustrative_synthetic
Album_2012_0013,Artist_2012_0013,2012,2.64,59,Folk,synthetic,2026-08-08T00:56:44.307637,1213,True,illustrative_synthetic
Album_2012_0014,Artist_2012_0014,2012,3.29,93,"Pop, Ambient, Electronic",synthetic,2026-08-08T00:56:44.307637,1214,True,illustrative_synthetic
Album_2012_0015,Artist_2012_0015,2012,3.51,752,Rock,synthetic,2026-08-08T00:56:44.307637,1215,True,illustrative_synthetic
Album_2012_0016,Artist_2012_0016,2012,3.34,64,"Punk, Blues",synthetic,2026-08-08T00:56:44.307637,1216,True,illustrative_synthetic
Album_2012_0017,Artist_2012_0017,2012,3.14,105,"Folk, Metal",synthetic,2026-08-08T00:56:44.307637,1217,True,illustrative_synthetic
Album_2012_0018,Artist_2012_0018,2012,3.1,101,"Experimental, Ambient, Classical",synthetic,2026-08-08T00:56:44.307637,1218,True,illustrative_synthetic
Album_2012_0019,Artist_2012_0019,2012,3.31,80,"Metal, Blues, Alt. Rock",synthetic,2026-08-08T00:56:44.307637,1219,True,illustrative_synthetic
Album_2012_0020,Artist_2012_0020,2012,3.56,728,"Indie Rock, Pop",synthetic,2026-08-08T00:56:44.307637,1220,True,illustrative_synthetic
Album_2012_0021,Artist_2012_0021,2012,3.92,190,"Alt. Rock, Indie Rock",synthetic,2026-08-08T00:56:44.307637,1221,True,illustrative_synthetic
Album_2012_0022,Artist_2012_0022,2012,3.15,201,"Classical, Punk",synthetic,2026-08-08T00:56:44.307637,1222,True,illustrative_synthetic
Album_2012_0023,Artist_2012_0023,2012,2.8,123,"Experimental, Blues, Jazz",synthetic,2026-08-08T00:56:44.307637,1223,True,illustrative_synthetic
Album_2012_0024,Artist_2012_0024,2012,3.03,126,Rock,synthetic,2026-08-08T00:56:44.307637,1224,True,illustrative_synthetic
Album_2012_0025,Artist_2012_0025,2012,3.81,50,"R&B, Hip-Hop, Electronic",synthetic,2026-08-08T00:56:44.307637,1225,True,illustrative_synthetic
Album_2012_0026,Artist_2012_0026,2012,2.87,50,Rock,synthetic,2026-08-08T00:56:44.307637,1226,True,illustrative_synthetic
Album_2012_0027,Artist_2012_0027,2012,3.69,50,"Classical, Country",synthetic,2026-08-08T00:56:44.307637,1227,True,illustrative_synthetic
Album_2012_0028,Artist_2012_0028,2012,3.2,50,"Classical, Ambient, Blues",synthetic,2026-08-08T00:56:44.307637,1228,True,illustrative_synthetic
Album_2012_0029,Artist_2012_0029,2012,3.81,296,"Reggae, Pop, Alt. Rock",synthetic,2026-08-08T00:56:44.307637,1229,True,illustrative_synthetic
Album_2012_0030,Artist_2012_0030,2012,2.69,206,"Jazz, Metal, Hip-Hop",synthetic,2026-08-08T00:56:44.307637,1230,True,illustrative_synthetic
Album_2012_0031,Artist_2012_0031,2012,3.36,52,Reggae,synthetic,2026-08-08T00:56:44.307637,1231,True,illustrative_synthetic
Album_2012_0032,Artist_2012_0032,2012,4.19,50,"Ambient, Pop",synthetic,2026-08-08T00:56:44.307637,1232,True,illustrative_synthetic
Album_2012_0033,Artist_2012_0033,2012,2.79,1220,Jazz,synthetic,2026-08-08T00:56:44.307637,1233,True,illustrative_synthetic
Album_2012_0034,Artist_2012_0034,2012,3.15,97,"Experimental, Metal, Classical",synthetic,2026-08-08T00:56:44.307637,1234,True,illustrative_synthetic
Album_2012_0035,Artist_2012_0035,2012,3.11,1083,"Reggae, Hip-Hop",synthetic,2026-08-08T00:56:44.307637,1235,True,illustrative_synthetic
Album_2012_0036,Artist_2012_0036,2012,3.5,296,"Ambient, Classical, Punk",synthetic,2026-08-08T00:56:44.307637,1236,True,illustrative_synthetic
Album_2012_0037,Artist_2012_0037,2012,3.8,575,Jazz,synthetic,2026-08-08T00:56:44.307637,1237,True,illustrative_synthetic
Album_2012_0038,Artist_2012_0038,2012,2.89,52,Pop,synthetic,2026-08-08T00:56:44.307637,1238,True,illustrative_synthetic
Album_2012_0039,Artist_2012_0039,2012,3.29,181,"Country, Classical",synthetic,2026-08-08T00:56:44.307637,1239,True,illustrative_synthetic
Album_2012_0040,Artist_2012_0040,2012,3.15,169,"Blues, Folk",synthetic,2026-08-08T00:56:44.307637,1240,True,illustrative_synthetic
Album_2012_0041,Artist_2012_0041,2012,3.4,164,"Rock, Reggae, Metal",synthetic,2026-08-08T00:56:44.307637,1241,True,illustrative_synthetic
Album_2012_0042,Artist_2012_0042,2012,3.12,50,"Alt. Rock, Electronic, Indie Rock",synthetic,2026-08-08T00:56:44.307637,1242,True,illustrative_synthetic
Album_2012_0043,Artist_2012_0043,2012,2.89,50,"Ambient, Blues",synthetic,2026-08-08T00:56:44.307637,1243,True,illustrative_synthetic
Album_2012_0044,Artist_2012_0044,2012,3.31,83,Pop,synthetic,2026-08-08T00:56:44.307637,1244,True,illustrative_synthetic
Album_2012_0045,Artist_2012_0045,2012,3.19,226,"Folk, Rock",synthetic,2026-08-08T00:56:44.307637,1245,True,illustrative_synthetic
Album_2012_0046,Artist_2012_0046,2012,2.76,79,"Alt. Rock, Hip-Hop, Reggae",synthetic,2026-08-08T00:56:44.307637,1246,True,illustrative_synthetic
Album_2012_0047,Artist_2012_0047,2012,3.75,181,"Ambient, R&B",synthetic,2026-08-08T00:56:44.307637,1247,True,illustrative_synthetic
Album_2012_0048,Artist_2012_0048,2012,3.54,50,Classical,synthetic,2026-08-08T00:56:44.307637,1248,True,illustrative_synthetic
Album_2012_0049,Artist_2012_0049,2012,3.43,1856,"Classical, Indie Rock",synthetic,2026-08-08T00:56:44.307637,1249,True,illustrative_synthetic
Album_2012_0050,Artist_2012_0050,2012,3.48,316,"Hip-Hop, Jazz",synthetic,2026-08-08T00:56:44.307637,1250,True,illustrative_synthetic
Album_2012_0051,Artist_2012_0051,2012,3.26,711,Rock,synthetic,2026-08-08T00:56:44.307637,1251,True,illustrative_synthetic
Album_2012_0052,Artist_2012_0052,2012,3.47,271,"Folk, Pop",synthetic,2026-08-08T00:56:44.307637,1252,True,illustrative_synthetic
Album_2012_0053,Artist_2012_0053,2012,3.0,76,"Experimental, Reggae",synthetic,2026-08-08T00:56:44.307637,1253,True,illustrative_synthetic
Album_2012_0054,Artist_2012_0054,2012,4.15,50,Metal,synthetic,2026-08-08T00:56:44.307637,1254,True,illustrative_synthetic
Album_2012_0055,Artist_2012_0055,2012,3.57,51,"Folk, Classical",synthetic,2026-08-08T00:56:44.307637,1255,True,illustrative_synthetic
Album_2012_0056,Artist_2012_0056,2012,3.43,740,Folk,synthetic,2026-08-08T00:56:44.307637,1256,True,illustrative_synthetic
Album_2012_0057,Artist_2012_0057,2012,3.38,54,"Ambient, Blues, Pop",synthetic,2026-08-08T00:56:44.307637,1257,True,illustrative_synthetic
Album_2012_0058,Artist_2012_0058,2012,3.26,190,"Metal, Electronic",synthetic,2026-08-08T00:56:44.307637,1258,True,illustrative_synthetic
Album_2012_0059,Artist_2012_0059,2012,3.15,451,"Classical, Reggae, Blues",synthetic,2026-08-08T00:56:44.307637,1259,True,illustrative_synthetic
Album_2012_0060,Artist_2012_0060,2012,3.04,210,"Indie Rock, Blues, Experimental",synthetic,2026-08-08T00:56:44.307637,1260,True,illustrative_synthetic
Album_2012_0061,Artist_2012_0061,2012,2.75,50,"Pop, Classical, R&B",synthetic,2026-08-08T00:56:44.307637,1261,True,illustrative_synthetic
Album_2012_0062,Artist_2012_0062,2012,3.66,97,"Metal, Reggae, Punk",synthetic,2026-08-08T00:56:44.307637,1262,True,illustrative_synthetic
Album_2012_0063,Artist_2012_0063,2012,3.5,134,"Punk, Indie Rock, Reggae",synthetic,2026-08-08T00:56:44.307637,1263,True,illustrative_synthetic
Album_2012_0064,Artist_2012_0064,2012,2.97,135,Folk,synthetic,2026-08-08T00:56:44.307637,1264,True,illustrative_synthetic
Album_2012_0065,Artist_2012_0065,2012,3.05,453,"Experimental, Indie Rock",synthetic,2026-08-08T00:56:44.307637,1265,True,illustrative_synthetic
Album_2012_0066,Artist_2012_0066,2012,2.67,51,"Jazz, Reggae",synthetic,2026-08-08T00:56:44.307637,1266,True,illustrative_synthetic
Album_2012_0067,Artist_2012_0067,2012,3.64,241,R&B,synthetic,2026-08-08T00:56:44.307637,1267,True,illustrative_synthetic
Album_2012_0068,Artist_2012_0068,2012,4.0,50,Indie Rock,synthetic,2026-08-08T00:56:44.307637,1268,True,illustrative_synthetic
Album_2012_0069,Artist_2012_0069,2012,2.95,578,"Country, Classical, Indie Rock",synthetic,2026-08-08T00:56:44.307637,1269,True,illustrative_synthetic
Album_2012_0070,Artist_2012_0070,2012,3.76,148,Blues,synthetic,2026-08-08T00:56:44.307637,1270,True,illustrative_synthetic
Album_2012_0071,Artist_2012_0071,2012,3.16,87,"Ambient, Blues",synthetic,2026-08-08T00:56:44.307637,1271,True,illustrative_synthetic
Album_2012_0072,Artist_2012_0072,2012,3.66,114,"Experimental, Jazz, Folk",synthetic,2026-08-08T00:56:44.307637,1272,True,illustrative_synthetic
Album_2012_0073,Artist_2012_0073,2012,3.31,50,"Metal, Classical",synthetic,2026-08-08T00:56:44.307637,1273,True,illustrative_synthetic
Album_2012_0074,Artist_2012_0074,2012,3.02,50,"Punk, Classical, Rock",synthetic,2026-08-08T00:56:44.307637,1274,True,illustrative_synthetic
Album_2012_0075,Artist_2012_0075,2012,2.48,178,Hip-Hop,synthetic,2026-08-08T00:56:44.307637,1275,True,illustrative_synthetic
Album_2012_0076,Artist_2012_0076,2012,2.92,1717,"Punk, Classical, Blues",synthetic,2026-08-08T00:56:44.307637,1276,True,illustrative_synthetic
Album_2012_0077,Artist_2012_0077,2012,3.39,50,Jazz,synthetic,2026-08-08T00:56:44.307637,1277,True,illustrative_synthetic
Album_2012_0078,Artist_2012_0078,2012,3.34,597,"Punk, Folk, Reggae",synthetic,2026-08-08T00:56:44.307637,1278,True,illustrative_synthetic
Album_2012_0079,Artist_2012_0079,2012,3.34,126,"Indie Rock, Hip-Hop",synthetic,2026-08-08T00:56:44.307637,1279,True,illustrative_synthetic
Album_2012_0080,Artist_2012_0080,2012,3.24,70,"Blues, Metal",synthetic,2026-08-08T00:56:44.307637,1280,True,illustrative_synthetic
Album_2012_0081,Artist_2012_0081,2012,3.68,234,"Punk, Hip-Hop, Electronic",synthetic,2026-08-08T00:56:44.307637,1281,True,illustrative_synthetic
Album_2012_0082,Artist_2012_0082,2012,4.09,480,Metal,synthetic,2026-08-08T00:56:44.307637,1282,True,illustrative_synthetic
Album_2012_0083,Artist_2012_0083,2012,3.34,465,"Punk, Jazz, Hip-Hop",synthetic,2026-08-08T00:56:44.307637,1283,True,illustrative_synthetic
Album_2012_0084,Artist_2012_0084,2012,2.93,181,"Country, Indie Rock",synthetic,2026-08-08T00:56:44.307637,1284,True,illustrative_synthetic
Album_2012_0085,Artist_2012_0085,2012,3.61,50,"Blues, Electronic, Folk",synthetic,2026-08-08T00:56:44.307637,1285,True,illustrative_synthetic
Album_2012_0086,Artist_2012_0086,2012,4.14,1149,Rock,synthetic,2026-08-08T00:56:44.307637,1286,True,illustrative_synthetic
Album_2012_0087,Artist_2012_0087,2012,2.79,105,"Metal, Indie Rock",synthetic,2026-08-08T00:56:44.307637,1287,True,illustrative_synthetic
Album_2012_0088,Artist_2012_0088,2012,3.76,50,"Blues, R&B",synthetic,2026-08-08T00:56:44.307637,1288,True,illustrative_synthetic
Album_2012_0089,Artist_2012_0089,2012,2.98,217,"Blues, Hip-Hop, Rock",synthetic,2026-08-08T00:56:44.307637,1289,True,illustrative_synthetic
Album_2012_0090,Artist_2012_0090,2012,3.0,50,"Indie Rock, Reggae, Alt. Rock",synthetic,2026-08-08T00:56:44.307637,1290,True,illustrative_synthetic
Album_2012_0091,Artist_2012_0091,2012,3.25,1128,"Alt. Rock, Experimental",synthetic,2026-08-08T00:56:44.307637,1291,True,illustrative_synthetic
Album_2012_0092,Artist_2012_0092,2012,3.99,329,"Pop, Classical",synthetic,2026-08-08T00:56:44.307637,1292,True,illustrative_synthetic
Album_2012_0093,Artist_2012_0093,2012,3.04,62,"Jazz, Reggae, Folk",synthetic,2026-08-08T00:56:44.307637,1293,True,illustrative_synthetic
Album_2012_0094,Artist_2012_0094,2012,3.29,50,"Electronic, Punk",synthetic,2026-08-08T00:56:44.307637,1294,True,illustrative_synthetic
Album_2012_0095,Artist_2012_0095,2012,3.88,50,Ambient,synthetic,2026-08-08T00:56:44.307637,1295,True,illustrative_synthetic
Album_2012_0096,Artist_2012_0096,2012,3.33,80,"Metal, Classical, Folk",synthetic,2026-08-08T00:56:44.307637,1296,True,illustrative_synthetic
Album_2012_0097,Artist_2012_0097,2012,3.49,63,Classical,synthetic,2026-08-08T00:56:44.307637,1297,True,illustrative_synthetic
Album_2012_0098,Artist_2012_0098,2012,3.52,6067,"Pop, Metal, Indie Rock",synthetic,2026-08-08T00:56:44.307637,1298,True,illustrative_synthetic
Album_2012_0099,Artist_2012_0099,2012,2.65,65544,"Reggae, Punk",synthetic,2026-08-08T00:56:44.307637,1299,True,illustrative_synthetic
Album_2012_0100,Artist_2012_0100,2012,2.81,238,"Rock, Country",synthetic,2026-08-08T00:56:44.307637,1300,True,illustrative_synthetic
Album_2013_0001,Artist_2013_0001,2013,3.89,323,"Hip-Hop, Classical, Alt. Rock",synthetic,2026-08-08T00:56:44.307637,1301,True,illustrative_synthetic
Album_2013_0002,Artist_2013_0002,2013,3.1,1126,Rock,synthetic,2026-08-08T00:56:44.307637,1302,True,illustrative_synthetic
Album_2013_0003,Artist_2013_0003,2013,2.76,50,Ambient,synthetic,2026-08-08T00:56:44.307637,1303,True,illustrative_synthetic
Album_2013_0004,Artist_2013_0004,2013,2.99,369,"Alt. Rock, Classical",synthetic,2026-08-08T00:56:44.307637,1304,True,illustrative_synthetic
Album_2013_0005,Artist_2013_0005,2013,3.75,265,"Experimental, Country",synthetic,2026-08-08T00:56:44.307637,1305,True,illustrative_synthetic
Album_2013_0006,Artist_2013_0006,2013,3.17,139,Pop,synthetic,2026-08-08T00:56:44.307637,1306,True,illustrative_synthetic
Album_2013_0007,Artist_2013_0007,2013,4.19,60,Experimental,synthetic,2026-08-08T00:56:44.307637,1307,True,illustrative_synthetic
Album_2013_0008,Artist_2013_0008,2013,3.08,89,Indie Rock,synthetic,2026-08-08T00:56:44.307637,1308,True,illustrative_synthetic
Album_2013_0009,Artist_2013_0009,2013,3.32,93,"Rock, Pop, Folk",synthetic,2026-08-08T00:56:44.307637,1309,True,illustrative_synthetic
Album_2013_0010,Artist_2013_0010,2013,3.65,137,"Rock, Metal, Hip-Hop",synthetic,2026-08-08T00:56:44.307637,1310,True,illustrative_synthetic
Album_2013_0011,Artist_2013_0011,2013,3.48,184,"Pop, Folk, Electronic",synthetic,2026-08-08T00:56:44.307637,1311,True,illustrative_synthetic
Album_2013_0012,Artist_2013_0012,2013,2.88,50,"Classical, Hip-Hop",synthetic,2026-08-08T00:56:44.307637,1312,True,illustrative_synthetic
Album_2013_0013,Artist_2013_0013,2013,3.16,13217,"Rock, Metal, Hip-Hop",synthetic,2026-08-08T00:56:44.307637,1313,True,illustrative_synthetic
Album_2013_0014,Artist_2013_0014,2013,2.76,63,"Rock, Hip-Hop",synthetic,2026-08-08T00:56:44.307637,1314,True,illustrative_synthetic
Album_2013_0015,Artist_2013_0015,2013,3.5,163,"Pop, Blues, Classical",synthetic,2026-08-08T00:56:44.307637,1315,True,illustrative_synthetic
Album_2013_0016,Artist_2013_0016,2013,3.06,50,"Ambient, Alt. Rock",synthetic,2026-08-08T00:56:44.307637,1316,True,illustrative_synthetic
Album_2013_0017,Artist_2013_0017,2013,3.59,50,"Country, Alt. Rock, Experimental",synthetic,2026-08-08T00:56:44.307637,1317,True,illustrative_synthetic
Album_2013_0018,Artist_2013_0018,2013,3.75,230,"Alt. Rock, Classical",synthetic,2026-08-08T00:56:44.307637,1318,True,illustrative_synthetic
Album_2013_0019,Artist_2013_0019,2013,3.49,345,Reggae,synthetic,2026-08-08T00:56:44.307637,1319,True,illustrative_synthetic
Album_2013_0020,Artist_2013_0020,2013,2.71,642,"Metal, Pop",synthetic,2026-08-08T00:56:44.307637,1320,True,illustrative_synthetic
Album_2013_0021,Artist_2013_0021,2013,3.25,50,"Hip-Hop, Reggae, Alt. Rock",synthetic,2026-08-08T00:56:44.307637,1321,True,illustrative_synthetic
Album_2013_0022,Artist_2013_0022,2013,3.69,695,"Alt. Rock, Indie Rock",synthetic,2026-08-08T00:56:44.307637,1322,True,illustrative_synthetic
Album_2013_0023,Artist_2013_0023,2013,3.77,77,"Ambient, Reggae",synthetic,2026-08-08T00:56:44.307637,1323,True,illustrative_synthetic
Album_2013_0024,Artist_2013_0024,2013,3.77,50,"Metal, Experimental",synthetic,2026-08-08T00:56:44.307637,1324,True,illustrative_synthetic
Album_2013_0025,Artist_2013_0025,2013,3.92,160,"Jazz, Ambient",synthetic,2026-08-08T00:56:44.307637,1325,True,illustrative_synthetic
Album_2013_0026,Artist_2013_0026,2013,2.84,213,"Country, Pop, Hip-Hop",synthetic,2026-08-08T00:56:44.307637,1326,True,illustrative_synthetic
Album_2013_0027,Artist_2013_0027,2013,3.56,50,"Folk, Pop",synthetic,2026-08-08T00:56:44.307637,1327,True,illustrative_synthetic
Album_2013_0028,Artist_2013_0028,2013,2.95,50,"Indie Rock, Folk, Blues",synthetic,2026-08-08T00:56:44.307637,1328,True,illustrative_synthetic
Album_2013_0029,Artist_2013_0029,2013,3.05,234,Metal,synthetic,2026-08-08T00:56:44.307637,1329,True,illustrative_synthetic
Album_2013_0030,Artist_2013_0030,2013,3.1,50,"Pop, Experimental",synthetic,2026-08-08T00:56:44.307637,1330,True,illustrative_synthetic
Album_2013_0031,Artist_2013_0031,2013,3.4,74,Classical,synthetic,2026-08-08T00:56:44.307637,1331,True,illustrative_synthetic
Album_2013_0032,Artist_2013_0032,2013,4.14,199,Hip-Hop,synthetic,2026-08-08T00:56:44.307637,1332,True,illustrative_synthetic
Album_2013_0033,Artist_2013_0033,2013,2.95,461,"Electronic, Pop, Ambient",synthetic,2026-08-08T00:56:44.307637,1333,True,illustrative_synthetic
Album_2013_0034,Artist_2013_0034,2013,3.04,50,Folk,synthetic,2026-08-08T00:56:44.307637,1334,True,illustrative_synthetic
Album_2013_0035,Artist_2013_0035,2013,3.54,850,"Indie Rock, Hip-Hop",synthetic,2026-08-08T00:56:44.307637,1335,True,illustrative_synthetic
Album_2013_0036,Artist_2013_0036,2013,3.39,442,"Punk, Indie Rock, Country",synthetic,2026-08-08T00:56:44.307637,1336,True,illustrative_synthetic
Album_2013_0037,Artist_2013_0037,2013,3.51,146,Ambient,synthetic,2026-08-08T00:56:44.307637,1337,True,illustrative_synthetic
Album_2013_0038,Artist_2013_0038,2013,3.74,277,Rock,synthetic,2026-08-08T00:56:44.307637,1338,True,illustrative_synthetic
Album_2013_0039,Artist_2013_0039,2013,4.07,275,Folk,synthetic,2026-08-08T00:56:44.307637,1339,True,illustrative_synthetic
Album_2013_0040,Artist_2013_0040,2013,3.89,50,"R&B, Ambient",synthetic,2026-08-08T00:56:44.307637,1340,True,illustrative_synthetic
Album_2013_0041,Artist_2013_0041,2013,3.54,117,Hip-Hop,synthetic,2026-08-08T00:56:44.307637,1341,True,illustrative_synthetic
Album_2013_0042,Artist_2013_0042,2013,3.78,51,Alt. Rock,synthetic,2026-08-08T00:56:44.307637,1342,True,illustrative_synthetic
Album_2013_0043,Artist_2013_0043,2013,2.57,56,Blues,synthetic,2026-08-08T00:56:44.307637,1343,True,illustrative_synthetic
Album_2013_0044,Artist_2013_0044,2013,2.74,1666,"Electronic, Folk",synthetic,2026-08-08T00:56:44.307637,1344,True,illustrative_synthetic
Album_2013_0045,Artist_2013_0045,2013,4.0,208,"Hip-Hop, Country, Reggae",synthetic,2026-08-08T00:56:44.307637,1345,True,illustrative_synthetic
Album_2013_0046,Artist_2013_0046,2013,3.5,65,"Hip-Hop, Jazz",synthetic,2026-08-08T00:56:44.307637,1346,True,illustrative_synthetic
Album_2013_0047,Artist_2013_0047,2013,3.79,87,Electronic,synthetic,2026-08-08T00:56:44.307637,1347,True,illustrative_synthetic
Album_2013_0048,Artist_2013_0048,2013,3.7,50,Ambient,synthetic,2026-08-08T00:56:44.307637,1348,True,illustrative_synthetic
Album_2013_0049,Artist_2013_0049,2013,3.42,83,"Folk, Electronic, Experimental",synthetic,2026-08-08T00:56:44.307637,1349,True,illustrative_synthetic
Album_2013_0050,Artist_2013_0050,2013,3.08,431,"Blues, Punk, Jazz",synthetic,2026-08-08T00:56:44.307637,1350,True,illustrative_synthetic
Album_2013_0051,Artist_2013_0051,2013,3.12,820,Indie Rock,synthetic,2026-08-08T00:56:44.307637,1351,True,illustrative_synthetic
Album_2013_0052,Artist_2013_0052,2013,3.69,672,Reggae,synthetic,2026-08-08T00:56:44.307637,1352,True,illustrative_synthetic
Album_2013_0053,Artist_2013_0053,2013,3.18,954,"Hip-Hop, Folk, Experimental",synthetic,2026-08-08T00:56:44.307637,1353,True,illustrative_synthetic
Album_2013_0054,Artist_2013_0054,2013,3.22,50,"Jazz, Metal, Ambient",synthetic,2026-08-08T00:56:44.307637,1354,True,illustrative_synthetic
Album_2013_0055,Artist_2013_0055,2013,3.35,311,Metal,synthetic,2026-08-08T00:56:44.307637,1355,True,illustrative_synthetic
Album_2013_0056,Artist_2013_0056,2013,3.47,50,"R&B, Hip-Hop, Experimental",synthetic,2026-08-08T00:56:44.307637,1356,True,illustrative_synthetic
Album_2013_0057,Artist_2013_0057,2013,3.34,1865,"Indie Rock, Metal",synthetic,2026-08-08T00:56:44.307637,1357,True,illustrative_synthetic
Album_2013_0058,Artist_2013_0058,2013,3.25,241,Experimental,synthetic,2026-08-08T00:56:44.307637,1358,True,illustrative_synthetic
Album_2013_0059,Artist_2013_0059,2013,3.08,94,Folk,synthetic,2026-08-08T00:56:44.307637,1359,True,illustrative_synthetic
Album_2013_0060,Artist_2013_0060,2013,3.96,50,Country,synthetic,2026-08-08T00:56:44.307637,1360,True,illustrative_synthetic
Album_2013_0061,Artist_2013_0061,2013,3.24,92,"Hip-Hop, Experimental",synthetic,2026-08-08T00:56:44.307637,1361,True,illustrative_synthetic
Album_2013_0062,Artist_2013_0062,2013,2.78,123,Folk,synthetic,2026-08-08T00:56:44.307637,1362,True,illustrative_synthetic
Album_2013_0063,Artist_2013_0063,2013,3.02,54,"Blues, Metal, Ambient",synthetic,2026-08-08T00:56:44.307637,1363,True,illustrative_synthetic
Album_2013_0064,Artist_2013_0064,2013,3.58,1379,"Metal, Folk, Blues",synthetic,2026-08-08T00:56:44.307637,1364,True,illustrative_synthetic
Album_2013_0065,Artist_2013_0065,2013,3.64,751,"Folk, Alt. Rock",synthetic,2026-08-08T00:56:44.307637,1365,True,illustrative_synthetic
Album_2013_0066,Artist_2013_0066,2013,3.81,538,"Indie Rock, Country, Electronic",synthetic,2026-08-08T00:56:44.307637,1366,True,illustrative_synthetic
Album_2013_0067,Artist_2013_0067,2013,3.66,50,Classical,synthetic,2026-08-08T00:56:44.307637,1367,True,illustrative_synthetic
Album_2013_0068,Artist_2013_0068,2013,3.72,83,"Hip-Hop, Experimental, Folk",synthetic,2026-08-08T00:56:44.307637,1368,True,illustrative_synthetic
Album_2013_0069,Artist_2013_0069,2013,2.86,130,"Hip-Hop, Jazz",synthetic,2026-08-08T00:56:44.307637,1369,True,illustrative_synthetic
Album_2013_0070,Artist_2013_0070,2013,3.33,65,"Metal, Country",synthetic,2026-08-08T00:56:44.307637,1370,True,illustrative_synthetic
Album_2013_0071,Artist_2013_0071,2013,3.39,291,Rock,synthetic,2026-08-08T00:56:44.307637,1371,True,illustrative_synthetic
Album_2013_0072,Artist_2013_0072,2013,2.74,55,"Ambient, Pop, Alt. Rock",synthetic,2026-08-08T00:56:44.307637,1372,True,illustrative_synthetic
Album_2013_0073,Artist_2013_0073,2013,3.08,83,"Electronic, Blues",synthetic,2026-08-08T00:56:44.307637,1373,True,illustrative_synthetic
Album_2013_0074,Artist_2013_0074,2013,3.54,137,"Blues, Ambient",synthetic,2026-08-08T00:56:44.307637,1374,True,illustrative_synthetic
Album_2013_0075,Artist_2013_0075,2013,3.33,1511,"Experimental, Jazz",synthetic,2026-08-08T00:56:44.307637,1375,True,illustrative_synthetic
Album_2013_0076,Artist_2013_0076,2013,3.33,194,"Experimental, Rock",synthetic,2026-08-08T00:56:44.307637,1376,True,illustrative_synthetic
Album_2013_0077,Artist_2013_0077,2013,3.0,75,"Reggae, Jazz",synthetic,2026-08-08T00:56:44.307637,1377,True,illustrative_synthetic
Album_2013_0078,Artist_2013_0078,2013,3.58,322,"Classical, Folk, Rock",synthetic,2026-08-08T00:56:44.307637,1378,True,illustrative_synthetic
Album_2013_0079,Artist_2013_0079,2013,3.57,50,"R&B, Jazz, Experimental",synthetic,2026-08-08T00:56:44.307637,1379,True,illustrative_synthetic
Album_2013_0080,Artist_2013_0080,2013,3.54,255,"Folk, Country",synthetic,2026-08-08T00:56:44.307637,1380,True,illustrative_synthetic
Album_2013_0081,Artist_2013_0081,2013,3.72,814,"Blues, Classical",synthetic,2026-08-08T00:56:44.307637,1381,True,illustrative_synthetic
Album_2013_0082,Artist_2013_0082,2013,3.19,50,"Country, Classical",synthetic,2026-08-08T00:56:44.307637,1382,True,illustrative_synthetic
Album_2013_0083,Artist_2013_0083,2013,3.6,50,"Ambient, Punk",synthetic,2026-08-08T00:56:44.307637,1383,True,illustrative_synthetic
Album_2013_0084,Artist_2013_0084,2013,3.13,271,"Folk, Hip-Hop, Jazz",synthetic,2026-08-08T00:56:44.307637,1384,True,illustrative_synthetic
Album_2013_0085,Artist_2013_0085,2013,4.11,50,"Pop, Folk",synthetic,2026-08-08T00:56:44.307637,1385,True,illustrative_synthetic
Album_2013_0086,Artist_2013_0086,2013,3.25,486,"Indie Rock, Experimental, Blues",synthetic,2026-08-08T00:56:44.307637,1386,True,illustrative_synthetic
Album_2013_0087,Artist_2013_0087,2013,3.49,50,"Country, Pop",synthetic,2026-08-08T00:56:44.307637,1387,True,illustrative_synthetic
Album_2013_0088,Artist_2013_0088,2013,3.04,229,Electronic,synthetic,2026-08-08T00:56:44.307637,1388,True,illustrative_synthetic
Album_2013_0089,Artist_2013_0089,2013,2.91,2651,"Pop, Electronic",synthetic,2026-08-08T00:56:44.307637,1389,True,illustrative_synthetic
Album_2013_0090,Artist_2013_0090,2013,3.14,102,Rock,synthetic,2026-08-08T00:56:44.307637,1390,True,illustrative_synthetic
Album_2013_0091,Artist_2013_0091,2013,3.52,416,Rock,synthetic,2026-08-08T00:56:44.307637,1391,True,illustrative_synthetic
Album_2013_0092,Artist_2013_0092,2013,2.73,58,"Rock, Pop, Jazz",synthetic,2026-08-08T00:56:44.307637,1392,True,illustrative_synthetic
Album_2013_0093,Artist_2013_0093,2013,3.92,254,Rock,synthetic,2026-08-08T00:56:44.307637,1393,True,illustrative_synthetic
Album_2013_0094,Artist_2013_0094,2013,3.62,50,"Alt. Rock, Country, Ambient",synthetic,2026-08-08T00:56:44.307637,1394,True,illustrative_synthetic
Album_2013_0095,Artist_2013_0095,2013,2.78,165,"Indie Rock, Pop",synthetic,2026-08-08T00:56:44.307637,1395,True,illustrative_synthetic
Album_2013_0096,Artist_2013_0096,2013,3.33,91,"Experimental, Pop, Reggae",synthetic,2026-08-08T00:56:44.307637,1396,True,illustrative_synthetic
Album_2013_0097,Artist_2013_0097,2013,3.49,142,"Reggae, Classical, Blues",synthetic,2026-08-08T00:56:44.307637,1397,True,illustrative_synthetic
Album_2013_0098,Artist_2013_0098,2013,2.86,209,"Classical, Blues",synthetic,2026-08-08T00:56:44.307637,1398,True,illustrative_synthetic
Album_2013_0099,Artist_2013_0099,2013,2.87,619,"Metal, Blues",synthetic,2026-08-08T00:56:44.307637,1399,True,illustrative_synthetic
Album_2013_0100,Artist_2013_0100,2013,3.74,50,"Ambient, R&B, Folk",synthetic,2026-08-08T00:56:44.307637,1400,True,illustrative_synthetic
Album_2014_0001,Artist_2014_0001,2014,3.59,50,"Reggae, Electronic, Punk",synthetic,2026-08-08T00:56:44.307637,1401,True,illustrative_synthetic
Album_2014_0002,Artist_2014_0002,2014,3.56,93,"Ambient, Hip-Hop",synthetic,2026-08-08T00:56:44.307637,1402,True,illustrative_synthetic
Album_2014_0003,Artist_2014_0003,2014,3.53,50,"Blues, Punk",synthetic,2026-08-08T00:56:44.307637,1403,True,illustrative_synthetic
Album_2014_0004,Artist_2014_0004,2014,3.06,50,Electronic,synthetic,2026-08-08T00:56:44.307637,1404,True,illustrative_synthetic
Album_2014_0005,Artist_2014_0005,2014,2.88,297,"Electronic, R&B",synthetic,2026-08-08T00:56:44.307637,1405,True,illustrative_synthetic
Album_2014_0006,Artist_2014_0006,2014,3.23,164,"Indie Rock, Experimental, Classical",synthetic,2026-08-08T00:56:44.307637,1406,True,illustrative_synthetic
Album_2014_0007,Artist_2014_0007,2014,3.53,2541,"Electronic, Experimental, Reggae",synthetic,2026-08-08T00:56:44.307637,1407,True,illustrative_synthetic
Album_2014_0008,Artist_2014_0008,2014,3.56,50,"Metal, Electronic, Punk",synthetic,2026-08-08T00:56:44.307637,1408,True,illustrative_synthetic
Album_2014_0009,Artist_2014_0009,2014,3.29,351,"Alt. Rock, Ambient, Punk",synthetic,2026-08-08T00:56:44.307637,1409,True,illustrative_synthetic
Album_2014_0010,Artist_2014_0010,2014,3.52,50,Pop,synthetic,2026-08-08T00:56:44.307637,1410,True,illustrative_synthetic
Album_2014_0011,Artist_2014_0011,2014,3.29,1771,"Ambient, Hip-Hop, Alt. Rock",synthetic,2026-08-08T00:56:44.307637,1411,True,illustrative_synthetic
Album_2014_0012,Artist_2014_0012,2014,3.9,353,Reggae,synthetic,2026-08-08T00:56:44.307637,1412,True,illustrative_synthetic
Album_2014_0013,Artist_2014_0013,2014,3.33,269,Experimental,synthetic,2026-08-08T00:56:44.307637,1413,True,illustrative_synthetic
Album_2014_0014,Artist_2014_0014,2014,3.41,500,"R&B, Experimental",synthetic,2026-08-08T00:56:44.307637,1414,True,illustrative_synthetic
Album_2014_0015,Artist_2014_0015,2014,3.09,137,"Reggae, Indie Rock",synthetic,2026-08-08T00:56:44.307637,1415,True,illustrative_synthetic
Album_2014_0016,Artist_2014_0016,2014,3.21,621,Alt. Rock,synthetic,2026-08-08T00:56:44.307637,1416,True,illustrative_synthetic
Album_2014_0017,Artist_2014_0017,2014,3.38,50,Experimental,synthetic,2026-08-08T00:56:44.307637,1417,True,illustrative_synthetic
Album_2014_0018,Artist_2014_0018,2014,3.44,50,"Indie Rock, Jazz",synthetic,2026-08-08T00:56:44.307637,1418,True,illustrative_synthetic
Album_2014_0019,Artist_2014_0019,2014,3.86,239,"Punk, Metal",synthetic,2026-08-08T00:56:44.307637,1419,True,illustrative_synthetic
Album_2014_0020,Artist_2014_0020,2014,2.66,50,"Experimental, Metal, Ambient",synthetic,2026-08-08T00:56:44.307637,1420,True,illustrative_synthetic
Album_2014_0021,Artist_2014_0021,2014,2.26,1335,Blues,synthetic,2026-08-08T00:56:44.307637,1421,True,illustrative_synthetic
Album_2014_0022,Artist_2014_0022,2014,2.43,50,Jazz,synthetic,2026-08-08T00:56:44.307637,1422,True,illustrative_synthetic
Album_2014_0023,Artist_2014_0023,2014,3.51,152,"Metal, R&B, Alt. Rock",synthetic,2026-08-08T00:56:44.307637,1423,True,illustrative_synthetic
Album_2014_0024,Artist_2014_0024,2014,4.07,256,Blues,synthetic,2026-08-08T00:56:44.307637,1424,True,illustrative_synthetic
Album_2014_0025,Artist_2014_0025,2014,3.03,127,"Ambient, Reggae, Country",synthetic,2026-08-08T00:56:44.307637,1425,True,illustrative_synthetic
Album_2014_0026,Artist_2014_0026,2014,3.68,50,Punk,synthetic,2026-08-08T00:56:44.307637,1426,True,illustrative_synthetic
Album_2014_0027,Artist_2014_0027,2014,3.3,132,"Punk, Experimental, Electronic",synthetic,2026-08-08T00:56:44.307637,1427,True,illustrative_synthetic
Album_2014_0028,Artist_2014_0028,2014,3.52,289,"Reggae, Rock",synthetic,2026-08-08T00:56:44.307637,1428,True,illustrative_synthetic
Album_2014_0029,Artist_2014_0029,2014,3.77,547,"R&B, Country, Classical",synthetic,2026-08-08T00:56:44.307637,1429,True,illustrative_synthetic
Album_2014_0030,Artist_2014_0030,2014,3.58,281,"Electronic, Metal",synthetic,2026-08-08T00:56:44.307637,1430,True,illustrative_synthetic
Album_2014_0031,Artist_2014_0031,2014,3.24,50,"Experimental, R&B",synthetic,2026-08-08T00:56:44.307637,1431,True,illustrative_synthetic
Album_2014_0032,Artist_2014_0032,2014,3.52,172,Metal,synthetic,2026-08-08T00:56:44.307637,1432,True,illustrative_synthetic
Album_2014_0033,Artist_2014_0033,2014,3.15,313,Rock,synthetic,2026-08-08T00:56:44.307637,1433,True,illustrative_synthetic
Album_2014_0034,Artist_2014_0034,2014,3.02,2388,"Electronic, Punk",synthetic,2026-08-08T00:56:44.307637,1434,True,illustrative_synthetic
Album_2014_0035,Artist_2014_0035,2014,3.91,50,"Alt. Rock, Experimental",synthetic,2026-08-08T00:56:44.307637,1435,True,illustrative_synthetic
Album_2014_0036,Artist_2014_0036,2014,3.23,1582,"Reggae, Experimental",synthetic,2026-08-08T00:56:44.307637,1436,True,illustrative_synthetic
Album_2014_0037,Artist_2014_0037,2014,4.25,50,"Jazz, R&B",synthetic,2026-08-08T00:56:44.307637,1437,True,illustrative_synthetic
Album_2014_0038,Artist_2014_0038,2014,2.63,376,"Electronic, Jazz, Folk",synthetic,2026-08-08T00:56:44.307637,1438,True,illustrative_synthetic
Album_2014_0039,Artist_2014_0039,2014,2.97,54,"Hip-Hop, Classical",synthetic,2026-08-08T00:56:44.307637,1439,True,illustrative_synthetic
Album_2014_0040,Artist_2014_0040,2014,3.43,3807,"Jazz, Punk, Electronic",synthetic,2026-08-08T00:56:44.307637,1440,True,illustrative_synthetic
Album_2014_0041,Artist_2014_0041,2014,4.39,770,Indie Rock,synthetic,2026-08-08T00:56:44.307637,1441,True,illustrative_synthetic
Album_2014_0042,Artist_2014_0042,2014,3.36,50,"Ambient, Blues",synthetic,2026-08-08T00:56:44.307637,1442,True,illustrative_synthetic
Album_2014_0043,Artist_2014_0043,2014,3.43,50,"Experimental, Jazz, Folk",synthetic,2026-08-08T00:56:44.307637,1443,True,illustrative_synthetic
Album_2014_0044,Artist_2014_0044,2014,3.44,132,"Experimental, Metal, Classical",synthetic,2026-08-08T00:56:44.307637,1444,True,illustrative_synthetic
Album_2014_0045,Artist_2014_0045,2014,2.5,50,Jazz,synthetic,2026-08-08T00:56:44.307637,1445,True,illustrative_synthetic
Album_2014_0046,Artist_2014_0046,2014,3.38,289,"R&B, Electronic",synthetic,2026-08-08T00:56:44.307637,1446,True,illustrative_synthetic
Album_2014_0047,Artist_2014_0047,2014,3.63,168,"Folk, Classical",synthetic,2026-08-08T00:56:44.307637,1447,True,illustrative_synthetic
Album_2014_0048,Artist_2014_0048,2014,3.82,229,Metal,synthetic,2026-08-08T00:56:44.307637,1448,True,illustrative_synthetic
Album_2014_0049,Artist_2014_0049,2014,3.57,245,"R&B, Blues, Metal",synthetic,2026-08-08T00:56:44.307637,1449,True,illustrative_synthetic
Album_2014_0050,Artist_2014_0050,2014,3.31,50,"Electronic, Reggae, Alt. Rock",synthetic,2026-08-08T00:56:44.307637,1450,True,illustrative_synthetic
Album_2014_0051,Artist_2014_0051,2014,3.02,123,"R&B, Ambient",synthetic,2026-08-08T00:56:44.307637,1451,True,illustrative_synthetic
Album_2014_0052,Artist_2014_0052,2014,3.5,50,Blues,synthetic,2026-08-08T00:56:44.307637,1452,True,illustrative_synthetic
Album_2014_0053,Artist_2014_0053,2014,3.59,50,Blues,synthetic,2026-08-08T00:56:44.307637,1453,True,illustrative_synthetic
Album_2014_0054,Artist_2014_0054,2014,3.23,50,"Folk, Ambient, Punk",synthetic,2026-08-08T00:56:44.307637,1454,True,illustrative_synthetic
Album_2014_0055,Artist_2014_0055,2014,3.43,50,"Ambient, Pop",synthetic,2026-08-08T00:56:44.307637,1455,True,illustrative_synthetic
Album_2014_0056,Artist_2014_0056,2014,3.81,50,"Classical, R&B",synthetic,2026-08-08T00:56:44.307637,1456,True,illustrative_synthetic
Album_2014_0057,Artist_2014_0057,2014,3.43,50,"Alt. Rock, Reggae",synthetic,2026-08-08T00:56:44.307637,1457,True,illustrative_synthetic
Album_2014_0058,Artist_2014_0058,2014,2.75,97,"Punk, Folk",synthetic,2026-08-08T00:56:44.307637,1458,True,illustrative_synthetic
Album_2014_0059,Artist_2014_0059,2014,4.07,112,Classical,synthetic,2026-08-08T00:56:44.307637,1459,True,illustrative_synthetic
Album_2014_0060,Artist_2014_0060,2014,3.08,1435,"Experimental, Blues, Alt. Rock",synthetic,2026-08-08T00:56:44.307637,1460,True,illustrative_synthetic
Album_2014_0061,Artist_2014_0061,2014,3.82,229,"Classical, Country, Pop",synthetic,2026-08-08T00:56:44.307637,1461,True,illustrative_synthetic
Album_2014_0062,Artist_2014_0062,2014,3.45,106,"Rock, Experimental",synthetic,2026-08-08T00:56:44.307637,1462,True,illustrative_synthetic
Album_2014_0063,Artist_2014_0063,2014,2.81,741,"Ambient, Classical",synthetic,2026-08-08T00:56:44.307637,1463,True,illustrative_synthetic
Album_2014_0064,Artist_2014_0064,2014,3.22,50,"Hip-Hop, Pop",synthetic,2026-08-08T00:56:44.307637,1464,True,illustrative_synthetic
Album_2014_0065,Artist_2014_0065,2014,2.96,87,"Blues, Metal, Classical",synthetic,2026-08-08T00:56:44.307637,1465,True,illustrative_synthetic
Album_2014_0066,Artist_2014_0066,2014,3.67,50,"Rock, Jazz",synthetic,2026-08-08T00:56:44.307637,1466,True,illustrative_synthetic
Album_2014_0067,Artist_2014_0067,2014,3.54,50,"Metal, Experimental",synthetic,2026-08-08T00:56:44.307637,1467,True,illustrative_synthetic
Album_2014_0068,Artist_2014_0068,2014,3.42,50,"Folk, Hip-Hop, Metal",synthetic,2026-08-08T00:56:44.307637,1468,True,illustrative_synthetic
Album_2014_0069,Artist_2014_0069,2014,4.38,145,Pop,synthetic,2026-08-08T00:56:44.307637,1469,True,illustrative_synthetic
Album_2014_0070,Artist_2014_0070,2014,2.92,371,Rock,synthetic,2026-08-08T00:56:44.307637,1470,True,illustrative_synthetic
Album_2014_0071,Artist_2014_0071,2014,3.04,685,"Reggae, Jazz",synthetic,2026-08-08T00:56:44.307637,1471,True,illustrative_synthetic
Album_2014_0072,Artist_2014_0072,2014,3.06,95,"Blues, Metal",synthetic,2026-08-08T00:56:44.307637,1472,True,illustrative_synthetic
Album_2014_0073,Artist_2014_0073,2014,3.25,313,Classical,synthetic,2026-08-08T00:56:44.307637,1473,True,illustrative_synthetic
Album_2014_0074,Artist_2014_0074,2014,3.94,66,"Punk, Experimental",synthetic,2026-08-08T00:56:44.307637,1474,True,illustrative_synthetic
Album_2014_0075,Artist_2014_0075,2014,3.59,54,"Country, Reggae",synthetic,2026-08-08T00:56:44.307637,1475,True,illustrative_synthetic
Album_2014_0076,Artist_2014_0076,2014,3.63,135,"Blues, Folk, Reggae",synthetic,2026-08-08T00:56:44.307637,1476,True,illustrative_synthetic
Album_2014_0077,Artist_2014_0077,2014,3.36,285,"Alt. Rock, Blues, Electronic",synthetic,2026-08-08T00:56:44.307637,1477,True,illustrative_synthetic
Album_2014_0078,Artist_2014_0078,2014,2.95,50,"Country, Classical",synthetic,2026-08-08T00:56:44.307637,1478,True,illustrative_synthetic
Album_2014_0079,Artist_2014_0079,2014,3.12,942,"Experimental, Country",synthetic,2026-08-08T00:56:44.307637,1479,True,illustrative_synthetic
Album_2014_0080,Artist_2014_0080,2014,3.55,91,"Alt. Rock, Country",synthetic,2026-08-08T00:56:44.307637,1480,True,illustrative_synthetic
Album_2014_0081,Artist_2014_0081,2014,3.44,350,"Alt. Rock, Electronic",synthetic,2026-08-08T00:56:44.307637,1481,True,illustrative_synthetic
Album_2014_0082,Artist_2014_0082,2014,3.17,618,"Punk, Country",synthetic,2026-08-08T00:56:44.307637,1482,True,illustrative_synthetic
Album_2014_0083,Artist_2014_0083,2014,3.82,9682,"Blues, Experimental, Electronic",synthetic,2026-08-08T00:56:44.307637,1483,True,illustrative_synthetic
Album_2014_0084,Artist_2014_0084,2014,3.99,50,"Classical, Reggae, Electronic",synthetic,2026-08-08T00:56:44.307637,1484,True,illustrative_synthetic
Album_2014_0085,Artist_2014_0085,2014,3.7,484,Hip-Hop,synthetic,2026-08-08T00:56:44.307637,1485,True,illustrative_synthetic
Album_2014_0086,Artist_2014_0086,2014,3.27,2160,Pop,synthetic,2026-08-08T00:56:44.307637,1486,True,illustrative_synthetic
Album_2014_0087,Artist_2014_0087,2014,4.04,165,"Ambient, Folk",synthetic,2026-08-08T00:56:44.307637,1487,True,illustrative_synthetic
Album_2014_0088,Artist_2014_0088,2014,3.24,56,"Classical, Electronic, Metal",synthetic,2026-08-08T00:56:44.307637,1488,True,illustrative_synthetic
Album_2014_0089,Artist_2014_0089,2014,3.39,267,Classical,synthetic,2026-08-08T00:56:44.307637,1489,True,illustrative_synthetic
Album_2014_0090,Artist_2014_0090,2014,3.91,50,Indie Rock,synthetic,2026-08-08T00:56:44.307637,1490,True,illustrative_synthetic
Album_2014_0091,Artist_2014_0091,2014,3.6,156,"Classical, Pop",synthetic,2026-08-08T00:56:44.307637,1491,True,illustrative_synthetic
Album_2014_0092,Artist_2014_0092,2014,3.39,161,"Pop, Rock, Hip-Hop",synthetic,2026-08-08T00:56:44.307637,1492,True,illustrative_synthetic
Album_2014_0093,Artist_2014_0093,2014,4.05,279,R&B,synthetic,2026-08-08T00:56:44.307637,1493,True,illustrative_synthetic
Album_2014_0094,Artist_2014_0094,2014,2.86,870,"Hip-Hop, Metal",synthetic,2026-08-08T00:56:44.307637,1494,True,illustrative_synthetic
Album_2014_0095,Artist_2014_0095,2014,3.6,50,Jazz,synthetic,2026-08-08T00:56:44.307637,1495,True,illustrative_synthetic
Album_2014_0096,Artist_2014_0096,2014,3.09,164,"Experimental, Classical, Rock",synthetic,2026-08-08T00:56:44.307637,1496,True,illustrative_synthetic
Album_2014_0097,Artist_2014_0097,2014,2.92,50,Indie Rock,synthetic,2026-08-08T00:56:44.307637,1497,True,illustrative_synthetic
Album_2014_0098,Artist_2014_0098,2014,3.61,50,"Ambient, Electronic, Experimental",synthetic,2026-08-08T00:56:44.307637,1498,True,illustrative_synthetic
Album_2014_0099,Artist_2014_0099,2014,3.86,210,Alt. Rock,synthetic,2026-08-08T00:56:44.307637,1499,True,illustrative_synthetic
Album_2014_0100,Artist_2014_0100,2014,3.01,50,Experimental,synthetic,2026-08-08T00:56:44.307637,1500,True,illustrative_synthetic
Album_2015_0001,Artist_2015_0001,2015,2.48,1313,"Electronic, Rock, Metal",synthetic,2026-08-08T00:56:44.307637,1501,True,illustrative_synthetic
Album_2015_0002,Artist_2015_0002,2015,3.3,50,"Alt. Rock, R&B",synthetic,2026-08-08T00:56:44.307637,1502,True,illustrative_synthetic
Album_2015_0003,Artist_2015_0003,2015,2.81,509,"Country, Blues, Rock",synthetic,2026-08-08T00:56:44.307637,1503,True,illustrative_synthetic
Album_2015_0004,Artist_2015_0004,2015,3.36,89,"Electronic, Classical, Reggae",synthetic,2026-08-08T00:56:44.307637,1504,True,illustrative_synthetic
Album_2015_0005,Artist_2015_0005,2015,3.43,315,"Rock, Electronic",synthetic,2026-08-08T00:56:44.307637,1505,True,illustrative_synthetic
Album_2015_0006,Artist_2015_0006,2015,3.3,55,"Folk, Ambient",synthetic,2026-08-08T00:56:44.307637,1506,True,illustrative_synthetic
Album_2015_0007,Artist_2015_0007,2015,3.23,370,Punk,synthetic,2026-08-08T00:56:44.307637,1507,True,illustrative_synthetic
Album_2015_0008,Artist_2015_0008,2015,2.82,50,Metal,synthetic,2026-08-08T00:56:44.307637,1508,True,illustrative_synthetic
Album_2015_0009,Artist_2015_0009,2015,3.3,147,Electronic,synthetic,2026-08-08T00:56:44.307637,1509,True,illustrative_synthetic
Album_2015_0010,Artist_2015_0010,2015,3.61,92,Alt. Rock,synthetic,2026-08-08T00:56:44.307637,1510,True,illustrative_synthetic
Album_2015_0011,Artist_2015_0011,2015,3.46,330,"Country, Jazz, Pop",synthetic,2026-08-08T00:56:44.307637,1511,True,illustrative_synthetic
Album_2015_0012,Artist_2015_0012,2015,3.26,147,"Alt. Rock, Hip-Hop, Country",synthetic,2026-08-08T00:56:44.307637,1512,True,illustrative_synthetic
Album_2015_0013,Artist_2015_0013,2015,3.47,425,"Rock, Classical, Ambient",synthetic,2026-08-08T00:56:44.307637,1513,True,illustrative_synthetic
Album_2015_0014,Artist_2015_0014,2015,3.63,10933,"Pop, Country, Alt. Rock",synthetic,2026-08-08T00:56:44.307637,1514,True,illustrative_synthetic
Album_2015_0015,Artist_2015_0015,2015,3.31,86,Electronic,synthetic,2026-08-08T00:56:44.307637,1515,True,illustrative_synthetic
Album_2015_0016,Artist_2015_0016,2015,3.67,50,Indie Rock,synthetic,2026-08-08T00:56:44.307637,1516,True,illustrative_synthetic
Album_2015_0017,Artist_2015_0017,2015,3.04,2392,Classical,synthetic,2026-08-08T00:56:44.307637,1517,True,illustrative_synthetic
Album_2015_0018,Artist_2015_0018,2015,2.78,148,Reggae,synthetic,2026-08-08T00:56:44.307637,1518,True,illustrative_synthetic
Album_2015_0019,Artist_2015_0019,2015,3.35,456,"Metal, Reggae, Rock",synthetic,2026-08-08T00:56:44.307637,1519,True,illustrative_synthetic
Album_2015_0020,Artist_2015_0020,2015,2.85,50,"Ambient, Rock",synthetic,2026-08-08T00:56:44.307637,1520,True,illustrative_synthetic
Album_2015_0021,Artist_2015_0021,2015,3.73,1173,"Experimental, Punk",synthetic,2026-08-08T00:56:44.307637,1521,True,illustrative_synthetic
Album_2015_0022,Artist_2015_0022,2015,3.96,85,Indie Rock,synthetic,2026-08-08T00:56:44.307637,1522,True,illustrative_synthetic
Album_2015_0023,Artist_2015_0023,2015,3.13,1611,"Punk, Experimental",synthetic,2026-08-08T00:56:44.307637,1523,True,illustrative_synthetic
Album_2015_0024,Artist_2015_0024,2015,3.69,81,Pop,synthetic,2026-08-08T00:56:44.307637,1524,True,illustrative_synthetic
Album_2015_0025,Artist_2015_0025,2015,2.85,95,Blues,synthetic,2026-08-08T00:56:44.307637,1525,True,illustrative_synthetic
Album_2015_0026,Artist_2015_0026,2015,3.36,127,"Ambient, Folk",synthetic,2026-08-08T00:56:44.307637,1526,True,illustrative_synthetic
Album_2015_0027,Artist_2015_0027,2015,3.32,762,"Country, Hip-Hop",synthetic,2026-08-08T00:56:44.307637,1527,True,illustrative_synthetic
Album_2015_0028,Artist_2015_0028,2015,4.18,349,"Folk, Metal",synthetic,2026-08-08T00:56:44.307637,1528,True,illustrative_synthetic
Album_2015_0029,Artist_2015_0029,2015,3.64,50,"Rock, Country, Experimental",synthetic,2026-08-08T00:56:44.307637,1529,True,illustrative_synthetic
Album_2015_0030,Artist_2015_0030,2015,3.18,2186,"Indie Rock, R&B",synthetic,2026-08-08T00:56:44.307637,1530,True,illustrative_synthetic
Album_2015_0031,Artist_2015_0031,2015,3.42,251,"Jazz, Hip-Hop, Pop",synthetic,2026-08-08T00:56:44.307637,1531,True,illustrative_synthetic
Album_2015_0032,Artist_2015_0032,2015,3.67,101,"Country, Rock",synthetic,2026-08-08T00:56:44.307637,1532,True,illustrative_synthetic
Album_2015_0033,Artist_2015_0033,2015,2.85,50,Hip-Hop,synthetic,2026-08-08T00:56:44.307637,1533,True,illustrative_synthetic
Album_2015_0034,Artist_2015_0034,2015,3.42,50,"Hip-Hop, Metal, Folk",synthetic,2026-08-08T00:56:44.307637,1534,True,illustrative_synthetic
Album_2015_0035,Artist_2015_0035,2015,2.81,199,"Reggae, Folk, Ambient",synthetic,2026-08-08T00:56:44.307637,1535,True,illustrative_synthetic
Album_2015_0036,Artist_2015_0036,2015,2.96,50,"Rock, Blues",synthetic,2026-08-08T00:56:44.307637,1536,True,illustrative_synthetic
Album_2015_0037,Artist_2015_0037,2015,4.11,81,"Jazz, Classical, Indie Rock",synthetic,2026-08-08T00:56:44.307637,1537,True,illustrative_synthetic
Album_2015_0038,Artist_2015_0038,2015,3.18,59,"Electronic, Pop",synthetic,2026-08-08T00:56:44.307637,1538,True,illustrative_synthetic
Album_2015_0039,Artist_2015_0039,2015,3.05,136,Rock,synthetic,2026-08-08T00:56:44.307637,1539,True,illustrative_synthetic
Album_2015_0040,Artist_2015_0040,2015,3.25,92,"Metal, Rock",synthetic,2026-08-08T00:56:44.307637,1540,True,illustrative_synthetic
Album_2015_0041,Artist_2015_0041,2015,3.51,469,"Ambient, Classical, Electronic",synthetic,2026-08-08T00:56:44.307637,1541,True,illustrative_synthetic
Album_2015_0042,Artist_2015_0042,2015,3.1,431,"Punk, Hip-Hop",synthetic,2026-08-08T00:56:44.307637,1542,True,illustrative_synthetic
Album_2015_0043,Artist_2015_0043,2015,3.1,50,"Jazz, Ambient",synthetic,2026-08-08T00:56:44.307637,1543,True,illustrative_synthetic
Album_2015_0044,Artist_2015_0044,2015,2.93,50,Indie Rock,synthetic,2026-08-08T00:56:44.307637,1544,True,illustrative_synthetic
Album_2015_0045,Artist_2015_0045,2015,4.18,79,"Ambient, Classical",synthetic,2026-08-08T00:56:44.307637,1545,True,illustrative_synthetic
Album_2015_0046,Artist_2015_0046,2015,3.27,127,"Jazz, Punk",synthetic,2026-08-08T00:56:44.307637,1546,True,illustrative_synthetic
Album_2015_0047,Artist_2015_0047,2015,3.9,281,"Rock, Pop, Alt. Rock",synthetic,2026-08-08T00:56:44.307637,1547,True,illustrative_synthetic
Album_2015_0048,Artist_2015_0048,2015,2.8,553,"Jazz, Country, Folk",synthetic,2026-08-08T00:56:44.307637,1548,True,illustrative_synthetic
Album_2015_0049,Artist_2015_0049,2015,3.33,199,"Ambient, Reggae, Country",synthetic,2026-08-08T00:56:44.307637,1549,True,illustrative_synthetic
Album_2015_0050,Artist_2015_0050,2015,3.37,248,Ambient,synthetic,2026-08-08T00:56:44.307637,1550,True,illustrative_synthetic
Album_2015_0051,Artist_2015_0051,2015,3.18,165,"Ambient, Reggae",synthetic,2026-08-08T00:56:44.307637,1551,True,illustrative_synthetic
Album_2015_0052,Artist_2015_0052,2015,3.13,492,"Electronic, Punk, Reggae",synthetic,2026-08-08T00:56:44.307637,1552,True,illustrative_synthetic
Album_2015_0053,Artist_2015_0053,2015,4.22,139,"Blues, Metal, Hip-Hop",synthetic,2026-08-08T00:56:44.307637,1553,True,illustrative_synthetic
Album_2015_0054,Artist_2015_0054,2015,3.5,1406,R&B,synthetic,2026-08-08T00:56:44.307637,1554,True,illustrative_synthetic
Album_2015_0055,Artist_2015_0055,2015,3.19,208,"Experimental, Folk, Country",synthetic,2026-08-08T00:56:44.307637,1555,True,illustrative_synthetic
Album_2015_0056,Artist_2015_0056,2015,3.36,574,Electronic,synthetic,2026-08-08T00:56:44.307637,1556,True,illustrative_synthetic
Album_2015_0057,Artist_2015_0057,2015,2.65,50,"Punk, Classical, Alt. Rock",synthetic,2026-08-08T00:56:44.307637,1557,True,illustrative_synthetic
Album_2015_0058,Artist_2015_0058,2015,3.08,387,"Folk, Blues",synthetic,2026-08-08T00:56:44.307637,1558,True,illustrative_synthetic
Album_2015_0059,Artist_2015_0059,2015,3.4,403,"Folk, Metal",synthetic,2026-08-08T00:56:44.307637,1559,True,illustrative_synthetic
Album_2015_0060,Artist_2015_0060,2015,3.79,2980,"Blues, Ambient, Electronic",synthetic,2026-08-08T00:56:44.307637,1560,True,illustrative_synthetic
Album_2015_0061,Artist_2015_0061,2015,3.29,105,"Alt. Rock, Blues, Rock",synthetic,2026-08-08T00:56:44.307637,1561,True,illustrative_synthetic
Album_2015_0062,Artist_2015_0062,2015,3.6,276,"Blues, Electronic",synthetic,2026-08-08T00:56:44.307637,1562,True,illustrative_synthetic
Album_2015_0063,Artist_2015_0063,2015,3.72,235,"Folk, Country, Metal",synthetic,2026-08-08T00:56:44.307637,1563,True,illustrative_synthetic
Album_2015_0064,Artist_2015_0064,2015,3.44,117,"Metal, Hip-Hop",synthetic,2026-08-08T00:56:44.307637,1564,True,illustrative_synthetic
Album_2015_0065,Artist_2015_0065,2015,3.31,50,"Rock, Ambient, Blues",synthetic,2026-08-08T00:56:44.307637,1565,True,illustrative_synthetic
Album_2015_0066,Artist_2015_0066,2015,3.8,1026,Punk,synthetic,2026-08-08T00:56:44.307637,1566,True,illustrative_synthetic
Album_2015_0067,Artist_2015_0067,2015,3.34,50,Country,synthetic,2026-08-08T00:56:44.307637,1567,True,illustrative_synthetic
Album_2015_0068,Artist_2015_0068,2015,3.78,50,"Rock, Jazz",synthetic,2026-08-08T00:56:44.307637,1568,True,illustrative_synthetic
Album_2015_0069,Artist_2015_0069,2015,3.38,50,"Punk, R&B, Rock",synthetic,2026-08-08T00:56:44.307637,1569,True,illustrative_synthetic
Album_2015_0070,Artist_2015_0070,2015,3.26,50,"Hip-Hop, Jazz",synthetic,2026-08-08T00:56:44.307637,1570,True,illustrative_synthetic
Album_2015_0071,Artist_2015_0071,2015,3.27,105,"Jazz, Blues, Rock",synthetic,2026-08-08T00:56:44.307637,1571,True,illustrative_synthetic
Album_2015_0072,Artist_2015_0072,2015,3.39,50,Hip-Hop,synthetic,2026-08-08T00:56:44.307637,1572,True,illustrative_synthetic
Album_2015_0073,Artist_2015_0073,2015,4.11,3907,"Folk, Alt. Rock",synthetic,2026-08-08T00:56:44.307637,1573,True,illustrative_synthetic
Album_2015_0074,Artist_2015_0074,2015,2.86,4406,"Metal, Jazz, Hip-Hop",synthetic,2026-08-08T00:56:44.307637,1574,True,illustrative_synthetic
Album_2015_0075,Artist_2015_0075,2015,3.19,50,Alt. Rock,synthetic,2026-08-08T00:56:44.307637,1575,True,illustrative_synthetic
Album_2015_0076,Artist_2015_0076,2015,3.89,50,"Hip-Hop, Experimental",synthetic,2026-08-08T00:56:44.307637,1576,True,illustrative_synthetic
Album_2015_0077,Artist_2015_0077,2015,3.48,1352,"Rock, R&B",synthetic,2026-08-08T00:56:44.307637,1577,True,illustrative_synthetic
Album_2015_0078,Artist_2015_0078,2015,3.16,51,Folk,synthetic,2026-08-08T00:56:44.307637,1578,True,illustrative_synthetic
Album_2015_0079,Artist_2015_0079,2015,2.92,436,"Hip-Hop, Punk",synthetic,2026-08-08T00:56:44.307637,1579,True,illustrative_synthetic
Album_2015_0080,Artist_2015_0080,2015,3.16,327,"Pop, Alt. Rock",synthetic,2026-08-08T00:56:44.307637,1580,True,illustrative_synthetic
Album_2015_0081,Artist_2015_0081,2015,3.41,95,Rock,synthetic,2026-08-08T00:56:44.307637,1581,True,illustrative_synthetic
Album_2015_0082,Artist_2015_0082,2015,3.84,50,"Classical, Folk, Rock",synthetic,2026-08-08T00:56:44.307637,1582,True,illustrative_synthetic
Album_2015_0083,Artist_2015_0083,2015,3.6,8128,"Rock, Hip-Hop",synthetic,2026-08-08T00:56:44.307637,1583,True,illustrative_synthetic
Album_2015_0084,Artist_2015_0084,2015,3.68,542,Classical,synthetic,2026-08-08T00:56:44.307637,1584,True,illustrative_synthetic
Album_2015_0085,Artist_2015_0085,2015,2.52,277,"Ambient, Country",synthetic,2026-08-08T00:56:44.307637,1585,True,illustrative_synthetic
Album_2015_0086,Artist_2015_0086,2015,2.92,50,Punk,synthetic,2026-08-08T00:56:44.307637,1586,True,illustrative_synthetic
Album_2015_0087,Artist_2015_0087,2015,3.88,561,"Electronic, Alt. Rock",synthetic,2026-08-08T00:56:44.307637,1587,True,illustrative_synthetic
Album_2015_0088,Artist_2015_0088,2015,3.17,458,"Pop, Country",synthetic,2026-08-08T00:56:44.307637,1588,True,illustrative_synthetic
Album_2015_0089,Artist_2015_0089,2015,2.93,85,Alt. Rock,synthetic,2026-08-08T00:56:44.307637,1589,True,illustrative_synthetic
Album_2015_0090,Artist_2015_0090,2015,3.43,176,"Alt. Rock, Hip-Hop, Jazz",synthetic,2026-08-08T00:56:44.307637,1590,True,illustrative_synthetic
Album_2015_0091,Artist_2015_0091,2015,3.29,103,"Rock, Ambient",synthetic,2026-08-08T00:56:44.307637,1591,True,illustrative_synthetic
Album_2015_0092,Artist_2015_0092,2015,2.74,328,"Rock, Reggae, Alt. Rock",synthetic,2026-08-08T00:56:44.307637,1592,True,illustrative_synthetic
Album_2015_0093,Artist_2015_0093,2015,2.81,504,"Indie Rock, Electronic",synthetic,2026-08-08T00:56:44.307637,1593,True,illustrative_synthetic
Album_2015_0094,Artist_2015_0094,2015,3.5,50,"Folk, Jazz",synthetic,2026-08-08T00:56:44.307637,1594,True,illustrative_synthetic
Album_2015_0095,Artist_2015_0095,2015,3.36,56,"Country, Alt. Rock, Ambient",synthetic,2026-08-08T00:56:44.307637,1595,True,illustrative_synthetic
Album_2015_0096,Artist_2015_0096,2015,3.28,213,Punk,synthetic,2026-08-08T00:56:44.307637,1596,True,illustrative_synthetic
Album_2015_0097,Artist_2015_0097,2015,3.5,768,"Pop, Punk",synthetic,2026-08-08T00:56:44.307637,1597,True,illustrative_synthetic
Album_2015_0098,Artist_2015_0098,2015,3.79,89,Blues,synthetic,2026-08-08T00:56:44.307637,1598,True,illustrative_synthetic
Album_2015_0099,Artist_2015_0099,2015,3.45,120,R&B,synthetic,2026-08-08T00:56:44.307637,1599,True,illustrative_synthetic
Album_2015_0100,Artist_2015_0100,2015,2.74,232,"Metal, Electronic, Ambient",synthetic,2026-08-08T00:56:44.307637,1600,True,illustrative_synthetic
Album_2016_0001,Artist_2016_0001,2016,3.41,2039,Indie Rock,synthetic,2026-08-08T00:56:44.307637,1601,True,illustrative_synthetic
Album_2016_0002,Artist_2016_0002,2016,3.65,50,"R&B, Blues, Classical",synthetic,2026-08-08T00:56:44.307637,1602,True,illustrative_synthetic
Album_2016_0003,Artist_2016_0003,2016,3.31,115,Alt. Rock,synthetic,2026-08-08T00:56:44.307637,1603,True,illustrative_synthetic
Album_2016_0004,Artist_2016_0004,2016,3.56,141,"Punk, Reggae",synthetic,2026-08-08T00:56:44.307637,1604,True,illustrative_synthetic
Album_2016_0005,Artist_2016_0005,2016,4.02,141,Country,synthetic,2026-08-08T00:56:44.307637,1605,True,illustrative_synthetic
Album_2016_0006,Artist_2016_0006,2016,3.7,50,"Metal, Electronic, Jazz",synthetic,2026-08-08T00:56:44.307637,1606,True,illustrative_synthetic
Album_2016_0007,Artist_2016_0007,2016,3.54,50,R&B,synthetic,2026-08-08T00:56:44.307637,1607,True,illustrative_synthetic
Album_2016_0008,Artist_2016_0008,2016,3.19,374,"Reggae, Metal",synthetic,2026-08-08T00:56:44.307637,1608,True,illustrative_synthetic
Album_2016_0009,Artist_2016_0009,2016,3.03,122,"Folk, Hip-Hop",synthetic,2026-08-08T00:56:44.307637,1609,True,illustrative_synthetic
Album_2016_0010,Artist_2016_0010,2016,3.22,141,"Pop, Reggae, Punk",synthetic,2026-08-08T00:56:44.307637,1610,True,illustrative_synthetic
Album_2016_0011,Artist_2016_0011,2016,3.68,139,"Electronic, Jazz, Blues",synthetic,2026-08-08T00:56:44.307637,1611,True,illustrative_synthetic
Album_2016_0012,Artist_2016_0012,2016,3.69,1933,"Blues, Pop, Reggae",synthetic,2026-08-08T00:56:44.307637,1612,True,illustrative_synthetic
Album_2016_0013,Artist_2016_0013,2016,2.8,50,"Hip-Hop, Rock, Reggae",synthetic,2026-08-08T00:56:44.307637,1613,True,illustrative_synthetic
Album_2016_0014,Artist_2016_0014,2016,3.56,425,"Hip-Hop, Jazz",synthetic,2026-08-08T00:56:44.307637,1614,True,illustrative_synthetic
Album_2016_0015,Artist_2016_0015,2016,3.87,50,"Experimental, Reggae",synthetic,2026-08-08T00:56:44.307637,1615,True,illustrative_synthetic
Album_2016_0016,Artist_2016_0016,2016,3.84,203,"Folk, Classical, Experimental",synthetic,2026-08-08T00:56:44.307637,1616,True,illustrative_synthetic
Album_2016_0017,Artist_2016_0017,2016,3.74,185,"Experimental, Classical, Pop",synthetic,2026-08-08T00:56:44.307637,1617,True,illustrative_synthetic
Album_2016_0018,Artist_2016_0018,2016,4.11,50,"Reggae, Indie Rock",synthetic,2026-08-08T00:56:44.307637,1618,True,illustrative_synthetic
Album_2016_0019,Artist_2016_0019,2016,2.76,87,"Pop, Punk",synthetic,2026-08-08T00:56:44.307637,1619,True,illustrative_synthetic
Album_2016_0020,Artist_2016_0020,2016,4.16,134,"Indie Rock, Country",synthetic,2026-08-08T00:56:44.307637,1620,True,illustrative_synthetic
Album_2016_0021,Artist_2016_0021,2016,2.33,50,"Country, Jazz, Punk",synthetic,2026-08-08T00:56:44.307637,1621,True,illustrative_synthetic
Album_2016_0022,Artist_2016_0022,2016,2.95,50,"Rock, Electronic, Pop",synthetic,2026-08-08T00:56:44.307637,1622,True,illustrative_synthetic
Album_2016_0023,Artist_2016_0023,2016,3.32,50,"Pop, Rock, Hip-Hop",synthetic,2026-08-08T00:56:44.307637,1623,True,illustrative_synthetic
Album_2016_0024,Artist_2016_0024,2016,3.84,1048,Jazz,synthetic,2026-08-08T00:56:44.307637,1624,True,illustrative_synthetic
Album_2016_0025,Artist_2016_0025,2016,3.65,50,"Folk, Punk",synthetic,2026-08-08T00:56:44.307637,1625,True,illustrative_synthetic
Album_2016_0026,Artist_2016_0026,2016,3.42,50,Country,synthetic,2026-08-08T00:56:44.307637,1626,True,illustrative_synthetic
Album_2016_0027,Artist_2016_0027,2016,3.4,243,Blues,synthetic,2026-08-08T00:56:44.307637,1627,True,illustrative_synthetic
Album_2016_0028,Artist_2016_0028,2016,3.72,50,"Metal, Alt. Rock",synthetic,2026-08-08T00:56:44.307637,1628,True,illustrative_synthetic
Album_2016_0029,Artist_2016_0029,2016,3.39,65,"Indie Rock, Jazz",synthetic,2026-08-08T00:56:44.307637,1629,True,illustrative_synthetic
Album_2016_0030,Artist_2016_0030,2016,3.25,573,"Jazz, Rock",synthetic,2026-08-08T00:56:44.307637,1630,True,illustrative_synthetic
Album_2016_0031,Artist_2016_0031,2016,3.29,50,"Blues, Punk",synthetic,2026-08-08T00:56:44.307637,1631,True,illustrative_synthetic
Album_2016_0032,Artist_2016_0032,2016,3.67,100,"Electronic, Reggae",synthetic,2026-08-08T00:56:44.307637,1632,True,illustrative_synthetic
Album_2016_0033,Artist_2016_0033,2016,3.69,187,"Indie Rock, Alt. Rock",synthetic,2026-08-08T00:56:44.307637,1633,True,illustrative_synthetic
Album_2016_0034,Artist_2016_0034,2016,2.71,177,"Electronic, Country, Classical",synthetic,2026-08-08T00:56:44.307637,1634,True,illustrative_synthetic
Album_2016_0035,Artist_2016_0035,2016,3.3,326,Metal,synthetic,2026-08-08T00:56:44.307637,1635,True,illustrative_synthetic
Album_2016_0036,Artist_2016_0036,2016,3.27,1994,"Experimental, R&B",synthetic,2026-08-08T00:56:44.307637,1636,True,illustrative_synthetic
Album_2016_0037,Artist_2016_0037,2016,3.38,124,Experimental,synthetic,2026-08-08T00:56:44.307637,1637,True,illustrative_synthetic
Album_2016_0038,Artist_2016_0038,2016,3.09,254,Folk,synthetic,2026-08-08T00:56:44.307637,1638,True,illustrative_synthetic
Album_2016_0039,Artist_2016_0039,2016,2.96,2057,Hip-Hop,synthetic,2026-08-08T00:56:44.307637,1639,True,illustrative_synthetic
Album_2016_0040,Artist_2016_0040,2016,2.61,50,"Alt. Rock, Experimental, Ambient",synthetic,2026-08-08T00:56:44.307637,1640,True,illustrative_synthetic
Album_2016_0041,Artist_2016_0041,2016,3.9,80,Rock,synthetic,2026-08-08T00:56:44.307637,1641,True,illustrative_synthetic
Album_2016_0042,Artist_2016_0042,2016,3.71,50,"Rock, Experimental",synthetic,2026-08-08T00:56:44.307637,1642,True,illustrative_synthetic
Album_2016_0043,Artist_2016_0043,2016,3.45,136,"Experimental, Indie Rock, Ambient",synthetic,2026-08-08T00:56:44.307637,1643,True,illustrative_synthetic
Album_2016_0044,Artist_2016_0044,2016,3.57,769,"Classical, Indie Rock",synthetic,2026-08-08T00:56:44.307637,1644,True,illustrative_synthetic
Album_2016_0045,Artist_2016_0045,2016,2.94,181,Country,synthetic,2026-08-08T00:56:44.307637,1645,True,illustrative_synthetic
Album_2016_0046,Artist_2016_0046,2016,3.49,154,"Experimental, Folk",synthetic,2026-08-08T00:56:44.307637,1646,True,illustrative_synthetic
Album_2016_0047,Artist_2016_0047,2016,3.65,537,"Metal, Folk, Alt. Rock",synthetic,2026-08-08T00:56:44.307637,1647,True,illustrative_synthetic
Album_2016_0048,Artist_2016_0048,2016,3.91,163,"Punk, Classical",synthetic,2026-08-08T00:56:44.307637,1648,True,illustrative_synthetic
Album_2016_0049,Artist_2016_0049,2016,3.86,695,"Electronic, Reggae",synthetic,2026-08-08T00:56:44.307637,1649,True,illustrative_synthetic
Album_2016_0050,Artist_2016_0050,2016,2.93,154,"Hip-Hop, Folk",synthetic,2026-08-08T00:56:44.307637,1650,True,illustrative_synthetic
Album_2016_0051,Artist_2016_0051,2016,2.78,63,Hip-Hop,synthetic,2026-08-08T00:56:44.307637,1651,True,illustrative_synthetic
Album_2016_0052,Artist_2016_0052,2016,3.82,84,Experimental,synthetic,2026-08-08T00:56:44.307637,1652,True,illustrative_synthetic
Album_2016_0053,Artist_2016_0053,2016,3.39,91,"Punk, Rock",synthetic,2026-08-08T00:56:44.307637,1653,True,illustrative_synthetic
Album_2016_0054,Artist_2016_0054,2016,3.4,154,"Rock, Metal, Indie Rock",synthetic,2026-08-08T00:56:44.307637,1654,True,illustrative_synthetic
Album_2016_0055,Artist_2016_0055,2016,3.43,99,Rock,synthetic,2026-08-08T00:56:44.307637,1655,True,illustrative_synthetic
Album_2016_0056,Artist_2016_0056,2016,3.22,50,Alt. Rock,synthetic,2026-08-08T00:56:44.307637,1656,True,illustrative_synthetic
Album_2016_0057,Artist_2016_0057,2016,2.71,410,"R&B, Alt. Rock",synthetic,2026-08-08T00:56:44.307637,1657,True,illustrative_synthetic
Album_2016_0058,Artist_2016_0058,2016,3.64,50,"Hip-Hop, Reggae",synthetic,2026-08-08T00:56:44.307637,1658,True,illustrative_synthetic
Album_2016_0059,Artist_2016_0059,2016,2.91,4131,"Metal, Pop",synthetic,2026-08-08T00:56:44.307637,1659,True,illustrative_synthetic
Album_2016_0060,Artist_2016_0060,2016,2.94,50,"Electronic, Indie Rock, Reggae",synthetic,2026-08-08T00:56:44.307637,1660,True,illustrative_synthetic
Album_2016_0061,Artist_2016_0061,2016,2.76,54,"Electronic, Punk, Rock",synthetic,2026-08-08T00:56:44.307637,1661,True,illustrative_synthetic
Album_2016_0062,Artist_2016_0062,2016,3.57,1524,"R&B, Blues",synthetic,2026-08-08T00:56:44.307637,1662,True,illustrative_synthetic
Album_2016_0063,Artist_2016_0063,2016,3.52,689,Reggae,synthetic,2026-08-08T00:56:44.307637,1663,True,illustrative_synthetic
Album_2016_0064,Artist_2016_0064,2016,3.56,179,"Indie Rock, Experimental, Pop",synthetic,2026-08-08T00:56:44.307637,1664,True,illustrative_synthetic
Album_2016_0065,Artist_2016_0065,2016,3.19,50,"Blues, Classical, Indie Rock",synthetic,2026-08-08T00:56:44.307637,1665,True,illustrative_synthetic
Album_2016_0066,Artist_2016_0066,2016,3.76,68,Metal,synthetic,2026-08-08T00:56:44.307637,1666,True,illustrative_synthetic
Album_2016_0067,Artist_2016_0067,2016,3.49,50,"R&B, Blues, Indie Rock",synthetic,2026-08-08T00:56:44.307637,1667,True,illustrative_synthetic
Album_2016_0068,Artist_2016_0068,2016,3.65,369,Rock,synthetic,2026-08-08T00:56:44.307637,1668,True,illustrative_synthetic
Album_2016_0069,Artist_2016_0069,2016,2.97,210,Rock,synthetic,2026-08-08T00:56:44.307637,1669,True,illustrative_synthetic
Album_2016_0070,Artist_2016_0070,2016,4.08,50,"Experimental, Electronic",synthetic,2026-08-08T00:56:44.307637,1670,True,illustrative_synthetic
Album_2016_0071,Artist_2016_0071,2016,3.84,1318,"Blues, Punk, Jazz",synthetic,2026-08-08T00:56:44.307637,1671,True,illustrative_synthetic
Album_2016_0072,Artist_2016_0072,2016,4.37,324,"Classical, Hip-Hop",synthetic,2026-08-08T00:56:44.307637,1672,True,illustrative_synthetic
Album_2016_0073,Artist_2016_0073,2016,3.61,123,"Electronic, Hip-Hop, Classical",synthetic,2026-08-08T00:56:44.307637,1673,True,illustrative_synthetic
Album_2016_0074,Artist_2016_0074,2016,3.26,1534,R&B,synthetic,2026-08-08T00:56:44.307637,1674,True,illustrative_synthetic
Album_2016_0075,Artist_2016_0075,2016,3.43,7208,Ambient,synthetic,2026-08-08T00:56:44.307637,1675,True,illustrative_synthetic
Album_2016_0076,Artist_2016_0076,2016,3.48,53,"Hip-Hop, Punk, Alt. Rock",synthetic,2026-08-08T00:56:44.307637,1676,True,illustrative_synthetic
Album_2016_0077,Artist_2016_0077,2016,2.98,78,"Folk, Rock, Jazz",synthetic,2026-08-08T00:56:44.307637,1677,True,illustrative_synthetic
Album_2016_0078,Artist_2016_0078,2016,3.02,122,Country,synthetic,2026-08-08T00:56:44.307637,1678,True,illustrative_synthetic
Album_2016_0079,Artist_2016_0079,2016,3.21,940,R&B,synthetic,2026-08-08T00:56:44.307637,1679,True,illustrative_synthetic
Album_2016_0080,Artist_2016_0080,2016,3.57,59,"Alt. Rock, R&B",synthetic,2026-08-08T00:56:44.307637,1680,True,illustrative_synthetic
Album_2016_0081,Artist_2016_0081,2016,3.83,236,Alt. Rock,synthetic,2026-08-08T00:56:44.307637,1681,True,illustrative_synthetic
Album_2016_0082,Artist_2016_0082,2016,4.38,123,Pop,synthetic,2026-08-08T00:56:44.307637,1682,True,illustrative_synthetic
Album_2016_0083,Artist_2016_0083,2016,3.11,534,"Indie Rock, Pop, Hip-Hop",synthetic,2026-08-08T00:56:44.307637,1683,True,illustrative_synthetic
Album_2016_0084,Artist_2016_0084,2016,3.04,2484,"Country, R&B, Experimental",synthetic,2026-08-08T00:56:44.307637,1684,True,illustrative_synthetic
Album_2016_0085,Artist_2016_0085,2016,4.2,915,"Classical, Jazz, Electronic",synthetic,2026-08-08T00:56:44.307637,1685,True,illustrative_synthetic
Album_2016_0086,Artist_2016_0086,2016,3.62,727,"Blues, Reggae",synthetic,2026-08-08T00:56:44.307637,1686,True,illustrative_synthetic
Album_2016_0087,Artist_2016_0087,2016,2.85,129,Hip-Hop,synthetic,2026-08-08T00:56:44.307637,1687,True,illustrative_synthetic
Album_2016_0088,Artist_2016_0088,2016,2.71,144,Metal,synthetic,2026-08-08T00:56:44.307637,1688,True,illustrative_synthetic
Album_2016_0089,Artist_2016_0089,2016,4.0,50,Jazz,synthetic,2026-08-08T00:56:44.307637,1689,True,illustrative_synthetic
Album_2016_0090,Artist_2016_0090,2016,3.58,50,Metal,synthetic,2026-08-08T00:56:44.307637,1690,True,illustrative_synthetic
Album_2016_0091,Artist_2016_0091,2016,3.2,50,R&B,synthetic,2026-08-08T00:56:44.307637,1691,True,illustrative_synthetic
Album_2016_0092,Artist_2016_0092,2016,3.22,110,"R&B, Punk, Reggae",synthetic,2026-08-08T00:56:44.307637,1692,True,illustrative_synthetic
Album_2016_0093,Artist_2016_0093,2016,2.87,304,Jazz,synthetic,2026-08-08T00:56:44.307637,1693,True,illustrative_synthetic
Album_2016_0094,Artist_2016_0094,2016,3.4,50,"Punk, Pop, Country",synthetic,2026-08-08T00:56:44.307637,1694,True,illustrative_synthetic
Album_2016_0095,Artist_2016_0095,2016,3.88,250,"Rock, Electronic",synthetic,2026-08-08T00:56:44.307637,1695,True,illustrative_synthetic
Album_2016_0096,Artist_2016_0096,2016,3.01,178,"Rock, Punk, Pop",synthetic,2026-08-08T00:56:44.307637,1696,True,illustrative_synthetic
Album_2016_0097,Artist_2016_0097,2016,3.38,156,"Country, Metal",synthetic,2026-08-08T00:56:44.307637,1697,True,illustrative_synthetic
Album_2016_0098,Artist_2016_0098,2016,2.84,50,Hip-Hop,synthetic,2026-08-08T00:56:44.307637,1698,True,illustrative_synthetic
Album_2016_0099,Artist_2016_0099,2016,3.85,50,"Country, Classical, R&B",synthetic,2026-08-08T00:56:44.307637,1699,True,illustrative_synthetic
Album_2016_0100,Artist_2016_0100,2016,3.36,444,"Pop, R&B, Electronic",synthetic,2026-08-08T00:56:44.307637,1700,True,illustrative_synthetic
Album_2017_0001,Artist_2017_0001,2017,4.13,84,"Blues, Rock, Experimental",synthetic,2026-08-08T00:56:44.307637,1701,True,illustrative_synthetic
Album_2017_0002,Artist_2017_0002,2017,4.01,3391,"Punk, Electronic",synthetic,2026-08-08T00:56:44.307637,1702,True,illustrative_synthetic
Album_2017_0003,Artist_2017_0003,2017,3.37,68,Punk,synthetic,2026-08-08T00:56:44.307637,1703,True,illustrative_synthetic
Album_2017_0004,Artist_2017_0004,2017,3.3,262,"Alt. Rock, Hip-Hop",synthetic,2026-08-08T00:56:44.307637,1704,True,illustrative_synthetic
Album_2017_0005,Artist_2017_0005,2017,3.7,188,"Jazz, Metal",synthetic,2026-08-08T00:56:44.307637,1705,True,illustrative_synthetic
Album_2017_0006,Artist_2017_0006,2017,3.39,77,Metal,synthetic,2026-08-08T00:56:44.307637,1706,True,illustrative_synthetic
Album_2017_0007,Artist_2017_0007,2017,2.94,98,"Punk, Country",synthetic,2026-08-08T00:56:44.307637,1707,True,illustrative_synthetic
Album_2017_0008,Artist_2017_0008,2017,3.26,118,Alt. Rock,synthetic,2026-08-08T00:56:44.307637,1708,True,illustrative_synthetic
Album_2017_0009,Artist_2017_0009,2017,3.28,186,"Blues, Electronic",synthetic,2026-08-08T00:56:44.307637,1709,True,illustrative_synthetic
Album_2017_0010,Artist_2017_0010,2017,4.13,164,"R&B, Pop",synthetic,2026-08-08T00:56:44.307637,1710,True,illustrative_synthetic
Album_2017_0011,Artist_2017_0011,2017,3.43,296,"Experimental, Blues, Alt. Rock",synthetic,2026-08-08T00:56:44.307637,1711,True,illustrative_synthetic
Album_2017_0012,Artist_2017_0012,2017,3.38,1369,"Blues, Rock, Hip-Hop",synthetic,2026-08-08T00:56:44.307637,1712,True,illustrative_synthetic
Album_2017_0013,Artist_2017_0013,2017,2.96,230,Pop,synthetic,2026-08-08T00:56:44.307637,1713,True,illustrative_synthetic
Album_2017_0014,Artist_2017_0014,2017,2.98,122,Reggae,synthetic,2026-08-08T00:56:44.307637,1714,True,illustrative_synthetic
Album_2017_0015,Artist_2017_0015,2017,2.84,184,"Rock, R&B, Country",synthetic,2026-08-08T00:56:44.307637,1715,True,illustrative_synthetic
Album_2017_0016,Artist_2017_0016,2017,3.13,219,"Hip-Hop, R&B, Experimental",synthetic,2026-08-08T00:56:44.307637,1716,True,illustrative_synthetic
Album_2017_0017,Artist_2017_0017,2017,3.57,117,"Country, Ambient, Jazz",synthetic,2026-08-08T00:56:44.307637,1717,True,illustrative_synthetic
Album_2017_0018,Artist_2017_0018,2017,3.37,50,"Ambient, Alt. Rock, Hip-Hop",synthetic,2026-08-08T00:56:44.307637,1718,True,illustrative_synthetic
Album_2017_0019,Artist_2017_0019,2017,3.12,50,"Country, Alt. Rock",synthetic,2026-08-08T00:56:44.307637,1719,True,illustrative_synthetic
Album_2017_0020,Artist_2017_0020,2017,3.44,208,"Country, Indie Rock, Electronic",synthetic,2026-08-08T00:56:44.307637,1720,True,illustrative_synthetic
Album_2017_0021,Artist_2017_0021,2017,3.4,211,"Ambient, Pop, R&B",synthetic,2026-08-08T00:56:44.307637,1721,True,illustrative_synthetic
Album_2017_0022,Artist_2017_0022,2017,4.36,50,"Rock, Reggae",synthetic,2026-08-08T00:56:44.307637,1722,True,illustrative_synthetic
Album_2017_0023,Artist_2017_0023,2017,2.63,726,Reggae,synthetic,2026-08-08T00:56:44.307637,1723,True,illustrative_synthetic
Album_2017_0024,Artist_2017_0024,2017,2.87,166,Reggae,synthetic,2026-08-08T00:56:44.307637,1724,True,illustrative_synthetic
Album_2017_0025,Artist_2017_0025,2017,3.79,371,Indie Rock,synthetic,2026-08-08T00:56:44.307637,1725,True,illustrative_synthetic
Album_2017_0026,Artist_2017_0026,2017,3.42,251,"Electronic, Reggae",synthetic,2026-08-08T00:56:44.307637,1726,True,illustrative_synthetic
Album_2017_0027,Artist_2017_0027,2017,3.38,217,"Country, Jazz, Ambient",synthetic,2026-08-08T00:56:44.307637,1727,True,illustrative_synthetic
Album_2017_0028,Artist_2017_0028,2017,3.29,50,Classical,synthetic,2026-08-08T00:56:44.307637,1728,True,illustrative_synthetic
Album_2017_0029,Artist_2017_0029,2017,2.35,523,"R&B, Metal, Blues",synthetic,2026-08-08T00:56:44.307637,1729,True,illustrative_synthetic
Album_2017_0030,Artist_2017_0030,2017,3.3,172,Pop,synthetic,2026-08-08T00:56:44.307637,1730,True,illustrative_synthetic
Album_2017_0031,Artist_2017_0031,2017,2.9,184,"Classical, Jazz, Indie Rock",synthetic,2026-08-08T00:56:44.307637,1731,True,illustrative_synthetic
Album_2017_0032,Artist_2017_0032,2017,4.31,106,"Jazz, Experimental",synthetic,2026-08-08T00:56:44.307637,1732,True,illustrative_synthetic
Album_2017_0033,Artist_2017_0033,2017,4.04,210,Reggae,synthetic,2026-08-08T00:56:44.307637,1733,True,illustrative_synthetic
Album_2017_0034,Artist_2017_0034,2017,3.61,178,"Folk, Electronic",synthetic,2026-08-08T00:56:44.307637,1734,True,illustrative_synthetic
Album_2017_0035,Artist_2017_0035,2017,2.84,75,Metal,synthetic,2026-08-08T00:56:44.307637,1735,True,illustrative_synthetic
Album_2017_0036,Artist_2017_0036,2017,3.34,136,"Jazz, Blues, Metal",synthetic,2026-08-08T00:56:44.307637,1736,True,illustrative_synthetic
Album_2017_0037,Artist_2017_0037,2017,3.22,50,Rock,synthetic,2026-08-08T00:56:44.307637,1737,True,illustrative_synthetic
Album_2017_0038,Artist_2017_0038,2017,2.74,50,"Rock, R&B, Pop",synthetic,2026-08-08T00:56:44.307637,1738,True,illustrative_synthetic
Album_2017_0039,Artist_2017_0039,2017,3.48,72,Electronic,synthetic,2026-08-08T00:56:44.307637,1739,True,illustrative_synthetic
Album_2017_0040,Artist_2017_0040,2017,3.4,1341,"Country, Experimental, R&B",synthetic,2026-08-08T00:56:44.307637,1740,True,illustrative_synthetic
Album_2017_0041,Artist_2017_0041,2017,3.8,1060,"Jazz, Metal, Classical",synthetic,2026-08-08T00:56:44.307637,1741,True,illustrative_synthetic
Album_2017_0042,Artist_2017_0042,2017,2.94,71,"Country, Jazz, Folk",synthetic,2026-08-08T00:56:44.307637,1742,True,illustrative_synthetic
Album_2017_0043,Artist_2017_0043,2017,3.13,419,Blues,synthetic,2026-08-08T00:56:44.307637,1743,True,illustrative_synthetic
Album_2017_0044,Artist_2017_0044,2017,3.72,60,"Alt. Rock, Punk, Classical",synthetic,2026-08-08T00:56:44.307637,1744,True,illustrative_synthetic
Album_2017_0045,Artist_2017_0045,2017,3.67,50,"Pop, Rock, R&B",synthetic,2026-08-08T00:56:44.307637,1745,True,illustrative_synthetic
Album_2017_0046,Artist_2017_0046,2017,3.08,303,"Pop, Experimental, Indie Rock",synthetic,2026-08-08T00:56:44.307637,1746,True,illustrative_synthetic
Album_2017_0047,Artist_2017_0047,2017,3.98,70,"Ambient, Indie Rock, Metal",synthetic,2026-08-08T00:56:44.307637,1747,True,illustrative_synthetic
Album_2017_0048,Artist_2017_0048,2017,3.03,89,"Pop, Metal, Indie Rock",synthetic,2026-08-08T00:56:44.307637,1748,True,illustrative_synthetic
Album_2017_0049,Artist_2017_0049,2017,2.86,71,"Hip-Hop, Reggae",synthetic,2026-08-08T00:56:44.307637,1749,True,illustrative_synthetic
Album_2017_0050,Artist_2017_0050,2017,4.0,1279,Classical,synthetic,2026-08-08T00:56:44.307637,1750,True,illustrative_synthetic
Album_2017_0051,Artist_2017_0051,2017,3.2,753,"Rock, Folk",synthetic,2026-08-08T00:56:44.307637,1751,True,illustrative_synthetic
Album_2017_0052,Artist_2017_0052,2017,2.61,570,"Indie Rock, Experimental, Metal",synthetic,2026-08-08T00:56:44.307637,1752,True,illustrative_synthetic
Album_2017_0053,Artist_2017_0053,2017,4.2,50,"Reggae, Blues, Metal",synthetic,2026-08-08T00:56:44.307637,1753,True,illustrative_synthetic
Album_2017_0054,Artist_2017_0054,2017,4.16,75,"Reggae, Rock, Punk",synthetic,2026-08-08T00:56:44.307637,1754,True,illustrative_synthetic
Album_2017_0055,Artist_2017_0055,2017,3.28,224,"Classical, Experimental",synthetic,2026-08-08T00:56:44.307637,1755,True,illustrative_synthetic
Album_2017_0056,Artist_2017_0056,2017,2.48,217,"Hip-Hop, Folk, Classical",synthetic,2026-08-08T00:56:44.307637,1756,True,illustrative_synthetic
Album_2017_0057,Artist_2017_0057,2017,3.54,50,"Classical, Country, Alt. Rock",synthetic,2026-08-08T00:56:44.307637,1757,True,illustrative_synthetic
Album_2017_0058,Artist_2017_0058,2017,3.5,977,Experimental,synthetic,2026-08-08T00:56:44.307637,1758,True,illustrative_synthetic
Album_2017_0059,Artist_2017_0059,2017,3.3,60,Country,synthetic,2026-08-08T00:56:44.307637,1759,True,illustrative_synthetic
Album_2017_0060,Artist_2017_0060,2017,3.64,992,Alt. Rock,synthetic,2026-08-08T00:56:44.307637,1760,True,illustrative_synthetic
Album_2017_0061,Artist_2017_0061,2017,2.79,114,"Hip-Hop, Jazz",synthetic,2026-08-08T00:56:44.307637,1761,True,illustrative_synthetic
Album_2017_0062,Artist_2017_0062,2017,2.93,156,Classical,synthetic,2026-08-08T00:56:44.307637,1762,True,illustrative_synthetic
Album_2017_0063,Artist_2017_0063,2017,2.97,1577,Folk,synthetic,2026-08-08T00:56:44.307637,1763,True,illustrative_synthetic
Album_2017_0064,Artist_2017_0064,2017,2.93,50,"Folk, R&B",synthetic,2026-08-08T00:56:44.307637,1764,True,illustrative_synthetic
Album_2017_0065,Artist_2017_0065,2017,3.43,50,Alt. Rock,synthetic,2026-08-08T00:56:44.307637,1765,True,illustrative_synthetic
Album_2017_0066,Artist_2017_0066,2017,3.3,433,Indie Rock,synthetic,2026-08-08T00:56:44.307637,1766,True,illustrative_synthetic
Album_2017_0067,Artist_2017_0067,2017,3.61,1060,"Metal, Ambient, Classical",synthetic,2026-08-08T00:56:44.307637,1767,True,illustrative_synthetic
Album_2017_0068,Artist_2017_0068,2017,3.11,352,"Jazz, Metal",synthetic,2026-08-08T00:56:44.307637,1768,True,illustrative_synthetic
Album_2017_0069,Artist_2017_0069,2017,3.29,84,"Country, Metal",synthetic,2026-08-08T00:56:44.307637,1769,True,illustrative_synthetic
Album_2017_0070,Artist_2017_0070,2017,3.26,90,"Pop, Punk",synthetic,2026-08-08T00:56:44.307637,1770,True,illustrative_synthetic
Album_2017_0071,Artist_2017_0071,2017,4.01,1028,Country,synthetic,2026-08-08T00:56:44.307637,1771,True,illustrative_synthetic
Album_2017_0072,Artist_2017_0072,2017,3.46,563,Punk,synthetic,2026-08-08T00:56:44.307637,1772,True,illustrative_synthetic
Album_2017_0073,Artist_2017_0073,2017,3.18,142,"Blues, Metal",synthetic,2026-08-08T00:56:44.307637,1773,True,illustrative_synthetic
Album_2017_0074,Artist_2017_0074,2017,4.02,301,"Classical, Country, Rock",synthetic,2026-08-08T00:56:44.307637,1774,True,illustrative_synthetic
Album_2017_0075,Artist_2017_0075,2017,3.35,164,"R&B, Country",synthetic,2026-08-08T00:56:44.307637,1775,True,illustrative_synthetic
Album_2017_0076,Artist_2017_0076,2017,3.24,1299,"Blues, Ambient",synthetic,2026-08-08T00:56:44.307637,1776,True,illustrative_synthetic
Album_2017_0077,Artist_2017_0077,2017,3.86,2420,"Jazz, Country, Pop",synthetic,2026-08-08T00:56:44.307637,1777,True,illustrative_synthetic
Album_2017_0078,Artist_2017_0078,2017,4.23,388,"R&B, Hip-Hop, Punk",synthetic,2026-08-08T00:56:44.307637,1778,True,illustrative_synthetic
Album_2017_0079,Artist_2017_0079,2017,3.53,50,"Alt. Rock, Hip-Hop, Country",synthetic,2026-08-08T00:56:44.307637,1779,True,illustrative_synthetic
Album_2017_0080,Artist_2017_0080,2017,4.2,74,"Metal, Ambient",synthetic,2026-08-08T00:56:44.307637,1780,True,illustrative_synthetic
Album_2017_0081,Artist_2017_0081,2017,3.19,156,"Ambient, Experimental",synthetic,2026-08-08T00:56:44.307637,1781,True,illustrative_synthetic
Album_2017_0082,Artist_2017_0082,2017,3.14,257,Pop,synthetic,2026-08-08T00:56:44.307637,1782,True,illustrative_synthetic
Album_2017_0083,Artist_2017_0083,2017,4.05,50,"Hip-Hop, Country, Blues",synthetic,2026-08-08T00:56:44.307637,1783,True,illustrative_synthetic
Album_2017_0084,Artist_2017_0084,2017,3.51,280,"R&B, Country",synthetic,2026-08-08T00:56:44.307637,1784,True,illustrative_synthetic
Album_2017_0085,Artist_2017_0085,2017,3.89,3481,"Classical, Indie Rock, R&B",synthetic,2026-08-08T00:56:44.307637,1785,True,illustrative_synthetic
Album_2017_0086,Artist_2017_0086,2017,3.55,197,"Indie Rock, Alt. Rock",synthetic,2026-08-08T00:56:44.307637,1786,True,illustrative_synthetic
Album_2017_0087,Artist_2017_0087,2017,3.77,664,Indie Rock,synthetic,2026-08-08T00:56:44.307637,1787,True,illustrative_synthetic
Album_2017_0088,Artist_2017_0088,2017,3.14,50,"Pop, Experimental, Metal",synthetic,2026-08-08T00:56:44.307637,1788,True,illustrative_synthetic
Album_2017_0089,Artist_2017_0089,2017,2.75,1066,"Metal, Blues",synthetic,2026-08-08T00:56:44.307637,1789,True,illustrative_synthetic
Album_2017_0090,Artist_2017_0090,2017,3.92,131,Alt. Rock,synthetic,2026-08-08T00:56:44.307637,1790,True,illustrative_synthetic
Album_2017_0091,Artist_2017_0091,2017,3.35,751,"Classical, R&B",synthetic,2026-08-08T00:56:44.307637,1791,True,illustrative_synthetic
Album_2017_0092,Artist_2017_0092,2017,3.65,51,"Country, Alt. Rock, Hip-Hop",synthetic,2026-08-08T00:56:44.307637,1792,True,illustrative_synthetic
Album_2017_0093,Artist_2017_0093,2017,3.56,1108,"Metal, Electronic, Classical",synthetic,2026-08-08T00:56:44.307637,1793,True,illustrative_synthetic
Album_2017_0094,Artist_2017_0094,2017,3.89,56,Blues,synthetic,2026-08-08T00:56:44.307637,1794,True,illustrative_synthetic
Album_2017_0095,Artist_2017_0095,2017,3.37,655,"Reggae, Experimental",synthetic,2026-08-08T00:56:44.307637,1795,True,illustrative_synthetic
Album_2017_0096,Artist_2017_0096,2017,2.86,102,"Jazz, Experimental",synthetic,2026-08-08T00:56:44.307637,1796,True,illustrative_synthetic
Album_2017_0097,Artist_2017_0097,2017,3.56,162,"Metal, Folk, Classical",synthetic,2026-08-08T00:56:44.307637,1797,True,illustrative_synthetic
Album_2017_0098,Artist_2017_0098,2017,3.11,144,"Hip-Hop, Rock, Electronic",synthetic,2026-08-08T00:56:44.307637,1798,True,illustrative_synthetic
Album_2017_0099,Artist_2017_0099,2017,3.25,63,"Country, Classical, Metal",synthetic,2026-08-08T00:56:44.307637,1799,True,illustrative_synthetic
Album_2017_0100,Artist_2017_0100,2017,4.74,528,Folk,synthetic,2026-08-08T00:56:44.307637,1800,True,illustrative_synthetic
Album_2018_0001,Artist_2018_0001,2018,3.77,58,"Indie Rock, Folk, Rock",synthetic,2026-08-08T00:56:44.307637,1801,True,illustrative_synthetic
Album_2018_0002,Artist_2018_0002,2018,4.08,131,Country,synthetic,2026-08-08T00:56:44.307637,1802,True,illustrative_synthetic
Album_2018_0003,Artist_2018_0003,2018,3.61,50,"Classical, Rock",synthetic,2026-08-08T00:56:44.307637,1803,True,illustrative_synthetic
Album_2018_0004,Artist_2018_0004,2018,3.49,167,Punk,synthetic,2026-08-08T00:56:44.307637,1804,True,illustrative_synthetic
Album_2018_0005,Artist_2018_0005,2018,3.52,238,Experimental,synthetic,2026-08-08T00:56:44.307637,1805,True,illustrative_synthetic
Album_2018_0006,Artist_2018_0006,2018,2.93,63,"Classical, Ambient, Hip-Hop",synthetic,2026-08-08T00:56:44.307637,1806,True,illustrative_synthetic
Album_2018_0007,Artist_2018_0007,2018,3.44,50,"Metal, Alt. Rock",synthetic,2026-08-08T00:56:44.307637,1807,True,illustrative_synthetic
Album_2018_0008,Artist_2018_0008,2018,2.89,245,"Metal, Pop",synthetic,2026-08-08T00:56:44.307637,1808,True,illustrative_synthetic
Album_2018_0009,Artist_2018_0009,2018,3.3,80,"Reggae, Punk",synthetic,2026-08-08T00:56:44.307637,1809,True,illustrative_synthetic
Album_2018_0010,Artist_2018_0010,2018,3.61,553,"Pop, Hip-Hop, Experimental",synthetic,2026-08-08T00:56:44.307637,1810,True,illustrative_synthetic
Album_2018_0011,Artist_2018_0011,2018,3.57,58,"Punk, Country, Reggae",synthetic,2026-08-08T00:56:44.307637,1811,True,illustrative_synthetic
Album_2018_0012,Artist_2018_0012,2018,3.19,50,"Hip-Hop, Country, Ambient",synthetic,2026-08-08T00:56:44.307637,1812,True,illustrative_synthetic
Album_2018_0013,Artist_2018_0013,2018,3.01,272,Blues,synthetic,2026-08-08T00:56:44.307637,1813,True,illustrative_synthetic
Album_2018_0014,Artist_2018_0014,2018,3.16,87,Classical,synthetic,2026-08-08T00:56:44.307637,1814,True,illustrative_synthetic
Album_2018_0015,Artist_2018_0015,2018,3.36,50,"Folk, Blues, Rock",synthetic,2026-08-08T00:56:44.307637,1815,True,illustrative_synthetic
Album_2018_0016,Artist_2018_0016,2018,3.65,182,"Jazz, Reggae",synthetic,2026-08-08T00:56:44.307637,1816,True,illustrative_synthetic
Album_2018_0017,Artist_2018_0017,2018,3.95,90,"Ambient, R&B",synthetic,2026-08-08T00:56:44.307637,1817,True,illustrative_synthetic
Album_2018_0018,Artist_2018_0018,2018,3.31,65,"Reggae, Indie Rock, Jazz",synthetic,2026-08-08T00:56:44.307637,1818,True,illustrative_synthetic
Album_2018_0019,Artist_2018_0019,2018,2.84,839,"Rock, Ambient, Folk",synthetic,2026-08-08T00:56:44.307637,1819,True,illustrative_synthetic
Album_2018_0020,Artist_2018_0020,2018,3.69,79,Metal,synthetic,2026-08-08T00:56:44.307637,1820,True,illustrative_synthetic
Album_2018_0021,Artist_2018_0021,2018,3.36,214,"Indie Rock, Reggae, Country",synthetic,2026-08-08T00:56:44.307637,1821,True,illustrative_synthetic
Album_2018_0022,Artist_2018_0022,2018,3.06,50,"Pop, Punk, Alt. Rock",synthetic,2026-08-08T00:56:44.307637,1822,True,illustrative_synthetic
Album_2018_0023,Artist_2018_0023,2018,3.16,753,"Folk, Ambient",synthetic,2026-08-08T00:56:44.307637,1823,True,illustrative_synthetic
Album_2018_0024,Artist_2018_0024,2018,3.45,241,Electronic,synthetic,2026-08-08T00:56:44.307637,1824,True,illustrative_synthetic
Album_2018_0025,Artist_2018_0025,2018,3.87,100,Pop,synthetic,2026-08-08T00:56:44.307637,1825,True,illustrative_synthetic
Album_2018_0026,Artist_2018_0026,2018,2.5,559,"Hip-Hop, Punk",synthetic,2026-08-08T00:56:44.307637,1826,True,illustrative_synthetic
Album_2018_0027,Artist_2018_0027,2018,3.61,280,"Ambient, Country, Blues",synthetic,2026-08-08T00:56:44.307637,1827,True,illustrative_synthetic
Album_2018_0028,Artist_2018_0028,2018,3.05,50,"Rock, Indie Rock, Folk",synthetic,2026-08-08T00:56:44.307637,1828,True,illustrative_synthetic
Album_2018_0029,Artist_2018_0029,2018,3.15,50,"Blues, Rock",synthetic,2026-08-08T00:56:44.307637,1829,True,illustrative_synthetic
Album_2018_0030,Artist_2018_0030,2018,3.91,57,"Hip-Hop, Punk, Indie Rock",synthetic,2026-08-08T00:56:44.307637,1830,True,illustrative_synthetic
Album_2018_0031,Artist_2018_0031,2018,3.22,102,"Metal, Folk",synthetic,2026-08-08T00:56:44.307637,1831,True,illustrative_synthetic
Album_2018_0032,Artist_2018_0032,2018,4.18,50,Folk,synthetic,2026-08-08T00:56:44.307637,1832,True,illustrative_synthetic
Album_2018_0033,Artist_2018_0033,2018,3.7,206,Classical,synthetic,2026-08-08T00:56:44.307637,1833,True,illustrative_synthetic
Album_2018_0034,Artist_2018_0034,2018,3.03,660,"Punk, Electronic, Metal",synthetic,2026-08-08T00:56:44.307637,1834,True,illustrative_synthetic
Album_2018_0035,Artist_2018_0035,2018,3.9,59,"Blues, Classical",synthetic,2026-08-08T00:56:44.307637,1835,True,illustrative_synthetic
Album_2018_0036,Artist_2018_0036,2018,3.45,335,Jazz,synthetic,2026-08-08T00:56:44.307637,1836,True,illustrative_synthetic
Album_2018_0037,Artist_2018_0037,2018,3.28,736,"Hip-Hop, Country",synthetic,2026-08-08T00:56:44.307637,1837,True,illustrative_synthetic
Album_2018_0038,Artist_2018_0038,2018,4.14,66,"Rock, Folk",synthetic,2026-08-08T00:56:44.307637,1838,True,illustrative_synthetic
Album_2018_0039,Artist_2018_0039,2018,3.09,198,"Rock, Country",synthetic,2026-08-08T00:56:44.307637,1839,True,illustrative_synthetic
Album_2018_0040,Artist_2018_0040,2018,3.45,482,Classical,synthetic,2026-08-08T00:56:44.307637,1840,True,illustrative_synthetic
Album_2018_0041,Artist_2018_0041,2018,3.5,415,Ambient,synthetic,2026-08-08T00:56:44.307637,1841,True,illustrative_synthetic
Album_2018_0042,Artist_2018_0042,2018,3.39,50,"Country, Hip-Hop",synthetic,2026-08-08T00:56:44.307637,1842,True,illustrative_synthetic
Album_2018_0043,Artist_2018_0043,2018,2.71,50,Reggae,synthetic,2026-08-08T00:56:44.307637,1843,True,illustrative_synthetic
Album_2018_0044,Artist_2018_0044,2018,3.09,86,"Punk, Folk, R&B",synthetic,2026-08-08T00:56:44.307637,1844,True,illustrative_synthetic
Album_2018_0045,Artist_2018_0045,2018,3.43,119,"Rock, Jazz",synthetic,2026-08-08T00:56:44.307637,1845,True,illustrative_synthetic
Album_2018_0046,Artist_2018_0046,2018,3.32,723,"Reggae, Punk",synthetic,2026-08-08T00:56:44.307637,1846,True,illustrative_synthetic
Album_2018_0047,Artist_2018_0047,2018,3.77,315,Experimental,synthetic,2026-08-08T00:56:44.307637,1847,True,illustrative_synthetic
Album_2018_0048,Artist_2018_0048,2018,3.7,50,"Experimental, Folk, Alt. Rock",synthetic,2026-08-08T00:56:44.307637,1848,True,illustrative_synthetic
Album_2018_0049,Artist_2018_0049,2018,4.43,226,"Classical, Metal, Indie Rock",synthetic,2026-08-08T00:56:44.307637,1849,True,illustrative_synthetic
Album_2018_0050,Artist_2018_0050,2018,4.11,153,"Pop, Jazz, Hip-Hop",synthetic,2026-08-08T00:56:44.307637,1850,True,illustrative_synthetic
Album_2018_0051,Artist_2018_0051,2018,3.7,285,"Blues, Metal, Hip-Hop",synthetic,2026-08-08T00:56:44.307637,1851,True,illustrative_synthetic
Album_2018_0052,Artist_2018_0052,2018,3.95,267,"Indie Rock, Pop, Metal",synthetic,2026-08-08T00:56:44.307637,1852,True,illustrative_synthetic
Album_2018_0053,Artist_2018_0053,2018,3.39,18257,Hip-Hop,synthetic,2026-08-08T00:56:44.307637,1853,True,illustrative_synthetic
Album_2018_0054,Artist_2018_0054,2018,3.51,5469,"Rock, Jazz",synthetic,2026-08-08T00:56:44.307637,1854,True,illustrative_synthetic
Album_2018_0055,Artist_2018_0055,2018,2.9,587,"Folk, Classical, Pop",synthetic,2026-08-08T00:56:44.307637,1855,True,illustrative_synthetic
Album_2018_0056,Artist_2018_0056,2018,3.93,50,Reggae,synthetic,2026-08-08T00:56:44.307637,1856,True,illustrative_synthetic
Album_2018_0057,Artist_2018_0057,2018,3.26,211,"Jazz, Experimental",synthetic,2026-08-08T00:56:44.307637,1857,True,illustrative_synthetic
Album_2018_0058,Artist_2018_0058,2018,3.71,50,"Metal, Experimental",synthetic,2026-08-08T00:56:44.307637,1858,True,illustrative_synthetic
Album_2018_0059,Artist_2018_0059,2018,3.35,1042,Pop,synthetic,2026-08-08T00:56:44.307637,1859,True,illustrative_synthetic
Album_2018_0060,Artist_2018_0060,2018,2.69,1547,Metal,synthetic,2026-08-08T00:56:44.307637,1860,True,illustrative_synthetic
Album_2018_0061,Artist_2018_0061,2018,3.41,50,"Experimental, Hip-Hop",synthetic,2026-08-08T00:56:44.307637,1861,True,illustrative_synthetic
Album_2018_0062,Artist_2018_0062,2018,3.87,421,Country,synthetic,2026-08-08T00:56:44.307637,1862,True,illustrative_synthetic
Album_2018_0063,Artist_2018_0063,2018,3.52,56,Indie Rock,synthetic,2026-08-08T00:56:44.307637,1863,True,illustrative_synthetic
Album_2018_0064,Artist_2018_0064,2018,2.94,119,"Alt. Rock, Indie Rock",synthetic,2026-08-08T00:56:44.307637,1864,True,illustrative_synthetic
Album_2018_0065,Artist_2018_0065,2018,2.9,50,"Alt. Rock, Classical, Hip-Hop",synthetic,2026-08-08T00:56:44.307637,1865,True,illustrative_synthetic
Album_2018_0066,Artist_2018_0066,2018,3.13,50,Hip-Hop,synthetic,2026-08-08T00:56:44.307637,1866,True,illustrative_synthetic
Album_2018_0067,Artist_2018_0067,2018,4.05,1450,Folk,synthetic,2026-08-08T00:56:44.307637,1867,True,illustrative_synthetic
Album_2018_0068,Artist_2018_0068,2018,4.56,140,"Ambient, Indie Rock, Alt. Rock",synthetic,2026-08-08T00:56:44.307637,1868,True,illustrative_synthetic
Album_2018_0069,Artist_2018_0069,2018,3.53,132,"R&B, Punk",synthetic,2026-08-08T00:56:44.307637,1869,True,illustrative_synthetic
Album_2018_0070,Artist_2018_0070,2018,3.8,197,"Classical, Folk",synthetic,2026-08-08T00:56:44.307637,1870,True,illustrative_synthetic
Album_2018_0071,Artist_2018_0071,2018,2.93,396,Electronic,synthetic,2026-08-08T00:56:44.307637,1871,True,illustrative_synthetic
Album_2018_0072,Artist_2018_0072,2018,3.65,50,"Alt. Rock, Electronic",synthetic,2026-08-08T00:56:44.307637,1872,True,illustrative_synthetic
Album_2018_0073,Artist_2018_0073,2018,3.63,55,Rock,synthetic,2026-08-08T00:56:44.307637,1873,True,illustrative_synthetic
Album_2018_0074,Artist_2018_0074,2018,3.85,50,"Experimental, Jazz",synthetic,2026-08-08T00:56:44.307637,1874,True,illustrative_synthetic
Album_2018_0075,Artist_2018_0075,2018,3.74,474,Alt. Rock,synthetic,2026-08-08T00:56:44.307637,1875,True,illustrative_synthetic
Album_2018_0076,Artist_2018_0076,2018,3.87,81,"Indie Rock, Metal, Rock",synthetic,2026-08-08T00:56:44.307637,1876,True,illustrative_synthetic
Album_2018_0077,Artist_2018_0077,2018,3.26,50,"Ambient, R&B",synthetic,2026-08-08T00:56:44.307637,1877,True,illustrative_synthetic
Album_2018_0078,Artist_2018_0078,2018,3.87,98,"Rock, Classical",synthetic,2026-08-08T00:56:44.307637,1878,True,illustrative_synthetic
Album_2018_0079,Artist_2018_0079,2018,3.44,372,"Classical, Blues, R&B",synthetic,2026-08-08T00:56:44.307637,1879,True,illustrative_synthetic
Album_2018_0080,Artist_2018_0080,2018,3.3,523,Metal,synthetic,2026-08-08T00:56:44.307637,1880,True,illustrative_synthetic
Album_2018_0081,Artist_2018_0081,2018,3.2,247,Pop,synthetic,2026-08-08T00:56:44.307637,1881,True,illustrative_synthetic
Album_2018_0082,Artist_2018_0082,2018,3.57,723,"Pop, Reggae, Punk",synthetic,2026-08-08T00:56:44.307637,1882,True,illustrative_synthetic
Album_2018_0083,Artist_2018_0083,2018,2.8,593,"Jazz, Folk, Indie Rock",synthetic,2026-08-08T00:56:44.307637,1883,True,illustrative_synthetic
Album_2018_0084,Artist_2018_0084,2018,3.75,50,Hip-Hop,synthetic,2026-08-08T00:56:44.307637,1884,True,illustrative_synthetic
Album_2018_0085,Artist_2018_0085,2018,3.18,734,Country,synthetic,2026-08-08T00:56:44.307637,1885,True,illustrative_synthetic
Album_2018_0086,Artist_2018_0086,2018,3.69,458,"Experimental, Hip-Hop",synthetic,2026-08-08T00:56:44.307637,1886,True,illustrative_synthetic
Album_2018_0087,Artist_2018_0087,2018,3.2,145,"Experimental, Country",synthetic,2026-08-08T00:56:44.307637,1887,True,illustrative_synthetic
Album_2018_0088,Artist_2018_0088,2018,2.23,50,"Rock, Blues, Classical",synthetic,2026-08-08T00:56:44.307637,1888,True,illustrative_synthetic
Album_2018_0089,Artist_2018_0089,2018,3.35,137,"Reggae, Jazz",synthetic,2026-08-08T00:56:44.307637,1889,True,illustrative_synthetic
Album_2018_0090,Artist_2018_0090,2018,2.93,498,"Country, Ambient",synthetic,2026-08-08T00:56:44.307637,1890,True,illustrative_synthetic
Album_2018_0091,Artist_2018_0091,2018,3.23,1126,"Punk, Experimental",synthetic,2026-08-08T00:56:44.307637,1891,True,illustrative_synthetic
Album_2018_0092,Artist_2018_0092,2018,3.21,50,Folk,synthetic,2026-08-08T00:56:44.307637,1892,True,illustrative_synthetic
Album_2018_0093,Artist_2018_0093,2018,3.53,61,"Jazz, Metal",synthetic,2026-08-08T00:56:44.307637,1893,True,illustrative_synthetic
Album_2018_0094,Artist_2018_0094,2018,3.14,128,Electronic,synthetic,2026-08-08T00:56:44.307637,1894,True,illustrative_synthetic
Album_2018_0095,Artist_2018_0095,2018,2.95,50,R&B,synthetic,2026-08-08T00:56:44.307637,1895,True,illustrative_synthetic
Album_2018_0096,Artist_2018_0096,2018,3.82,422,Folk,synthetic,2026-08-08T00:56:44.307637,1896,True,illustrative_synthetic
Album_2018_0097,Artist_2018_0097,2018,3.37,110,"Classical, Folk",synthetic,2026-08-08T00:56:44.307637,1897,True,illustrative_synthetic
Album_2018_0098,Artist_2018_0098,2018,3.59,177,"Country, Alt. Rock",synthetic,2026-08-08T00:56:44.307637,1898,True,illustrative_synthetic
Album_2018_0099,Artist_2018_0099,2018,4.03,50,"Classical, Reggae, Indie Rock",synthetic,2026-08-08T00:56:44.307637,1899,True,illustrative_synthetic
Album_2018_0100,Artist_2018_0100,2018,3.31,639,"Jazz, Classical",synthetic,2026-08-08T00:56:44.307637,1900,True,illustrative_synthetic
Album_2019_0001,Artist_2019_0001,2019,3.62,198,"Reggae, Alt. Rock, Rock",synthetic,2026-08-08T00:56:44.307637,1901,True,illustrative_synthetic
Album_2019_0002,Artist_2019_0002,2019,3.37,409,"Hip-Hop, Ambient",synthetic,2026-08-08T00:56:44.307637,1902,True,illustrative_synthetic
Album_2019_0003,Artist_2019_0003,2019,3.21,115,"Jazz, Electronic",synthetic,2026-08-08T00:56:44.307637,1903,True,illustrative_synthetic
Album_2019_0004,Artist_2019_0004,2019,3.36,50,Folk,synthetic,2026-08-08T00:56:44.307637,1904,True,illustrative_synthetic
Album_2019_0005,Artist_2019_0005,2019,3.56,193,"Ambient, R&B",synthetic,2026-08-08T00:56:44.307637,1905,True,illustrative_synthetic
Album_2019_0006,Artist_2019_0006,2019,3.75,1155,Ambient,synthetic,2026-08-08T00:56:44.307637,1906,True,illustrative_synthetic
Album_2019_0007,Artist_2019_0007,2019,4.06,86,"Classical, Pop, Indie Rock",synthetic,2026-08-08T00:56:44.307637,1907,True,illustrative_synthetic
Album_2019_0008,Artist_2019_0008,2019,3.13,599,Reggae,synthetic,2026-08-08T00:56:44.307637,1908,True,illustrative_synthetic
Album_2019_0009,Artist_2019_0009,2019,2.87,270,Reggae,synthetic,2026-08-08T00:56:44.307637,1909,True,illustrative_synthetic
Album_2019_0010,Artist_2019_0010,2019,3.96,50,Metal,synthetic,2026-08-08T00:56:44.307637,1910,True,illustrative_synthetic
Album_2019_0011,Artist_2019_0011,2019,3.71,50,"Punk, Blues, Pop",synthetic,2026-08-08T00:56:44.307637,1911,True,illustrative_synthetic
Album_2019_0012,Artist_2019_0012,2019,3.41,50,"Rock, Electronic, Experimental",synthetic,2026-08-08T00:56:44.307637,1912,True,illustrative_synthetic
Album_2019_0013,Artist_2019_0013,2019,3.82,50,Electronic,synthetic,2026-08-08T00:56:44.307637,1913,True,illustrative_synthetic
Album_2019_0014,Artist_2019_0014,2019,3.9,365,Punk,synthetic,2026-08-08T00:56:44.307637,1914,True,illustrative_synthetic
Album_2019_0015,Artist_2019_0015,2019,3.06,50,"Punk, Ambient",synthetic,2026-08-08T00:56:44.307637,1915,True,illustrative_synthetic
Album_2019_0016,Artist_2019_0016,2019,3.91,191,Metal,synthetic,2026-08-08T00:56:44.307637,1916,True,illustrative_synthetic
Album_2019_0017,Artist_2019_0017,2019,3.43,274,Rock,synthetic,2026-08-08T00:56:44.307637,1917,True,illustrative_synthetic
Album_2019_0018,Artist_2019_0018,2019,3.02,231,"Experimental, Alt. Rock, Classical",synthetic,2026-08-08T00:56:44.307637,1918,True,illustrative_synthetic
Album_2019_0019,Artist_2019_0019,2019,3.79,81,"Hip-Hop, Alt. Rock, Folk",synthetic,2026-08-08T00:56:44.307637,1919,True,illustrative_synthetic
Album_2019_0020,Artist_2019_0020,2019,2.98,194,"Indie Rock, Rock, Ambient",synthetic,2026-08-08T00:56:44.307637,1920,True,illustrative_synthetic
Album_2019_0021,Artist_2019_0021,2019,3.92,657,"Punk, R&B, Metal",synthetic,2026-08-08T00:56:44.307637,1921,True,illustrative_synthetic
Album_2019_0022,Artist_2019_0022,2019,3.78,285,"Pop, Metal, Country",synthetic,2026-08-08T00:56:44.307637,1922,True,illustrative_synthetic
Album_2019_0023,Artist_2019_0023,2019,3.38,517,"Experimental, Classical, Pop",synthetic,2026-08-08T00:56:44.307637,1923,True,illustrative_synthetic
Album_2019_0024,Artist_2019_0024,2019,2.77,67,"Experimental, Rock",synthetic,2026-08-08T00:56:44.307637,1924,True,illustrative_synthetic
Album_2019_0025,Artist_2019_0025,2019,2.71,268,"Reggae, Classical",synthetic,2026-08-08T00:56:44.307637,1925,True,illustrative_synthetic
Album_2019_0026,Artist_2019_0026,2019,3.43,739,"Jazz, Reggae",synthetic,2026-08-08T00:56:44.307637,1926,True,illustrative_synthetic
Album_2019_0027,Artist_2019_0027,2019,3.54,286,"Hip-Hop, Country",synthetic,2026-08-08T00:56:44.307637,1927,True,illustrative_synthetic
Album_2019_0028,Artist_2019_0028,2019,3.12,50,"Punk, Metal",synthetic,2026-08-08T00:56:44.307637,1928,True,illustrative_synthetic
Album_2019_0029,Artist_2019_0029,2019,4.0,333,Alt. Rock,synthetic,2026-08-08T00:56:44.307637,1929,True,illustrative_synthetic
Album_2019_0030,Artist_2019_0030,2019,2.25,60,"Rock, Ambient, Pop",synthetic,2026-08-08T00:56:44.307637,1930,True,illustrative_synthetic
Album_2019_0031,Artist_2019_0031,2019,3.23,50,Pop,synthetic,2026-08-08T00:56:44.307637,1931,True,illustrative_synthetic
Album_2019_0032,Artist_2019_0032,2019,3.46,50,"Jazz, Indie Rock",synthetic,2026-08-08T00:56:44.307637,1932,True,illustrative_synthetic
Album_2019_0033,Artist_2019_0033,2019,3.2,331,Classical,synthetic,2026-08-08T00:56:44.307637,1933,True,illustrative_synthetic
Album_2019_0034,Artist_2019_0034,2019,3.88,50,"Metal, Jazz, Punk",synthetic,2026-08-08T00:56:44.307637,1934,True,illustrative_synthetic
Album_2019_0035,Artist_2019_0035,2019,3.53,404,"Ambient, Classical, Indie Rock",synthetic,2026-08-08T00:56:44.307637,1935,True,illustrative_synthetic
Album_2019_0036,Artist_2019_0036,2019,2.94,50,"Hip-Hop, Ambient, Experimental",synthetic,2026-08-08T00:56:44.307637,1936,True,illustrative_synthetic
Album_2019_0037,Artist_2019_0037,2019,3.33,50,"Jazz, Electronic, Ambient",synthetic,2026-08-08T00:56:44.307637,1937,True,illustrative_synthetic
Album_2019_0038,Artist_2019_0038,2019,2.84,50,Ambient,synthetic,2026-08-08T00:56:44.307637,1938,True,illustrative_synthetic
Album_2019_0039,Artist_2019_0039,2019,3.55,406,Pop,synthetic,2026-08-08T00:56:44.307637,1939,True,illustrative_synthetic
Album_2019_0040,Artist_2019_0040,2019,3.26,109,"Country, Experimental, Electronic",synthetic,2026-08-08T00:56:44.307637,1940,True,illustrative_synthetic
Album_2019_0041,Artist_2019_0041,2019,3.21,50,Alt. Rock,synthetic,2026-08-08T00:56:44.307637,1941,True,illustrative_synthetic
Album_2019_0042,Artist_2019_0042,2019,3.71,1273,"Folk, Blues",synthetic,2026-08-08T00:56:44.307637,1942,True,illustrative_synthetic
Album_2019_0043,Artist_2019_0043,2019,3.33,313,"Folk, Country, Classical",synthetic,2026-08-08T00:56:44.307637,1943,True,illustrative_synthetic
Album_2019_0044,Artist_2019_0044,2019,3.22,53,"Metal, Punk",synthetic,2026-08-08T00:56:44.307637,1944,True,illustrative_synthetic
Album_2019_0045,Artist_2019_0045,2019,4.04,134,"Rock, Reggae",synthetic,2026-08-08T00:56:44.307637,1945,True,illustrative_synthetic
Album_2019_0046,Artist_2019_0046,2019,3.97,528,R&B,synthetic,2026-08-08T00:56:44.307637,1946,True,illustrative_synthetic
Album_2019_0047,Artist_2019_0047,2019,2.89,180,Hip-Hop,synthetic,2026-08-08T00:56:44.307637,1947,True,illustrative_synthetic
Album_2019_0048,Artist_2019_0048,2019,3.67,5846,"Ambient, Alt. Rock, Country",synthetic,2026-08-08T00:56:44.307637,1948,True,illustrative_synthetic
Album_2019_0049,Artist_2019_0049,2019,4.04,273,Folk,synthetic,2026-08-08T00:56:44.307637,1949,True,illustrative_synthetic
Album_2019_0050,Artist_2019_0050,2019,3.33,116,"Classical, Reggae, Alt. Rock",synthetic,2026-08-08T00:56:44.307637,1950,True,illustrative_synthetic
Album_2019_0051,Artist_2019_0051,2019,3.06,143,"Indie Rock, Jazz, Rock",synthetic,2026-08-08T00:56:44.307637,1951,True,illustrative_synthetic
Album_2019_0052,Artist_2019_0052,2019,3.21,540,"Hip-Hop, Alt. Rock, Electronic",synthetic,2026-08-08T00:56:44.307637,1952,True,illustrative_synthetic
Album_2019_0053,Artist_2019_0053,2019,3.36,141,"Country, Indie Rock, Jazz",synthetic,2026-08-08T00:56:44.307637,1953,True,illustrative_synthetic
Album_2019_0054,Artist_2019_0054,2019,3.17,101,Punk,synthetic,2026-08-08T00:56:44.307637,1954,True,illustrative_synthetic
Album_2019_0055,Artist_2019_0055,2019,3.52,509,Pop,synthetic,2026-08-08T00:56:44.307637,1955,True,illustrative_synthetic
Album_2019_0056,Artist_2019_0056,2019,3.57,54,"Pop, Folk, Reggae",synthetic,2026-08-08T00:56:44.307637,1956,True,illustrative_synthetic
Album_2019_0057,Artist_2019_0057,2019,2.67,61,Indie Rock,synthetic,2026-08-08T00:56:44.307637,1957,True,illustrative_synthetic
Album_2019_0058,Artist_2019_0058,2019,3.22,734,"Folk, Metal",synthetic,2026-08-08T00:56:44.307637,1958,True,illustrative_synthetic
Album_2019_0059,Artist_2019_0059,2019,3.67,218,"Country, Pop, Hip-Hop",synthetic,2026-08-08T00:56:44.307637,1959,True,illustrative_synthetic
Album_2019_0060,Artist_2019_0060,2019,3.23,137,Ambient,synthetic,2026-08-08T00:56:44.307637,1960,True,illustrative_synthetic
Album_2019_0061,Artist_2019_0061,2019,3.41,144,"Electronic, Indie Rock, Rock",synthetic,2026-08-08T00:56:44.307637,1961,True,illustrative_synthetic
Album_2019_0062,Artist_2019_0062,2019,3.59,50,"Indie Rock, Jazz, Ambient",synthetic,2026-08-08T00:56:44.307637,1962,True,illustrative_synthetic
Album_2019_0063,Artist_2019_0063,2019,3.0,2422,"Rock, Blues",synthetic,2026-08-08T00:56:44.307637,1963,True,illustrative_synthetic
Album_2019_0064,Artist_2019_0064,2019,3.31,430,"Blues, Rock",synthetic,2026-08-08T00:56:44.307637,1964,True,illustrative_synthetic
Album_2019_0065,Artist_2019_0065,2019,3.38,50,"Blues, Experimental, Country",synthetic,2026-08-08T00:56:44.307637,1965,True,illustrative_synthetic
Album_2019_0066,Artist_2019_0066,2019,3.09,50,"R&B, Ambient",synthetic,2026-08-08T00:56:44.307637,1966,True,illustrative_synthetic
Album_2019_0067,Artist_2019_0067,2019,3.84,50,"Jazz, Folk",synthetic,2026-08-08T00:56:44.307637,1967,True,illustrative_synthetic
Album_2019_0068,Artist_2019_0068,2019,3.79,231,Reggae,synthetic,2026-08-08T00:56:44.307637,1968,True,illustrative_synthetic
Album_2019_0069,Artist_2019_0069,2019,3.49,50,"Punk, Country, Indie Rock",synthetic,2026-08-08T00:56:44.307637,1969,True,illustrative_synthetic
Album_2019_0070,Artist_2019_0070,2019,3.73,119,Classical,synthetic,2026-08-08T00:56:44.307637,1970,True,illustrative_synthetic
Album_2019_0071,Artist_2019_0071,2019,3.71,558,Punk,synthetic,2026-08-08T00:56:44.307637,1971,True,illustrative_synthetic
Album_2019_0072,Artist_2019_0072,2019,4.01,50,"Jazz, R&B",synthetic,2026-08-08T00:56:44.307637,1972,True,illustrative_synthetic
Album_2019_0073,Artist_2019_0073,2019,4.08,192,"Punk, Experimental",synthetic,2026-08-08T00:56:44.307637,1973,True,illustrative_synthetic
Album_2019_0074,Artist_2019_0074,2019,3.37,1924,Folk,synthetic,2026-08-08T00:56:44.307637,1974,True,illustrative_synthetic
Album_2019_0075,Artist_2019_0075,2019,4.28,52,"Alt. Rock, Blues, Metal",synthetic,2026-08-08T00:56:44.307637,1975,True,illustrative_synthetic
Album_2019_0076,Artist_2019_0076,2019,2.97,1577,"Hip-Hop, Metal, Classical",synthetic,2026-08-08T00:56:44.307637,1976,True,illustrative_synthetic
Album_2019_0077,Artist_2019_0077,2019,3.45,11350,"Indie Rock, Rock, R&B",synthetic,2026-08-08T00:56:44.307637,1977,True,illustrative_synthetic
Album_2019_0078,Artist_2019_0078,2019,3.85,66,Rock,synthetic,2026-08-08T00:56:44.307637,1978,True,illustrative_synthetic
Album_2019_0079,Artist_2019_0079,2019,2.85,50,"Ambient, Blues",synthetic,2026-08-08T00:56:44.307637,1979,True,illustrative_synthetic
Album_2019_0080,Artist_2019_0080,2019,4.3,8599,"Reggae, Punk",synthetic,2026-08-08T00:56:44.307637,1980,True,illustrative_synthetic
Album_2019_0081,Artist_2019_0081,2019,3.45,345,"Reggae, Alt. Rock, Experimental",synthetic,2026-08-08T00:56:44.307637,1981,True,illustrative_synthetic
Album_2019_0082,Artist_2019_0082,2019,3.04,86,"Blues, Classical, Experimental",synthetic,2026-08-08T00:56:44.307637,1982,True,illustrative_synthetic
Album_2019_0083,Artist_2019_0083,2019,3.13,304,"Alt. Rock, Folk",synthetic,2026-08-08T00:56:44.307637,1983,True,illustrative_synthetic
Album_2019_0084,Artist_2019_0084,2019,3.37,50,"Blues, Rock",synthetic,2026-08-08T00:56:44.307637,1984,True,illustrative_synthetic
Album_2019_0085,Artist_2019_0085,2019,3.73,131,Classical,synthetic,2026-08-08T00:56:44.307637,1985,True,illustrative_synthetic
Album_2019_0086,Artist_2019_0086,2019,3.12,50,"Electronic, Blues, R&B",synthetic,2026-08-08T00:56:44.307637,1986,True,illustrative_synthetic
Album_2019_0087,Artist_2019_0087,2019,4.06,172,"Experimental, Reggae",synthetic,2026-08-08T00:56:44.307637,1987,True,illustrative_synthetic
Album_2019_0088,Artist_2019_0088,2019,2.89,93,"Ambient, Classical",synthetic,2026-08-08T00:56:44.307637,1988,True,illustrative_synthetic
Album_2019_0089,Artist_2019_0089,2019,3.26,358,Hip-Hop,synthetic,2026-08-08T00:56:44.307637,1989,True,illustrative_synthetic
Album_2019_0090,Artist_2019_0090,2019,4.11,50,Metal,synthetic,2026-08-08T00:56:44.307637,1990,True,illustrative_synthetic
Album_2019_0091,Artist_2019_0091,2019,3.77,383,"Indie Rock, Folk, Blues",synthetic,2026-08-08T00:56:44.307637,1991,True,illustrative_synthetic
Album_2019_0092,Artist_2019_0092,2019,3.88,208,"Folk, Jazz",synthetic,2026-08-08T00:56:44.307637,1992,True,illustrative_synthetic
Album_2019_0093,Artist_2019_0093,2019,3.68,103,"Punk, Indie Rock",synthetic,2026-08-08T00:56:44.307637,1993,True,illustrative_synthetic
Album_2019_0094,Artist_2019_0094,2019,3.69,50,"Blues, Reggae, Jazz",synthetic,2026-08-08T00:56:44.307637,1994,True,illustrative_synthetic
Album_2019_0095,Artist_2019_0095,2019,3.26,50,"Pop, Reggae",synthetic,2026-08-08T00:56:44.307637,1995,True,illustrative_synthetic
Album_2019_0096,Artist_2019_0096,2019,4.36,59,"Jazz, Blues, Classical",synthetic,2026-08-08T00:56:44.307637,1996,True,illustrative_synthetic
Album_2019_0097,Artist_2019_0097,2019,3.31,310,"Rock, Country",synthetic,2026-08-08T00:56:44.307637,1997,True,illustrative_synthetic
Album_2019_0098,Artist_2019_0098,2019,2.67,50,"Rock, Blues, Indie Rock",synthetic,2026-08-08T00:56:44.307637,1998,True,illustrative_synthetic
Album_2019_0099,Artist_2019_0099,2019,3.16,50,"Rock, Blues, Punk",synthetic,2026-08-08T00:56:44.307637,1999,True,illustrative_synthetic
Album_2019_0100,Artist_2019_0100,2019,3.69,1116,"Folk, Electronic, Jazz",synthetic,2026-08-08T00:56:44.307637,2000,True,illustrative_synthetic
Album_2020_0001,Artist_2020_0001,2020,3.54,581,Metal,synthetic,2026-08-08T00:56:44.307637,2001,True,illustrative_synthetic
Album_2020_0002,Artist_2020_0002,2020,3.7,50,"Metal, Experimental, Alt. Rock",synthetic,2026-08-08T00:56:44.307637,2002,True,illustrative_synthetic
Album_2020_0003,Artist_2020_0003,2020,3.45,50,Blues,synthetic,2026-08-08T00:56:44.307637,2003,True,illustrative_synthetic
Album_2020_0004,Artist_2020_0004,2020,2.79,898,R&B,synthetic,2026-08-08T00:56:44.307637,2004,True,illustrative_synthetic
Album_2020_0005,Artist_2020_0005,2020,3.73,1008,Experimental,synthetic,2026-08-08T00:56:44.307637,2005,True,illustrative_synthetic
Album_2020_0006,Artist_2020_0006,2020,2.84,96,"Alt. Rock, Jazz",synthetic,2026-08-08T00:56:44.307637,2006,True,illustrative_synthetic
Album_2020_0007,Artist_2020_0007,2020,3.09,128,"Jazz, R&B",synthetic,2026-08-08T00:56:44.307637,2007,True,illustrative_synthetic
Album_2020_0008,Artist_2020_0008,2020,4.1,169,"Experimental, Ambient",synthetic,2026-08-08T00:56:44.307637,2008,True,illustrative_synthetic
Album_2020_0009,Artist_2020_0009,2020,3.72,168,Rock,synthetic,2026-08-08T00:56:44.307637,2009,True,illustrative_synthetic
Album_2020_0010,Artist_2020_0010,2020,4.15,1506,Experimental,synthetic,2026-08-08T00:56:44.307637,2010,True,illustrative_synthetic
Album_2020_0011,Artist_2020_0011,2020,3.66,50,"Country, Experimental, Ambient",synthetic,2026-08-08T00:56:44.307637,2011,True,illustrative_synthetic
Album_2020_0012,Artist_2020_0012,2020,3.6,85,"Jazz, Reggae, Alt. Rock",synthetic,2026-08-08T00:56:44.307637,2012,True,illustrative_synthetic
Album_2020_0013,Artist_2020_0013,2020,3.31,82,Reggae,synthetic,2026-08-08T00:56:44.307637,2013,True,illustrative_synthetic
Album_2020_0014,Artist_2020_0014,2020,4.52,101,"Alt. Rock, Jazz",synthetic,2026-08-08T00:56:44.307637,2014,True,illustrative_synthetic
Album_2020_0015,Artist_2020_0015,2020,4.28,50,"Blues, Country",synthetic,2026-08-08T00:56:44.307637,2015,True,illustrative_synthetic
Album_2020_0016,Artist_2020_0016,2020,3.59,154,"Folk, Jazz, Country",synthetic,2026-08-08T00:56:44.307637,2016,True,illustrative_synthetic
Album_2020_0017,Artist_2020_0017,2020,3.54,1218,"Punk, Jazz, Experimental",synthetic,2026-08-08T00:56:44.307637,2017,True,illustrative_synthetic
Album_2020_0018,Artist_2020_0018,2020,2.79,50,"Experimental, Ambient, Metal",synthetic,2026-08-08T00:56:44.307637,2018,True,illustrative_synthetic
Album_2020_0019,Artist_2020_0019,2020,3.12,306,Pop,synthetic,2026-08-08T00:56:44.307637,2019,True,illustrative_synthetic
Album_2020_0020,Artist_2020_0020,2020,3.15,567,Classical,synthetic,2026-08-08T00:56:44.307637,2020,True,illustrative_synthetic
Album_2020_0021,Artist_2020_0021,2020,3.76,121,"Ambient, Pop, Reggae",synthetic,2026-08-08T00:56:44.307637,2021,True,illustrative_synthetic
Album_2020_0022,Artist_2020_0022,2020,3.83,110,"Hip-Hop, Ambient",synthetic,2026-08-08T00:56:44.307637,2022,True,illustrative_synthetic
Album_2020_0023,Artist_2020_0023,2020,3.58,50,"Jazz, Experimental",synthetic,2026-08-08T00:56:44.307637,2023,True,illustrative_synthetic
Album_2020_0024,Artist_2020_0024,2020,2.91,614,Electronic,synthetic,2026-08-08T00:56:44.307637,2024,True,illustrative_synthetic
Album_2020_0025,Artist_2020_0025,2020,3.27,226,"Alt. Rock, Experimental",synthetic,2026-08-08T00:56:44.307637,2025,True,illustrative_synthetic
Album_2020_0026,Artist_2020_0026,2020,3.25,237,Country,synthetic,2026-08-08T00:56:44.307637,2026,True,illustrative_synthetic
Album_2020_0027,Artist_2020_0027,2020,3.07,314,"R&B, Hip-Hop",synthetic,2026-08-08T00:56:44.307637,2027,True,illustrative_synthetic
Album_2020_0028,Artist_2020_0028,2020,3.81,97,Indie Rock,synthetic,2026-08-08T00:56:44.307637,2028,True,illustrative_synthetic
Album_2020_0029,Artist_2020_0029,2020,3.34,50,"Blues, Classical, Experimental",synthetic,2026-08-08T00:56:44.307637,2029,True,illustrative_synthetic
Album_2020_0030,Artist_2020_0030,2020,4.01,373,"Jazz, Punk",synthetic,2026-08-08T00:56:44.307637,2030,True,illustrative_synthetic
Album_2020_0031,Artist_2020_0031,2020,3.08,298,Electronic,synthetic,2026-08-08T00:56:44.307637,2031,True,illustrative_synthetic
Album_2020_0032,Artist_2020_0032,2020,3.59,396,"Classical, Country, Reggae",synthetic,2026-08-08T00:56:44.307637,2032,True,illustrative_synthetic
Album_2020_0033,Artist_2020_0033,2020,4.01,449,"R&B, Metal, Ambient",synthetic,2026-08-08T00:56:44.307637,2033,True,illustrative_synthetic
Album_2020_0034,Artist_2020_0034,2020,4.32,1590,"Experimental, Pop, Rock",synthetic,2026-08-08T00:56:44.307637,2034,True,illustrative_synthetic
Album_2020_0035,Artist_2020_0035,2020,4.45,184,"Country, R&B, Pop",synthetic,2026-08-08T00:56:44.307637,2035,True,illustrative_synthetic
Album_2020_0036,Artist_2020_0036,2020,3.38,93,"Experimental, Electronic",synthetic,2026-08-08T00:56:44.307637,2036,True,illustrative_synthetic
Album_2020_0037,Artist_2020_0037,2020,3.64,839,Metal,synthetic,2026-08-08T00:56:44.307637,2037,True,illustrative_synthetic
Album_2020_0038,Artist_2020_0038,2020,5.0,384,"Folk, Indie Rock, Punk",synthetic,2026-08-08T00:56:44.307637,2038,True,illustrative_synthetic
Album_2020_0039,Artist_2020_0039,2020,3.38,51,"Indie Rock, Electronic, Metal",synthetic,2026-08-08T00:56:44.307637,2039,True,illustrative_synthetic
Album_2020_0040,Artist_2020_0040,2020,3.4,68,"Folk, Alt. Rock",synthetic,2026-08-08T00:56:44.307637,2040,True,illustrative_synthetic
Album_2020_0041,Artist_2020_0041,2020,2.77,369,"Country, Experimental",synthetic,2026-08-08T00:56:44.307637,2041,True,illustrative_synthetic
Album_2020_0042,Artist_2020_0042,2020,3.13,334,Metal,synthetic,2026-08-08T00:56:44.307637,2042,True,illustrative_synthetic
Album_2020_0043,Artist_2020_0043,2020,3.25,51,"Jazz, Classical, R&B",synthetic,2026-08-08T00:56:44.307637,2043,True,illustrative_synthetic
Album_2020_0044,Artist_2020_0044,2020,3.02,59,"Indie Rock, Reggae, Rock",synthetic,2026-08-08T00:56:44.307637,2044,True,illustrative_synthetic
Album_2020_0045,Artist_2020_0045,2020,3.25,175,"Alt. Rock, Ambient",synthetic,2026-08-08T00:56:44.307637,2045,True,illustrative_synthetic
Album_2020_0046,Artist_2020_0046,2020,3.96,328,"Ambient, Alt. Rock",synthetic,2026-08-08T00:56:44.307637,2046,True,illustrative_synthetic
Album_2020_0047,Artist_2020_0047,2020,3.13,256,"Punk, Classical, Electronic",synthetic,2026-08-08T00:56:44.307637,2047,True,illustrative_synthetic
Album_2020_0048,Artist_2020_0048,2020,3.72,3356,"Country, Electronic",synthetic,2026-08-08T00:56:44.307637,2048,True,illustrative_synthetic
Album_2020_0049,Artist_2020_0049,2020,4.07,50,Classical,synthetic,2026-08-08T00:56:44.307637,2049,True,illustrative_synthetic
Album_2020_0050,Artist_2020_0050,2020,3.65,147,"Ambient, Jazz",synthetic,2026-08-08T00:56:44.307637,2050,True,illustrative_synthetic
Album_2020_0051,Artist_2020_0051,2020,3.45,170,Indie Rock,synthetic,2026-08-08T00:56:44.307637,2051,True,illustrative_synthetic
Album_2020_0052,Artist_2020_0052,2020,3.72,603,"Blues, Alt. Rock",synthetic,2026-08-08T00:56:44.307637,2052,True,illustrative_synthetic
Album_2020_0053,Artist_2020_0053,2020,3.9,268,"Alt. Rock, Electronic",synthetic,2026-08-08T00:56:44.307637,2053,True,illustrative_synthetic
Album_2020_0054,Artist_2020_0054,2020,2.76,479,Hip-Hop,synthetic,2026-08-08T00:56:44.307637,2054,True,illustrative_synthetic
Album_2020_0055,Artist_2020_0055,2020,3.38,1092,"Country, Folk",synthetic,2026-08-08T00:56:44.307637,2055,True,illustrative_synthetic
Album_2020_0056,Artist_2020_0056,2020,3.74,802,"Alt. Rock, Electronic, Pop",synthetic,2026-08-08T00:56:44.307637,2056,True,illustrative_synthetic
Album_2020_0057,Artist_2020_0057,2020,2.92,576,"Pop, R&B",synthetic,2026-08-08T00:56:44.307637,2057,True,illustrative_synthetic
Album_2020_0058,Artist_2020_0058,2020,3.33,96,"Classical, Jazz",synthetic,2026-08-08T00:56:44.307637,2058,True,illustrative_synthetic
Album_2020_0059,Artist_2020_0059,2020,3.19,477,"Punk, Rock",synthetic,2026-08-08T00:56:44.307637,2059,True,illustrative_synthetic
Album_2020_0060,Artist_2020_0060,2020,3.55,50,"Hip-Hop, Pop, Classical",synthetic,2026-08-08T00:56:44.307637,2060,True,illustrative_synthetic
Album_2020_0061,Artist_2020_0061,2020,2.98,177,"Rock, Classical",synthetic,2026-08-08T00:56:44.307637,2061,True,illustrative_synthetic
Album_2020_0062,Artist_2020_0062,2020,3.54,100,"Folk, Electronic",synthetic,2026-08-08T00:56:44.307637,2062,True,illustrative_synthetic
Album_2020_0063,Artist_2020_0063,2020,3.24,164,"R&B, Alt. Rock",synthetic,2026-08-08T00:56:44.307637,2063,True,illustrative_synthetic
Album_2020_0064,Artist_2020_0064,2020,2.94,10845,"Experimental, R&B",synthetic,2026-08-08T00:56:44.307637,2064,True,illustrative_synthetic
Album_2020_0065,Artist_2020_0065,2020,2.78,203,"Reggae, Blues, Ambient",synthetic,2026-08-08T00:56:44.307637,2065,True,illustrative_synthetic
Album_2020_0066,Artist_2020_0066,2020,3.01,277,"Punk, Reggae, Experimental",synthetic,2026-08-08T00:56:44.307637,2066,True,illustrative_synthetic
Album_2020_0067,Artist_2020_0067,2020,3.4,50,Electronic,synthetic,2026-08-08T00:56:44.307637,2067,True,illustrative_synthetic
Album_2020_0068,Artist_2020_0068,2020,2.95,492,Electronic,synthetic,2026-08-08T00:56:44.307637,2068,True,illustrative_synthetic
Album_2020_0069,Artist_2020_0069,2020,3.67,370,"Experimental, Punk",synthetic,2026-08-08T00:56:44.307637,2069,True,illustrative_synthetic
Album_2020_0070,Artist_2020_0070,2020,4.17,59,"Classical, Alt. Rock",synthetic,2026-08-08T00:56:44.307637,2070,True,illustrative_synthetic
Album_2020_0071,Artist_2020_0071,2020,2.92,82,Indie Rock,synthetic,2026-08-08T00:56:44.307637,2071,True,illustrative_synthetic
Album_2020_0072,Artist_2020_0072,2020,3.64,167,"Experimental, Blues",synthetic,2026-08-08T00:56:44.307637,2072,True,illustrative_synthetic
Album_2020_0073,Artist_2020_0073,2020,3.4,126,"Alt. Rock, Rock",synthetic,2026-08-08T00:56:44.307637,2073,True,illustrative_synthetic
Album_2020_0074,Artist_2020_0074,2020,3.63,223,"Metal, Pop, Indie Rock",synthetic,2026-08-08T00:56:44.307637,2074,True,illustrative_synthetic
Album_2020_0075,Artist_2020_0075,2020,4.05,50,Folk,synthetic,2026-08-08T00:56:44.307637,2075,True,illustrative_synthetic
Album_2020_0076,Artist_2020_0076,2020,3.55,251,Ambient,synthetic,2026-08-08T00:56:44.307637,2076,True,illustrative_synthetic
Album_2020_0077,Artist_2020_0077,2020,3.01,59,"Country, Hip-Hop, Pop",synthetic,2026-08-08T00:56:44.307637,2077,True,illustrative_synthetic
Album_2020_0078,Artist_2020_0078,2020,3.25,2071,Reggae,synthetic,2026-08-08T00:56:44.307637,2078,True,illustrative_synthetic
Album_2020_0079,Artist_2020_0079,2020,3.52,270,Reggae,synthetic,2026-08-08T00:56:44.307637,2079,True,illustrative_synthetic
Album_2020_0080,Artist_2020_0080,2020,3.54,156,"Ambient, Jazz",synthetic,2026-08-08T00:56:44.307637,2080,True,illustrative_synthetic
Album_2020_0081,Artist_2020_0081,2020,3.44,310,R&B,synthetic,2026-08-08T00:56:44.307637,2081,True,illustrative_synthetic
Album_2020_0082,Artist_2020_0082,2020,3.56,50,Folk,synthetic,2026-08-08T00:56:44.307637,2082,True,illustrative_synthetic
Album_2020_0083,Artist_2020_0083,2020,3.32,50,"Pop, Indie Rock, Hip-Hop",synthetic,2026-08-08T00:56:44.307637,2083,True,illustrative_synthetic
Album_2020_0084,Artist_2020_0084,2020,3.71,50,Pop,synthetic,2026-08-08T00:56:44.307637,2084,True,illustrative_synthetic
Album_2020_0085,Artist_2020_0085,2020,3.06,50,"Hip-Hop, Classical, Blues",synthetic,2026-08-08T00:56:44.307637,2085,True,illustrative_synthetic
Album_2020_0086,Artist_2020_0086,2020,3.38,301,"Ambient, Reggae",synthetic,2026-08-08T00:56:44.307637,2086,True,illustrative_synthetic
Album_2020_0087,Artist_2020_0087,2020,3.8,573,"Jazz, Classical",synthetic,2026-08-08T00:56:44.307637,2087,True,illustrative_synthetic
Album_2020_0088,Artist_2020_0088,2020,3.65,5292,"Experimental, R&B, Classical",synthetic,2026-08-08T00:56:44.307637,2088,True,illustrative_synthetic
Album_2020_0089,Artist_2020_0089,2020,3.7,217,"Reggae, Indie Rock",synthetic,2026-08-08T00:56:44.307637,2089,True,illustrative_synthetic
Album_2020_0090,Artist_2020_0090,2020,3.26,50,"Punk, R&B, Rock",synthetic,2026-08-08T00:56:44.307637,2090,True,illustrative_synthetic
Album_2020_0091,Artist_2020_0091,2020,3.59,74,Country,synthetic,2026-08-08T00:56:44.307637,2091,True,illustrative_synthetic
Album_2020_0092,Artist_2020_0092,2020,2.9,130,R&B,synthetic,2026-08-08T00:56:44.307637,2092,True,illustrative_synthetic
Album_2020_0093,Artist_2020_0093,2020,3.46,1095,"Rock, Indie Rock",synthetic,2026-08-08T00:56:44.307637,2093,True,illustrative_synthetic
Album_2020_0094,Artist_2020_0094,2020,3.14,211,"R&B, Electronic, Indie Rock",synthetic,2026-08-08T00:56:44.307637,2094,True,illustrative_synthetic
Album_2020_0095,Artist_2020_0095,2020,4.27,243,"Country, Rock",synthetic,2026-08-08T00:56:44.307637,2095,True,illustrative_synthetic
Album_2020_0096,Artist_2020_0096,2020,2.72,216,Punk,synthetic,2026-08-08T00:56:44.307637,2096,True,illustrative_synthetic
Album_2020_0097,Artist_2020_0097,2020,3.68,1691,"Reggae, Indie Rock",synthetic,2026-08-08T00:56:44.307637,2097,True,illustrative_synthetic
Album_2020_0098,Artist_2020_0098,2020,3.81,1876,"Ambient, Jazz",synthetic,2026-08-08T00:56:44.307637,2098,True,illustrative_synthetic
Album_2020_0099,Artist_2020_0099,2020,4.11,50,Pop,synthetic,2026-08-08T00:56:44.307637,2099,True,illustrative_synthetic
Album_2020_0100,Artist_2020_0100,2020,3.93,50,Metal,synthetic,2026-08-08T00:56:44.307637,2100,True,illustrative_synthetic
Album_2021_0001,Artist_2021_0001,2021,4.07,50,"R&B, Blues",synthetic,2026-08-08T00:56:44.307637,2101,True,illustrative_synthetic
Album_2021_0002,Artist_2021_0002,2021,3.24,690,"Classical, Experimental, Metal",synthetic,2026-08-08T00:56:44.307637,2102,True,illustrative_synthetic
Album_2021_0003,Artist_2021_0003,2021,3.13,143,Ambient,synthetic,2026-08-08T00:56:44.307637,2103,True,illustrative_synthetic
Album_2021_0004,Artist_2021_0004,2021,3.34,203,"Punk, Folk, Metal",synthetic,2026-08-08T00:56:44.307637,2104,True,illustrative_synthetic
Album_2021_0005,Artist_2021_0005,2021,4.16,148,"Pop, Ambient, Hip-Hop",synthetic,2026-08-08T00:56:44.307637,2105,True,illustrative_synthetic
Album_2021_0006,Artist_2021_0006,2021,3.14,4070,"Punk, Ambient, Rock",synthetic,2026-08-08T00:56:44.307637,2106,True,illustrative_synthetic
Album_2021_0007,Artist_2021_0007,2021,3.47,390,"Alt. Rock, Rock, R&B",synthetic,2026-08-08T00:56:44.307637,2107,True,illustrative_synthetic
Album_2021_0008,Artist_2021_0008,2021,3.65,50,"Pop, Country",synthetic,2026-08-08T00:56:44.307637,2108,True,illustrative_synthetic
Album_2021_0009,Artist_2021_0009,2021,3.41,294,Rock,synthetic,2026-08-08T00:56:44.307637,2109,True,illustrative_synthetic
Album_2021_0010,Artist_2021_0010,2021,3.28,50,"Classical, Ambient",synthetic,2026-08-08T00:56:44.307637,2110,True,illustrative_synthetic
Album_2021_0011,Artist_2021_0011,2021,3.43,127,"Folk, Country",synthetic,2026-08-08T00:56:44.307637,2111,True,illustrative_synthetic
Album_2021_0012,Artist_2021_0012,2021,3.6,50,"Jazz, Folk",synthetic,2026-08-08T00:56:44.307637,2112,True,illustrative_synthetic
Album_2021_0013,Artist_2021_0013,2021,3.33,298,"Experimental, Folk, Classical",synthetic,2026-08-08T00:56:44.307637,2113,True,illustrative_synthetic
Album_2021_0014,Artist_2021_0014,2021,3.32,50,Metal,synthetic,2026-08-08T00:56:44.307637,2114,True,illustrative_synthetic
Album_2021_0015,Artist_2021_0015,2021,3.01,423,"Country, Rock",synthetic,2026-08-08T00:56:44.307637,2115,True,illustrative_synthetic
Album_2021_0016,Artist_2021_0016,2021,3.32,124,Hip-Hop,synthetic,2026-08-08T00:56:44.307637,2116,True,illustrative_synthetic
Album_2021_0017,Artist_2021_0017,2021,3.77,306,"Electronic, Classical, Country",synthetic,2026-08-08T00:56:44.307637,2117,True,illustrative_synthetic
Album_2021_0018,Artist_2021_0018,2021,3.79,50,"Alt. Rock, Ambient, Hip-Hop",synthetic,2026-08-08T00:56:44.307637,2118,True,illustrative_synthetic
Album_2021_0019,Artist_2021_0019,2021,3.35,50,"Punk, Experimental",synthetic,2026-08-08T00:56:44.307637,2119,True,illustrative_synthetic
Album_2021_0020,Artist_2021_0020,2021,3.64,50,"Pop, Blues",synthetic,2026-08-08T00:56:44.307637,2120,True,illustrative_synthetic
Album_2021_0021,Artist_2021_0021,2021,3.95,723,R&B,synthetic,2026-08-08T00:56:44.307637,2121,True,illustrative_synthetic
Album_2021_0022,Artist_2021_0022,2021,3.49,329,"Country, Electronic",synthetic,2026-08-08T00:56:44.307637,2122,True,illustrative_synthetic
Album_2021_0023,Artist_2021_0023,2021,3.5,180,Classical,synthetic,2026-08-08T00:56:44.307637,2123,True,illustrative_synthetic
Album_2021_0024,Artist_2021_0024,2021,3.4,113,"Jazz, Reggae",synthetic,2026-08-08T00:56:44.307637,2124,True,illustrative_synthetic
Album_2021_0025,Artist_2021_0025,2021,3.03,50,"Experimental, Punk, Metal",synthetic,2026-08-08T00:56:44.307637,2125,True,illustrative_synthetic
Album_2021_0026,Artist_2021_0026,2021,4.06,180,Metal,synthetic,2026-08-08T00:56:44.307637,2126,True,illustrative_synthetic
Album_2021_0027,Artist_2021_0027,2021,3.78,314,"Jazz, Electronic",synthetic,2026-08-08T00:56:44.307637,2127,True,illustrative_synthetic
Album_2021_0028,Artist_2021_0028,2021,4.28,50,"Folk, Indie Rock",synthetic,2026-08-08T00:56:44.307637,2128,True,illustrative_synthetic
Album_2021_0029,Artist_2021_0029,2021,3.67,87,"Pop, Reggae",synthetic,2026-08-08T00:56:44.307637,2129,True,illustrative_synthetic
Album_2021_0030,Artist_2021_0030,2021,3.25,50,"Folk, Experimental",synthetic,2026-08-08T00:56:44.307637,2130,True,illustrative_synthetic
Album_2021_0031,Artist_2021_0031,2021,3.53,108,Reggae,synthetic,2026-08-08T00:56:44.307637,2131,True,illustrative_synthetic
Album_2021_0032,Artist_2021_0032,2021,3.76,73,"Folk, Reggae",synthetic,2026-08-08T00:56:44.307637,2132,True,illustrative_synthetic
Album_2021_0033,Artist_2021_0033,2021,3.48,255,"Experimental, Country, Punk",synthetic,2026-08-08T00:56:44.307637,2133,True,illustrative_synthetic
Album_2021_0034,Artist_2021_0034,2021,2.82,413,Blues,synthetic,2026-08-08T00:56:44.307637,2134,True,illustrative_synthetic
Album_2021_0035,Artist_2021_0035,2021,2.96,50,"Ambient, Alt. Rock",synthetic,2026-08-08T00:56:44.307637,2135,True,illustrative_synthetic
Album_2021_0036,Artist_2021_0036,2021,3.55,261,"Classical, Metal, Folk",synthetic,2026-08-08T00:56:44.307637,2136,True,illustrative_synthetic
Album_2021_0037,Artist_2021_0037,2021,3.33,4105,"Jazz, Folk",synthetic,2026-08-08T00:56:44.307637,2137,True,illustrative_synthetic
Album_2021_0038,Artist_2021_0038,2021,4.29,63,Electronic,synthetic,2026-08-08T00:56:44.307637,2138,True,illustrative_synthetic
Album_2021_0039,Artist_2021_0039,2021,3.31,70,"Punk, Jazz",synthetic,2026-08-08T00:56:44.307637,2139,True,illustrative_synthetic
Album_2021_0040,Artist_2021_0040,2021,4.07,50,"Classical, Hip-Hop",synthetic,2026-08-08T00:56:44.307637,2140,True,illustrative_synthetic
Album_2021_0041,Artist_2021_0041,2021,3.17,121,"Folk, Punk",synthetic,2026-08-08T00:56:44.307637,2141,True,illustrative_synthetic
Album_2021_0042,Artist_2021_0042,2021,3.36,144,"Punk, Indie Rock",synthetic,2026-08-08T00:56:44.307637,2142,True,illustrative_synthetic
Album_2021_0043,Artist_2021_0043,2021,3.0,50,Classical,synthetic,2026-08-08T00:56:44.307637,2143,True,illustrative_synthetic
Album_2021_0044,Artist_2021_0044,2021,3.23,91,R&B,synthetic,2026-08-08T00:56:44.307637,2144,True,illustrative_synthetic
Album_2021_0045,Artist_2021_0045,2021,2.68,175,"Folk, Reggae, Country",synthetic,2026-08-08T00:56:44.307637,2145,True,illustrative_synthetic
Album_2021_0046,Artist_2021_0046,2021,3.11,110,"Jazz, Electronic, Metal",synthetic,2026-08-08T00:56:44.307637,2146,True,illustrative_synthetic
Album_2021_0047,Artist_2021_0047,2021,3.45,143,"Punk, Electronic, Pop",synthetic,2026-08-08T00:56:44.307637,2147,True,illustrative_synthetic
Album_2021_0048,Artist_2021_0048,2021,3.76,976,"Classical, Rock, Indie Rock",synthetic,2026-08-08T00:56:44.307637,2148,True,illustrative_synthetic
Album_2021_0049,Artist_2021_0049,2021,3.6,238,"R&B, Punk, Rock",synthetic,2026-08-08T00:56:44.307637,2149,True,illustrative_synthetic
Album_2021_0050,Artist_2021_0050,2021,3.12,1951,"Alt. Rock, R&B, Reggae",synthetic,2026-08-08T00:56:44.307637,2150,True,illustrative_synthetic
Album_2021_0051,Artist_2021_0051,2021,3.28,1757,Hip-Hop,synthetic,2026-08-08T00:56:44.307637,2151,True,illustrative_synthetic
Album_2021_0052,Artist_2021_0052,2021,4.2,50,"Country, Hip-Hop",synthetic,2026-08-08T00:56:44.307637,2152,True,illustrative_synthetic
Album_2021_0053,Artist_2021_0053,2021,3.85,328,Electronic,synthetic,2026-08-08T00:56:44.307637,2153,True,illustrative_synthetic
Album_2021_0054,Artist_2021_0054,2021,3.33,215,"Folk, Punk, Metal",synthetic,2026-08-08T00:56:44.307637,2154,True,illustrative_synthetic
Album_2021_0055,Artist_2021_0055,2021,3.91,895,"Country, Electronic",synthetic,2026-08-08T00:56:44.307637,2155,True,illustrative_synthetic
Album_2021_0056,Artist_2021_0056,2021,3.11,675,"Alt. Rock, Electronic",synthetic,2026-08-08T00:56:44.307637,2156,True,illustrative_synthetic
Album_2021_0057,Artist_2021_0057,2021,3.19,920,Ambient,synthetic,2026-08-08T00:56:44.307637,2157,True,illustrative_synthetic
Album_2021_0058,Artist_2021_0058,2021,2.69,50,Experimental,synthetic,2026-08-08T00:56:44.307637,2158,True,illustrative_synthetic
Album_2021_0059,Artist_2021_0059,2021,3.64,528,Pop,synthetic,2026-08-08T00:56:44.307637,2159,True,illustrative_synthetic
Album_2021_0060,Artist_2021_0060,2021,4.13,50,Experimental,synthetic,2026-08-08T00:56:44.307637,2160,True,illustrative_synthetic
Album_2021_0061,Artist_2021_0061,2021,3.59,52,"Country, Reggae, Alt. Rock",synthetic,2026-08-08T00:56:44.307637,2161,True,illustrative_synthetic
Album_2021_0062,Artist_2021_0062,2021,3.71,1527,"R&B, Rock",synthetic,2026-08-08T00:56:44.307637,2162,True,illustrative_synthetic
Album_2021_0063,Artist_2021_0063,2021,3.17,402,Hip-Hop,synthetic,2026-08-08T00:56:44.307637,2163,True,illustrative_synthetic
Album_2021_0064,Artist_2021_0064,2021,3.39,50,"Punk, Pop, Hip-Hop",synthetic,2026-08-08T00:56:44.307637,2164,True,illustrative_synthetic
Album_2021_0065,Artist_2021_0065,2021,3.53,72,"Ambient, Reggae, Indie Rock",synthetic,2026-08-08T00:56:44.307637,2165,True,illustrative_synthetic
Album_2021_0066,Artist_2021_0066,2021,3.45,1439,"Reggae, Metal",synthetic,2026-08-08T00:56:44.307637,2166,True,illustrative_synthetic
Album_2021_0067,Artist_2021_0067,2021,2.94,132,"Metal, R&B",synthetic,2026-08-08T00:56:44.307637,2167,True,illustrative_synthetic
Album_2021_0068,Artist_2021_0068,2021,3.27,170,"Indie Rock, Rock, Ambient",synthetic,2026-08-08T00:56:44.307637,2168,True,illustrative_synthetic
Album_2021_0069,Artist_2021_0069,2021,3.42,96,"Blues, Classical, Ambient",synthetic,2026-08-08T00:56:44.307637,2169,True,illustrative_synthetic
Album_2021_0070,Artist_2021_0070,2021,4.0,81,"Blues, Electronic, Indie Rock",synthetic,2026-08-08T00:56:44.307637,2170,True,illustrative_synthetic
Album_2021_0071,Artist_2021_0071,2021,3.24,111,"Metal, Electronic, Reggae",synthetic,2026-08-08T00:56:44.307637,2171,True,illustrative_synthetic
Album_2021_0072,Artist_2021_0072,2021,4.07,95,"Indie Rock, Punk",synthetic,2026-08-08T00:56:44.307637,2172,True,illustrative_synthetic
Album_2021_0073,Artist_2021_0073,2021,3.56,94,"Ambient, Metal, R&B",synthetic,2026-08-08T00:56:44.307637,2173,True,illustrative_synthetic
Album_2021_0074,Artist_2021_0074,2021,3.82,349,"Hip-Hop, Country, Punk",synthetic,2026-08-08T00:56:44.307637,2174,True,illustrative_synthetic
Album_2021_0075,Artist_2021_0075,2021,3.34,141,"Classical, R&B, Rock",synthetic,2026-08-08T00:56:44.307637,2175,True,illustrative_synthetic
Album_2021_0076,Artist_2021_0076,2021,3.43,112,"Country, Jazz, Metal",synthetic,2026-08-08T00:56:44.307637,2176,True,illustrative_synthetic
Album_2021_0077,Artist_2021_0077,2021,3.53,770,"Indie Rock, Classical",synthetic,2026-08-08T00:56:44.307637,2177,True,illustrative_synthetic
Album_2021_0078,Artist_2021_0078,2021,3.75,69,"Rock, Country, Folk",synthetic,2026-08-08T00:56:44.307637,2178,True,illustrative_synthetic
Album_2021_0079,Artist_2021_0079,2021,3.71,201,Indie Rock,synthetic,2026-08-08T00:56:44.307637,2179,True,illustrative_synthetic
Album_2021_0080,Artist_2021_0080,2021,3.38,50,"Blues, Reggae, Pop",synthetic,2026-08-08T00:56:44.307637,2180,True,illustrative_synthetic
Album_2021_0081,Artist_2021_0081,2021,3.5,1076,Reggae,synthetic,2026-08-08T00:56:44.307637,2181,True,illustrative_synthetic
Album_2021_0082,Artist_2021_0082,2021,3.42,50,R&B,synthetic,2026-08-08T00:56:44.307637,2182,True,illustrative_synthetic
Album_2021_0083,Artist_2021_0083,2021,3.73,50,Experimental,synthetic,2026-08-08T00:56:44.307637,2183,True,illustrative_synthetic
Album_2021_0084,Artist_2021_0084,2021,3.56,50,Ambient,synthetic,2026-08-08T00:56:44.307637,2184,True,illustrative_synthetic
Album_2021_0085,Artist_2021_0085,2021,4.03,318,Pop,synthetic,2026-08-08T00:56:44.307637,2185,True,illustrative_synthetic
Album_2021_0086,Artist_2021_0086,2021,3.57,50,"Classical, Jazz",synthetic,2026-08-08T00:56:44.307637,2186,True,illustrative_synthetic
Album_2021_0087,Artist_2021_0087,2021,3.71,50,Jazz,synthetic,2026-08-08T00:56:44.307637,2187,True,illustrative_synthetic
Album_2021_0088,Artist_2021_0088,2021,3.41,147,"Reggae, Metal, Country",synthetic,2026-08-08T00:56:44.307637,2188,True,illustrative_synthetic
Album_2021_0089,Artist_2021_0089,2021,3.34,272,"Punk, Rock, Jazz",synthetic,2026-08-08T00:56:44.307637,2189,True,illustrative_synthetic
Album_2021_0090,Artist_2021_0090,2021,3.48,666,"Alt. Rock, Rock, Folk",synthetic,2026-08-08T00:56:44.307637,2190,True,illustrative_synthetic
Album_2021_0091,Artist_2021_0091,2021,3.7,60,Blues,synthetic,2026-08-08T00:56:44.307637,2191,True,illustrative_synthetic
Album_2021_0092,Artist_2021_0092,2021,2.93,282,"Pop, Punk",synthetic,2026-08-08T00:56:44.307637,2192,True,illustrative_synthetic
Album_2021_0093,Artist_2021_0093,2021,3.18,124,"Folk, Pop",synthetic,2026-08-08T00:56:44.307637,2193,True,illustrative_synthetic
Album_2021_0094,Artist_2021_0094,2021,4.03,168,"Ambient, Metal, Experimental",synthetic,2026-08-08T00:56:44.307637,2194,True,illustrative_synthetic
Album_2021_0095,Artist_2021_0095,2021,3.34,639,"Alt. Rock, Folk",synthetic,2026-08-08T00:56:44.307637,2195,True,illustrative_synthetic
Album_2021_0096,Artist_2021_0096,2021,3.21,50,"Rock, Metal",synthetic,2026-08-08T00:56:44.307637,2196,True,illustrative_synthetic
Album_2021_0097,Artist_2021_0097,2021,3.46,50,Ambient,synthetic,2026-08-08T00:56:44.307637,2197,True,illustrative_synthetic
Album_2021_0098,Artist_2021_0098,2021,3.37,123,"Alt. Rock, Indie Rock, Blues",synthetic,2026-08-08T00:56:44.307637,2198,True,illustrative_synthetic
Album_2021_0099,Artist_2021_0099,2021,3.69,64,R&B,synthetic,2026-08-08T00:56:44.307637,2199,True,illustrative_synthetic
Album_2021_0100,Artist_2021_0100,2021,2.86,5781,"Rock, Punk, Folk",synthetic,2026-08-08T00:56:44.307637,2200,True,illustrative_synthetic
Album_2022_0001,Artist_2022_0001,2022,3.63,50,"Folk, Classical",synthetic,2026-08-08T00:56:44.307637,2201,True,illustrative_synthetic
Album_2022_0002,Artist_2022_0002,2022,3.48,484,"Punk, R&B",synthetic,2026-08-08T00:56:44.307637,2202,True,illustrative_synthetic
Album_2022_0003,Artist_2022_0003,2022,3.29,123,"Metal, Alt. Rock",synthetic,2026-08-08T00:56:44.307637,2203,True,illustrative_synthetic
Album_2022_0004,Artist_2022_0004,2022,3.21,68,"Reggae, Metal, Blues",synthetic,2026-08-08T00:56:44.307637,2204,True,illustrative_synthetic
Album_2022_0005,Artist_2022_0005,2022,4.04,50,Indie Rock,synthetic,2026-08-08T00:56:44.307637,2205,True,illustrative_synthetic
Album_2022_0006,Artist_2022_0006,2022,3.53,1392,Experimental,synthetic,2026-08-08T00:56:44.307637,2206,True,illustrative_synthetic
Album_2022_0007,Artist_2022_0007,2022,3.3,669,Experimental,synthetic,2026-08-08T00:56:44.307637,2207,True,illustrative_synthetic
Album_2022_0008,Artist_2022_0008,2022,2.88,119,"Punk, R&B, Pop",synthetic,2026-08-08T00:56:44.307637,2208,True,illustrative_synthetic
Album_2022_0009,Artist_2022_0009,2022,3.6,176,Blues,synthetic,2026-08-08T00:56:44.307637,2209,True,illustrative_synthetic
Album_2022_0010,Artist_2022_0010,2022,3.66,91,"Metal, Indie Rock, Folk",synthetic,2026-08-08T00:56:44.307637,2210,True,illustrative_synthetic
Album_2022_0011,Artist_2022_0011,2022,4.14,541,Country,synthetic,2026-08-08T00:56:44.307637,2211,True,illustrative_synthetic
Album_2022_0012,Artist_2022_0012,2022,3.34,392,Pop,synthetic,2026-08-08T00:56:44.307637,2212,True,illustrative_synthetic
Album_2022_0013,Artist_2022_0013,2022,3.89,50,"Indie Rock, Ambient",synthetic,2026-08-08T00:56:44.307637,2213,True,illustrative_synthetic
Album_2022_0014,Artist_2022_0014,2022,3.97,68,"Reggae, Experimental, Indie Rock",synthetic,2026-08-08T00:56:44.307637,2214,True,illustrative_synthetic
Album_2022_0015,Artist_2022_0015,2022,3.81,4017,Metal,synthetic,2026-08-08T00:56:44.307637,2215,True,illustrative_synthetic
Album_2022_0016,Artist_2022_0016,2022,3.93,1649,Punk,synthetic,2026-08-08T00:56:44.307637,2216,True,illustrative_synthetic
Album_2022_0017,Artist_2022_0017,2022,3.38,351,"Metal, R&B, Alt. Rock",synthetic,2026-08-08T00:56:44.307637,2217,True,illustrative_synthetic
Album_2022_0018,Artist_2022_0018,2022,3.65,208,"R&B, Jazz, Experimental",synthetic,2026-08-08T00:56:44.307637,2218,True,illustrative_synthetic
Album_2022_0019,Artist_2022_0019,2022,2.98,50,"Rock, Electronic",synthetic,2026-08-08T00:56:44.307637,2219,True,illustrative_synthetic
Album_2022_0020,Artist_2022_0020,2022,3.65,250,Reggae,synthetic,2026-08-08T00:56:44.307637,2220,True,illustrative_synthetic
Album_2022_0021,Artist_2022_0021,2022,3.79,57,"Blues, Metal",synthetic,2026-08-08T00:56:44.307637,2221,True,illustrative_synthetic
Album_2022_0022,Artist_2022_0022,2022,2.77,50,"Jazz, Electronic, Hip-Hop",synthetic,2026-08-08T00:56:44.307637,2222,True,illustrative_synthetic
Album_2022_0023,Artist_2022_0023,2022,4.05,727,Electronic,synthetic,2026-08-08T00:56:44.307637,2223,True,illustrative_synthetic
Album_2022_0024,Artist_2022_0024,2022,3.53,67,"Punk, Reggae",synthetic,2026-08-08T00:56:44.307637,2224,True,illustrative_synthetic
Album_2022_0025,Artist_2022_0025,2022,2.68,440,Reggae,synthetic,2026-08-08T00:56:44.307637,2225,True,illustrative_synthetic
Album_2022_0026,Artist_2022_0026,2022,3.8,83,"Blues, R&B",synthetic,2026-08-08T00:56:44.307637,2226,True,illustrative_synthetic
Album_2022_0027,Artist_2022_0027,2022,2.51,50,"Ambient, Reggae",synthetic,2026-08-08T00:56:44.307637,2227,True,illustrative_synthetic
Album_2022_0028,Artist_2022_0028,2022,3.67,169,Ambient,synthetic,2026-08-08T00:56:44.307637,2228,True,illustrative_synthetic
Album_2022_0029,Artist_2022_0029,2022,4.26,241,Rock,synthetic,2026-08-08T00:56:44.307637,2229,True,illustrative_synthetic
Album_2022_0030,Artist_2022_0030,2022,3.86,102,Metal,synthetic,2026-08-08T00:56:44.307637,2230,True,illustrative_synthetic
Album_2022_0031,Artist_2022_0031,2022,4.09,67,"Punk, Hip-Hop, Classical",synthetic,2026-08-08T00:56:44.307637,2231,True,illustrative_synthetic
Album_2022_0032,Artist_2022_0032,2022,3.47,285,"Alt. Rock, Punk",synthetic,2026-08-08T00:56:44.307637,2232,True,illustrative_synthetic
Album_2022_0033,Artist_2022_0033,2022,3.28,244,"Blues, Metal",synthetic,2026-08-08T00:56:44.307637,2233,True,illustrative_synthetic
Album_2022_0034,Artist_2022_0034,2022,3.7,50,Electronic,synthetic,2026-08-08T00:56:44.307637,2234,True,illustrative_synthetic
Album_2022_0035,Artist_2022_0035,2022,3.59,410,R&B,synthetic,2026-08-08T00:56:44.307637,2235,True,illustrative_synthetic
Album_2022_0036,Artist_2022_0036,2022,3.16,547,Classical,synthetic,2026-08-08T00:56:44.307637,2236,True,illustrative_synthetic
Album_2022_0037,Artist_2022_0037,2022,3.55,116,Jazz,synthetic,2026-08-08T00:56:44.307637,2237,True,illustrative_synthetic
Album_2022_0038,Artist_2022_0038,2022,3.68,255,Rock,synthetic,2026-08-08T00:56:44.307637,2238,True,illustrative_synthetic
Album_2022_0039,Artist_2022_0039,2022,3.26,354,"Metal, Country",synthetic,2026-08-08T00:56:44.307637,2239,True,illustrative_synthetic
Album_2022_0040,Artist_2022_0040,2022,3.77,623,"Punk, Reggae",synthetic,2026-08-08T00:56:44.307637,2240,True,illustrative_synthetic
Album_2022_0041,Artist_2022_0041,2022,3.99,50,Ambient,synthetic,2026-08-08T00:56:44.307637,2241,True,illustrative_synthetic
Album_2022_0042,Artist_2022_0042,2022,3.44,416,Rock,synthetic,2026-08-08T00:56:44.307637,2242,True,illustrative_synthetic
Album_2022_0043,Artist_2022_0043,2022,2.87,1040,Folk,synthetic,2026-08-08T00:56:44.307637,2243,True,illustrative_synthetic
Album_2022_0044,Artist_2022_0044,2022,4.13,50,Classical,synthetic,2026-08-08T00:56:44.307637,2244,True,illustrative_synthetic
Album_2022_0045,Artist_2022_0045,2022,2.68,675,"Classical, Pop",synthetic,2026-08-08T00:56:44.307637,2245,True,illustrative_synthetic
Album_2022_0046,Artist_2022_0046,2022,2.86,543,Blues,synthetic,2026-08-08T00:56:44.307637,2246,True,illustrative_synthetic
Album_2022_0047,Artist_2022_0047,2022,3.91,50,"Rock, Classical",synthetic,2026-08-08T00:56:44.307637,2247,True,illustrative_synthetic
Album_2022_0048,Artist_2022_0048,2022,3.4,50,Alt. Rock,synthetic,2026-08-08T00:56:44.307637,2248,True,illustrative_synthetic
Album_2022_0049,Artist_2022_0049,2022,3.73,297,Indie Rock,synthetic,2026-08-08T00:56:44.307637,2249,True,illustrative_synthetic
Album_2022_0050,Artist_2022_0050,2022,3.01,50,"Alt. Rock, Classical, Metal",synthetic,2026-08-08T00:56:44.307637,2250,True,illustrative_synthetic
Album_2022_0051,Artist_2022_0051,2022,3.21,1746,"Punk, Jazz, Indie Rock",synthetic,2026-08-08T00:56:44.307637,2251,True,illustrative_synthetic
Album_2022_0052,Artist_2022_0052,2022,4.13,52,Folk,synthetic,2026-08-08T00:56:44.307637,2252,True,illustrative_synthetic
Album_2022_0053,Artist_2022_0053,2022,4.02,50,Metal,synthetic,2026-08-08T00:56:44.307637,2253,True,illustrative_synthetic
Album_2022_0054,Artist_2022_0054,2022,2.47,164,Country,synthetic,2026-08-08T00:56:44.307637,2254,True,illustrative_synthetic
Album_2022_0055,Artist_2022_0055,2022,4.12,497,"Hip-Hop, Electronic, Rock",synthetic,2026-08-08T00:56:44.307637,2255,True,illustrative_synthetic
Album_2022_0056,Artist_2022_0056,2022,3.31,152,"Alt. Rock, Indie Rock, Punk",synthetic,2026-08-08T00:56:44.307637,2256,True,illustrative_synthetic
Album_2022_0057,Artist_2022_0057,2022,3.83,50,"Rock, Classical, Hip-Hop",synthetic,2026-08-08T00:56:44.307637,2257,True,illustrative_synthetic
Album_2022_0058,Artist_2022_0058,2022,3.9,148,"Folk, Experimental",synthetic,2026-08-08T00:56:44.307637,2258,True,illustrative_synthetic
Album_2022_0059,Artist_2022_0059,2022,3.63,738,"Electronic, R&B, Blues",synthetic,2026-08-08T00:56:44.307637,2259,True,illustrative_synthetic
Album_2022_0060,Artist_2022_0060,2022,3.35,50,"Experimental, Rock",synthetic,2026-08-08T00:56:44.307637,2260,True,illustrative_synthetic
Album_2022_0061,Artist_2022_0061,2022,3.61,1064,Alt. Rock,synthetic,2026-08-08T00:56:44.307637,2261,True,illustrative_synthetic
Album_2022_0062,Artist_2022_0062,2022,3.01,1847,"Classical, Alt. Rock, Rock",synthetic,2026-08-08T00:56:44.307637,2262,True,illustrative_synthetic
Album_2022_0063,Artist_2022_0063,2022,2.68,174,"Experimental, Folk, Pop",synthetic,2026-08-08T00:56:44.307637,2263,True,illustrative_synthetic
Album_2022_0064,Artist_2022_0064,2022,3.56,257,Pop,synthetic,2026-08-08T00:56:44.307637,2264,True,illustrative_synthetic
Album_2022_0065,Artist_2022_0065,2022,3.22,201,"Hip-Hop, Classical",synthetic,2026-08-08T00:56:44.307637,2265,True,illustrative_synthetic
Album_2022_0066,Artist_2022_0066,2022,3.78,250,Indie Rock,synthetic,2026-08-08T00:56:44.307637,2266,True,illustrative_synthetic
Album_2022_0067,Artist_2022_0067,2022,4.05,153,"Country, Pop, Rock",synthetic,2026-08-08T00:56:44.307637,2267,True,illustrative_synthetic
Album_2022_0068,Artist_2022_0068,2022,4.06,191,"Rock, Electronic, Hip-Hop",synthetic,2026-08-08T00:56:44.307637,2268,True,illustrative_synthetic
Album_2022_0069,Artist_2022_0069,2022,3.02,1758,"Indie Rock, Blues, Ambient",synthetic,2026-08-08T00:56:44.307637,2269,True,illustrative_synthetic
Album_2022_0070,Artist_2022_0070,2022,2.47,124,Metal,synthetic,2026-08-08T00:56:44.307637,2270,True,illustrative_synthetic
Album_2022_0071,Artist_2022_0071,2022,3.07,50,"Country, Blues, Alt. Rock",synthetic,2026-08-08T00:56:44.307637,2271,True,illustrative_synthetic
Album_2022_0072,Artist_2022_0072,2022,3.32,50,"Alt. Rock, Ambient",synthetic,2026-08-08T00:56:44.307637,2272,True,illustrative_synthetic
Album_2022_0073,Artist_2022_0073,2022,3.56,50,Metal,synthetic,2026-08-08T00:56:44.307637,2273,True,illustrative_synthetic
Album_2022_0074,Artist_2022_0074,2022,3.94,646,Ambient,synthetic,2026-08-08T00:56:44.307637,2274,True,illustrative_synthetic
Album_2022_0075,Artist_2022_0075,2022,3.19,216,"R&B, Folk, Indie Rock",synthetic,2026-08-08T00:56:44.307637,2275,True,illustrative_synthetic
Album_2022_0076,Artist_2022_0076,2022,4.44,756,"Country, Folk",synthetic,2026-08-08T00:56:44.307637,2276,True,illustrative_synthetic
Album_2022_0077,Artist_2022_0077,2022,4.19,912,Pop,synthetic,2026-08-08T00:56:44.307637,2277,True,illustrative_synthetic
Album_2022_0078,Artist_2022_0078,2022,3.09,101,"Metal, Blues, Punk",synthetic,2026-08-08T00:56:44.307637,2278,True,illustrative_synthetic
Album_2022_0079,Artist_2022_0079,2022,3.28,224,Rock,synthetic,2026-08-08T00:56:44.307637,2279,True,illustrative_synthetic
Album_2022_0080,Artist_2022_0080,2022,3.82,249,"Electronic, Alt. Rock",synthetic,2026-08-08T00:56:44.307637,2280,True,illustrative_synthetic
Album_2022_0081,Artist_2022_0081,2022,2.96,77,Alt. Rock,synthetic,2026-08-08T00:56:44.307637,2281,True,illustrative_synthetic
Album_2022_0082,Artist_2022_0082,2022,3.67,209,"Blues, Metal",synthetic,2026-08-08T00:56:44.307637,2282,True,illustrative_synthetic
Album_2022_0083,Artist_2022_0083,2022,3.19,752,"Ambient, Electronic, Experimental",synthetic,2026-08-08T00:56:44.307637,2283,True,illustrative_synthetic
Album_2022_0084,Artist_2022_0084,2022,3.65,51,Indie Rock,synthetic,2026-08-08T00:56:44.307637,2284,True,illustrative_synthetic
Album_2022_0085,Artist_2022_0085,2022,3.85,327,"Reggae, Jazz",synthetic,2026-08-08T00:56:44.307637,2285,True,illustrative_synthetic
Album_2022_0086,Artist_2022_0086,2022,3.12,136,R&B,synthetic,2026-08-08T00:56:44.307637,2286,True,illustrative_synthetic
Album_2022_0087,Artist_2022_0087,2022,3.68,1221,Classical,synthetic,2026-08-08T00:56:44.307637,2287,True,illustrative_synthetic
Album_2022_0088,Artist_2022_0088,2022,3.31,50,"Rock, Electronic, Blues",synthetic,2026-08-08T00:56:44.307637,2288,True,illustrative_synthetic
Album_2022_0089,Artist_2022_0089,2022,3.19,50,"Ambient, Rock",synthetic,2026-08-08T00:56:44.307637,2289,True,illustrative_synthetic
Album_2022_0090,Artist_2022_0090,2022,3.32,364,"Electronic, Pop",synthetic,2026-08-08T00:56:44.307637,2290,True,illustrative_synthetic
Album_2022_0091,Artist_2022_0091,2022,2.8,79,"Rock, R&B, Indie Rock",synthetic,2026-08-08T00:56:44.307637,2291,True,illustrative_synthetic
Album_2022_0092,Artist_2022_0092,2022,2.77,162,"Metal, Reggae",synthetic,2026-08-08T00:56:44.307637,2292,True,illustrative_synthetic
Album_2022_0093,Artist_2022_0093,2022,3.91,79,Pop,synthetic,2026-08-08T00:56:44.307637,2293,True,illustrative_synthetic
Album_2022_0094,Artist_2022_0094,2022,4.06,50,Country,synthetic,2026-08-08T00:56:44.307637,2294,True,illustrative_synthetic
Album_2022_0095,Artist_2022_0095,2022,3.55,190,"Electronic, Hip-Hop, Punk",synthetic,2026-08-08T00:56:44.307637,2295,True,illustrative_synthetic
Album_2022_0096,Artist_2022_0096,2022,3.55,50,Punk,synthetic,2026-08-08T00:56:44.307637,2296,True,illustrative_synthetic
Album_2022_0097,Artist_2022_0097,2022,3.81,151,"Country, R&B",synthetic,2026-08-08T00:56:44.307637,2297,True,illustrative_synthetic
Album_2022_0098,Artist_2022_0098,2022,3.13,463,Experimental,synthetic,2026-08-08T00:56:44.307637,2298,True,illustrative_synthetic
Album_2022_0099,Artist_2022_0099,2022,3.65,270,Experimental,synthetic,2026-08-08T00:56:44.307637,2299,True,illustrative_synthetic
Album_2022_0100,Artist_2022_0100,2022,3.64,968,"Rock, Ambient",synthetic,2026-08-08T00:56:44.307637,2300,True,illustrative_synthetic
Album_2023_0001,Artist_2023_0001,2023,3.08,228,Indie Rock,synthetic,2026-08-08T00:56:44.307637,2301,True,illustrative_synthetic
Album_2023_0002,Artist_2023_0002,2023,3.48,1081,"Jazz, Alt. Rock",synthetic,2026-08-08T00:56:44.307637,2302,True,illustrative_synthetic
Album_2023_0003,Artist_2023_0003,2023,3.16,156,Blues,synthetic,2026-08-08T00:56:44.307637,2303,True,illustrative_synthetic
Album_2023_0004,Artist_2023_0004,2023,3.08,50,Ambient,synthetic,2026-08-08T00:56:44.307637,2304,True,illustrative_synthetic
Album_2023_0005,Artist_2023_0005,2023,3.45,469,"Jazz, Punk, Experimental",synthetic,2026-08-08T00:56:44.307637,2305,True,illustrative_synthetic
Album_2023_0006,Artist_2023_0006,2023,2.77,65,"Ambient, Classical",synthetic,2026-08-08T00:56:44.307637,2306,True,illustrative_synthetic
Album_2023_0007,Artist_2023_0007,2023,3.32,303,Experimental,synthetic,2026-08-08T00:56:44.307637,2307,True,illustrative_synthetic
Album_2023_0008,Artist_2023_0008,2023,3.59,50,Pop,synthetic,2026-08-08T00:56:44.307637,2308,True,illustrative_synthetic
Album_2023_0009,Artist_2023_0009,2023,3.06,448,"Ambient, Indie Rock, Punk",synthetic,2026-08-08T00:56:44.307637,2309,True,illustrative_synthetic
Album_2023_0010,Artist_2023_0010,2023,4.16,107,Country,synthetic,2026-08-08T00:56:44.307637,2310,True,illustrative_synthetic
Album_2023_0011,Artist_2023_0011,2023,3.2,162,"Indie Rock, Reggae",synthetic,2026-08-08T00:56:44.307637,2311,True,illustrative_synthetic
Album_2023_0012,Artist_2023_0012,2023,4.15,66,"Metal, Rock, Folk",synthetic,2026-08-08T00:56:44.307637,2312,True,illustrative_synthetic
Album_2023_0013,Artist_2023_0013,2023,3.86,75,"Folk, Reggae, Ambient",synthetic,2026-08-08T00:56:44.307637,2313,True,illustrative_synthetic
Album_2023_0014,Artist_2023_0014,2023,4.43,50,"Experimental, Folk",synthetic,2026-08-08T00:56:44.307637,2314,True,illustrative_synthetic
Album_2023_0015,Artist_2023_0015,2023,3.34,50,Alt. Rock,synthetic,2026-08-08T00:56:44.307637,2315,True,illustrative_synthetic
Album_2023_0016,Artist_2023_0016,2023,3.31,715,"Alt. Rock, Indie Rock, Ambient",synthetic,2026-08-08T00:56:44.307637,2316,True,illustrative_synthetic
Album_2023_0017,Artist_2023_0017,2023,3.72,598,"Punk, R&B",synthetic,2026-08-08T00:56:44.307637,2317,True,illustrative_synthetic
Album_2023_0018,Artist_2023_0018,2023,3.27,267,"Folk, Hip-Hop, Punk",synthetic,2026-08-08T00:56:44.307637,2318,True,illustrative_synthetic
Album_2023_0019,Artist_2023_0019,2023,3.37,633,"Metal, Pop, Indie Rock",synthetic,2026-08-08T00:56:44.307637,2319,True,illustrative_synthetic
Album_2023_0020,Artist_2023_0020,2023,3.06,236,"Rock, Alt. Rock, Folk",synthetic,2026-08-08T00:56:44.307637,2320,True,illustrative_synthetic
Album_2023_0021,Artist_2023_0021,2023,4.21,50,"Indie Rock, Metal",synthetic,2026-08-08T00:56:44.307637,2321,True,illustrative_synthetic
Album_2023_0022,Artist_2023_0022,2023,3.95,79,"R&B, Hip-Hop, Punk",synthetic,2026-08-08T00:56:44.307637,2322,True,illustrative_synthetic
Album_2023_0023,Artist_2023_0023,2023,3.83,564,R&B,synthetic,2026-08-08T00:56:44.307637,2323,True,illustrative_synthetic
Album_2023_0024,Artist_2023_0024,2023,4.33,117,"Folk, Reggae",synthetic,2026-08-08T00:56:44.307637,2324,True,illustrative_synthetic
Album_2023_0025,Artist_2023_0025,2023,3.29,95,"Alt. Rock, Pop",synthetic,2026-08-08T00:56:44.307637,2325,True,illustrative_synthetic
Album_2023_0026,Artist_2023_0026,2023,3.12,73,Country,synthetic,2026-08-08T00:56:44.307637,2326,True,illustrative_synthetic
Album_2023_0027,Artist_2023_0027,2023,3.0,190,"Rock, Punk",synthetic,2026-08-08T00:56:44.307637,2327,True,illustrative_synthetic
Album_2023_0028,Artist_2023_0028,2023,3.66,235,Pop,synthetic,2026-08-08T00:56:44.307637,2328,True,illustrative_synthetic
Album_2023_0029,Artist_2023_0029,2023,2.6,252,Pop,synthetic,2026-08-08T00:56:44.307637,2329,True,illustrative_synthetic
Album_2023_0030,Artist_2023_0030,2023,3.82,210,Classical,synthetic,2026-08-08T00:56:44.307637,2330,True,illustrative_synthetic
Album_2023_0031,Artist_2023_0031,2023,3.56,213,Jazz,synthetic,2026-08-08T00:56:44.307637,2331,True,illustrative_synthetic
Album_2023_0032,Artist_2023_0032,2023,2.74,271,"Metal, Blues",synthetic,2026-08-08T00:56:44.307637,2332,True,illustrative_synthetic
Album_2023_0033,Artist_2023_0033,2023,3.4,50,"Jazz, Reggae",synthetic,2026-08-08T00:56:44.307637,2333,True,illustrative_synthetic
Album_2023_0034,Artist_2023_0034,2023,3.98,209,"R&B, Jazz, Classical",synthetic,2026-08-08T00:56:44.307637,2334,True,illustrative_synthetic
Album_2023_0035,Artist_2023_0035,2023,2.98,50,"Rock, Blues, Electronic",synthetic,2026-08-08T00:56:44.307637,2335,True,illustrative_synthetic
Album_2023_0036,Artist_2023_0036,2023,3.72,199,"Metal, Country",synthetic,2026-08-08T00:56:44.307637,2336,True,illustrative_synthetic
Album_2023_0037,Artist_2023_0037,2023,4.43,231,"Blues, Experimental, Electronic",synthetic,2026-08-08T00:56:44.307637,2337,True,illustrative_synthetic
Album_2023_0038,Artist_2023_0038,2023,3.47,434,R&B,synthetic,2026-08-08T00:56:44.307637,2338,True,illustrative_synthetic
Album_2023_0039,Artist_2023_0039,2023,3.15,654,"Rock, Folk",synthetic,2026-08-08T00:56:44.307637,2339,True,illustrative_synthetic
Album_2023_0040,Artist_2023_0040,2023,3.42,1235,"Hip-Hop, Electronic, Country",synthetic,2026-08-08T00:56:44.307637,2340,True,illustrative_synthetic
Album_2023_0041,Artist_2023_0041,2023,2.95,230,"Reggae, Experimental, Classical",synthetic,2026-08-08T00:56:44.307637,2341,True,illustrative_synthetic
Album_2023_0042,Artist_2023_0042,2023,3.79,421,"Punk, Classical",synthetic,2026-08-08T00:56:44.307637,2342,True,illustrative_synthetic
Album_2023_0043,Artist_2023_0043,2023,2.82,50,Experimental,synthetic,2026-08-08T00:56:44.307637,2343,True,illustrative_synthetic
Album_2023_0044,Artist_2023_0044,2023,3.63,50,Ambient,synthetic,2026-08-08T00:56:44.307637,2344,True,illustrative_synthetic
Album_2023_0045,Artist_2023_0045,2023,3.12,57,"Rock, Country, Ambient",synthetic,2026-08-08T00:56:44.307637,2345,True,illustrative_synthetic
Album_2023_0046,Artist_2023_0046,2023,3.46,196,"Classical, Ambient, Indie Rock",synthetic,2026-08-08T00:56:44.307637,2346,True,illustrative_synthetic
Album_2023_0047,Artist_2023_0047,2023,3.32,245,R&B,synthetic,2026-08-08T00:56:44.307637,2347,True,illustrative_synthetic
Album_2023_0048,Artist_2023_0048,2023,3.17,169,Pop,synthetic,2026-08-08T00:56:44.307637,2348,True,illustrative_synthetic
Album_2023_0049,Artist_2023_0049,2023,3.78,56,"Metal, Reggae",synthetic,2026-08-08T00:56:44.307637,2349,True,illustrative_synthetic
Album_2023_0050,Artist_2023_0050,2023,3.74,254,"Metal, Ambient",synthetic,2026-08-08T00:56:44.307637,2350,True,illustrative_synthetic
Album_2023_0051,Artist_2023_0051,2023,2.92,71,Country,synthetic,2026-08-08T00:56:44.307637,2351,True,illustrative_synthetic
Album_2023_0052,Artist_2023_0052,2023,4.16,206,"R&B, Indie Rock",synthetic,2026-08-08T00:56:44.307637,2352,True,illustrative_synthetic
Album_2023_0053,Artist_2023_0053,2023,3.55,266,"R&B, Experimental, Rock",synthetic,2026-08-08T00:56:44.307637,2353,True,illustrative_synthetic
Album_2023_0054,Artist_2023_0054,2023,3.84,62,Experimental,synthetic,2026-08-08T00:56:44.307637,2354,True,illustrative_synthetic
Album_2023_0055,Artist_2023_0055,2023,3.14,84,Indie Rock,synthetic,2026-08-08T00:56:44.307637,2355,True,illustrative_synthetic
Album_2023_0056,Artist_2023_0056,2023,3.04,172,R&B,synthetic,2026-08-08T00:56:44.307637,2356,True,illustrative_synthetic
Album_2023_0057,Artist_2023_0057,2023,3.22,108,Hip-Hop,synthetic,2026-08-08T00:56:44.307637,2357,True,illustrative_synthetic
Album_2023_0058,Artist_2023_0058,2023,3.18,199,"Country, Classical, Reggae",synthetic,2026-08-08T00:56:44.307637,2358,True,illustrative_synthetic
Album_2023_0059,Artist_2023_0059,2023,3.66,59,Experimental,synthetic,2026-08-08T00:56:44.307637,2359,True,illustrative_synthetic
Album_2023_0060,Artist_2023_0060,2023,3.08,278,"Rock, Pop",synthetic,2026-08-08T00:56:44.307637,2360,True,illustrative_synthetic
Album_2023_0061,Artist_2023_0061,2023,3.64,195,"Hip-Hop, Country",synthetic,2026-08-08T00:56:44.307637,2361,True,illustrative_synthetic
Album_2023_0062,Artist_2023_0062,2023,4.67,50,Alt. Rock,synthetic,2026-08-08T00:56:44.307637,2362,True,illustrative_synthetic
Album_2023_0063,Artist_2023_0063,2023,2.85,86,"Ambient, Country",synthetic,2026-08-08T00:56:44.307637,2363,True,illustrative_synthetic
Album_2023_0064,Artist_2023_0064,2023,4.0,50,R&B,synthetic,2026-08-08T00:56:44.307637,2364,True,illustrative_synthetic
Album_2023_0065,Artist_2023_0065,2023,3.38,50,"Electronic, Folk, Experimental",synthetic,2026-08-08T00:56:44.307637,2365,True,illustrative_synthetic
Album_2023_0066,Artist_2023_0066,2023,3.42,51,R&B,synthetic,2026-08-08T00:56:44.307637,2366,True,illustrative_synthetic
Album_2023_0067,Artist_2023_0067,2023,3.01,50,"Classical, R&B, Experimental",synthetic,2026-08-08T00:56:44.307637,2367,True,illustrative_synthetic
Album_2023_0068,Artist_2023_0068,2023,3.85,388,"Metal, Jazz, Ambient",synthetic,2026-08-08T00:56:44.307637,2368,True,illustrative_synthetic
Album_2023_0069,Artist_2023_0069,2023,3.46,193,"Jazz, Reggae",synthetic,2026-08-08T00:56:44.307637,2369,True,illustrative_synthetic
Album_2023_0070,Artist_2023_0070,2023,3.87,586,"Rock, Jazz, Classical",synthetic,2026-08-08T00:56:44.307637,2370,True,illustrative_synthetic
Album_2023_0071,Artist_2023_0071,2023,3.2,50,"Electronic, Hip-Hop, Experimental",synthetic,2026-08-08T00:56:44.307637,2371,True,illustrative_synthetic
Album_2023_0072,Artist_2023_0072,2023,3.28,179,"Reggae, Country",synthetic,2026-08-08T00:56:44.307637,2372,True,illustrative_synthetic
Album_2023_0073,Artist_2023_0073,2023,3.4,703,"Rock, Indie Rock, Jazz",synthetic,2026-08-08T00:56:44.307637,2373,True,illustrative_synthetic
Album_2023_0074,Artist_2023_0074,2023,3.65,3631,"Punk, Blues, Jazz",synthetic,2026-08-08T00:56:44.307637,2374,True,illustrative_synthetic
Album_2023_0075,Artist_2023_0075,2023,3.41,50,"R&B, Ambient, Experimental",synthetic,2026-08-08T00:56:44.307637,2375,True,illustrative_synthetic
Album_2023_0076,Artist_2023_0076,2023,3.67,274,Hip-Hop,synthetic,2026-08-08T00:56:44.307637,2376,True,illustrative_synthetic
Album_2023_0077,Artist_2023_0077,2023,3.4,50,"R&B, Alt. Rock, Reggae",synthetic,2026-08-08T00:56:44.307637,2377,True,illustrative_synthetic
Album_2023_0078,Artist_2023_0078,2023,3.49,50,Folk,synthetic,2026-08-08T00:56:44.307637,2378,True,illustrative_synthetic
Album_2023_0079,Artist_2023_0079,2023,3.14,6460,Hip-Hop,synthetic,2026-08-08T00:56:44.307637,2379,True,illustrative_synthetic
Album_2023_0080,Artist_2023_0080,2023,3.1,424,"Indie Rock, Alt. Rock",synthetic,2026-08-08T00:56:44.307637,2380,True,illustrative_synthetic
Album_2023_0081,Artist_2023_0081,2023,3.33,82,"Experimental, Alt. Rock",synthetic,2026-08-08T00:56:44.307637,2381,True,illustrative_synthetic
Album_2023_0082,Artist_2023_0082,2023,2.92,50,"Punk, Pop, Country",synthetic,2026-08-08T00:56:44.307637,2382,True,illustrative_synthetic
Album_2023_0083,Artist_2023_0083,2023,3.59,739,"Pop, Jazz",synthetic,2026-08-08T00:56:44.307637,2383,True,illustrative_synthetic
Album_2023_0084,Artist_2023_0084,2023,3.13,600,Rock,synthetic,2026-08-08T00:56:44.307637,2384,True,illustrative_synthetic
Album_2023_0085,Artist_2023_0085,2023,4.32,167,Punk,synthetic,2026-08-08T00:56:44.307637,2385,True,illustrative_synthetic
Album_2023_0086,Artist_2023_0086,2023,3.76,147,"Pop, Classical",synthetic,2026-08-08T00:56:44.307637,2386,True,illustrative_synthetic
Album_2023_0087,Artist_2023_0087,2023,4.14,50,"Reggae, Hip-Hop",synthetic,2026-08-08T00:56:44.307637,2387,True,illustrative_synthetic
Album_2023_0088,Artist_2023_0088,2023,4.19,3554,"Indie Rock, Electronic",synthetic,2026-08-08T00:56:44.307637,2388,True,illustrative_synthetic
Album_2023_0089,Artist_2023_0089,2023,2.93,216,"Country, Punk",synthetic,2026-08-08T00:56:44.307637,2389,True,illustrative_synthetic
Album_2023_0090,Artist_2023_0090,2023,3.07,112,"Jazz, Folk, Rock",synthetic,2026-08-08T00:56:44.307637,2390,True,illustrative_synthetic
Album_2023_0091,Artist_2023_0091,2023,2.97,50,"Electronic, Jazz",synthetic,2026-08-08T00:56:44.307637,2391,True,illustrative_synthetic
Album_2023_0092,Artist_2023_0092,2023,3.38,398,Hip-Hop,synthetic,2026-08-08T00:56:44.307637,2392,True,illustrative_synthetic
Album_2023_0093,Artist_2023_0093,2023,3.54,388,"Punk, Experimental, Rock",synthetic,2026-08-08T00:56:44.307637,2393,True,illustrative_synthetic
Album_2023_0094,Artist_2023_0094,2023,3.64,802,"Punk, Alt. Rock",synthetic,2026-08-08T00:56:44.307637,2394,True,illustrative_synthetic
Album_2023_0095,Artist_2023_0095,2023,2.76,104,"Electronic, Experimental",synthetic,2026-08-08T00:56:44.307637,2395,True,illustrative_synthetic
Album_2023_0096,Artist_2023_0096,2023,3.39,1225,"Indie Rock, R&B, Blues",synthetic,2026-08-08T00:56:44.307637,2396,True,illustrative_synthetic
Album_2023_0097,Artist_2023_0097,2023,3.19,413,Pop,synthetic,2026-08-08T00:56:44.307637,2397,True,illustrative_synthetic
Album_2023_0098,Artist_2023_0098,2023,3.48,150,"Punk, Metal, Blues",synthetic,2026-08-08T00:56:44.307637,2398,True,illustrative_synthetic
Album_2023_0099,Artist_2023_0099,2023,3.93,64,Electronic,synthetic,2026-08-08T00:56:44.307637,2399,True,illustrative_synthetic
Album_2023_0100,Artist_2023_0100,2023,4.14,50,"Hip-Hop, Metal",synthetic,2026-08-08T00:56:44.307637,2400,True,illustrative_synthetic
Album_2024_0001,Artist_2024_0001,2024,3.75,50,"Rock, Hip-Hop",synthetic,2026-08-08T00:56:44.307637,2401,True,illustrative_synthetic
Album_2024_0002,Artist_2024_0002,2024,3.26,1945,Ambient,synthetic,2026-08-08T00:56:44.307637,2402,True,illustrative_synthetic
Album_2024_0003,Artist_2024_0003,2024,3.75,413,"Experimental, Ambient",synthetic,2026-08-08T00:56:44.307637,2403,True,illustrative_synthetic
Album_2024_0004,Artist_2024_0004,2024,3.29,601,"Ambient, Metal",synthetic,2026-08-08T00:56:44.307637,2404,True,illustrative_synthetic
Album_2024_0005,Artist_2024_0005,2024,2.88,1106,"Indie Rock, Punk, R&B",synthetic,2026-08-08T00:56:44.307637,2405,True,illustrative_synthetic
Album_2024_0006,Artist_2024_0006,2024,4.14,189,"Indie Rock, Country",synthetic,2026-08-08T00:56:44.307637,2406,True,illustrative_synthetic
Album_2024_0007,Artist_2024_0007,2024,3.66,291,Classical,synthetic,2026-08-08T00:56:44.307637,2407,True,illustrative_synthetic
Album_2024_0008,Artist_2024_0008,2024,3.49,309,"Rock, Punk",synthetic,2026-08-08T00:56:44.307637,2408,True,illustrative_synthetic
Album_2024_0009,Artist_2024_0009,2024,3.91,330,Alt. Rock,synthetic,2026-08-08T00:56:44.307637,2409,True,illustrative_synthetic
Album_2024_0010,Artist_2024_0010,2024,3.31,276,Electronic,synthetic,2026-08-08T00:56:44.307637,2410,True,illustrative_synthetic
Album_2024_0011,Artist_2024_0011,2024,4.58,281,"Ambient, Experimental, Metal",synthetic,2026-08-08T00:56:44.307637,2411,True,illustrative_synthetic
Album_2024_0012,Artist_2024_0012,2024,3.44,265,"R&B, Electronic, Jazz",synthetic,2026-08-08T00:56:44.307637,2412,True,illustrative_synthetic
Album_2024_0013,Artist_2024_0013,2024,4.0,50,"Jazz, Punk",synthetic,2026-08-08T00:56:44.307637,2413,True,illustrative_synthetic
Album_2024_0014,Artist_2024_0014,2024,2.66,50,Indie Rock,synthetic,2026-08-08T00:56:44.307637,2414,True,illustrative_synthetic
Album_2024_0015,Artist_2024_0015,2024,3.4,50,Experimental,synthetic,2026-08-08T00:56:44.307637,2415,True,illustrative_synthetic
Album_2024_0016,Artist_2024_0016,2024,3.4,171,"Hip-Hop, Rock, Indie Rock",synthetic,2026-08-08T00:56:44.307637,2416,True,illustrative_synthetic
Album_2024_0017,Artist_2024_0017,2024,4.11,1314,Alt. Rock,synthetic,2026-08-08T00:56:44.307637,2417,True,illustrative_synthetic
Album_2024_0018,Artist_2024_0018,2024,3.08,364,"Jazz, Punk",synthetic,2026-08-08T00:56:44.307637,2418,True,illustrative_synthetic
Album_2024_0019,Artist_2024_0019,2024,3.72,408,"Pop, Rock, Country",synthetic,2026-08-08T00:56:44.307637,2419,True,illustrative_synthetic
Album_2024_0020,Artist_2024_0020,2024,3.7,155,"Jazz, Hip-Hop",synthetic,2026-08-08T00:56:44.307637,2420,True,illustrative_synthetic
Album_2024_0021,Artist_2024_0021,2024,3.48,76,Reggae,synthetic,2026-08-08T00:56:44.307637,2421,True,illustrative_synthetic
Album_2024_0022,Artist_2024_0022,2024,4.13,4014,"Punk, Folk, R&B",synthetic,2026-08-08T00:56:44.307637,2422,True,illustrative_synthetic
Album_2024_0023,Artist_2024_0023,2024,3.76,759,"Blues, Folk",synthetic,2026-08-08T00:56:44.307637,2423,True,illustrative_synthetic
Album_2024_0024,Artist_2024_0024,2024,3.54,104,Jazz,synthetic,2026-08-08T00:56:44.307637,2424,True,illustrative_synthetic
Album_2024_0025,Artist_2024_0025,2024,3.94,944,Blues,synthetic,2026-08-08T00:56:44.307637,2425,True,illustrative_synthetic
Album_2024_0026,Artist_2024_0026,2024,3.43,413,"Folk, Electronic",synthetic,2026-08-08T00:56:44.307637,2426,True,illustrative_synthetic
Album_2024_0027,Artist_2024_0027,2024,4.12,730,"Jazz, Blues, Country",synthetic,2026-08-08T00:56:44.307637,2427,True,illustrative_synthetic
Album_2024_0028,Artist_2024_0028,2024,2.94,127,"Rock, Alt. Rock, Folk",synthetic,2026-08-08T00:56:44.307637,2428,True,illustrative_synthetic
Album_2024_0029,Artist_2024_0029,2024,3.68,51,"Experimental, Punk",synthetic,2026-08-08T00:56:44.307637,2429,True,illustrative_synthetic
Album_2024_0030,Artist_2024_0030,2024,3.57,50,"Electronic, Country",synthetic,2026-08-08T00:56:44.307637,2430,True,illustrative_synthetic
Album_2024_0031,Artist_2024_0031,2024,4.17,50,R&B,synthetic,2026-08-08T00:56:44.307637,2431,True,illustrative_synthetic
Album_2024_0032,Artist_2024_0032,2024,3.71,718,Electronic,synthetic,2026-08-08T00:56:44.307637,2432,True,illustrative_synthetic
Album_2024_0033,Artist_2024_0033,2024,3.29,50,"Indie Rock, Classical, Rock",synthetic,2026-08-08T00:56:44.307637,2433,True,illustrative_synthetic
Album_2024_0034,Artist_2024_0034,2024,3.27,213,"Pop, Experimental",synthetic,2026-08-08T00:56:44.307637,2434,True,illustrative_synthetic
Album_2024_0035,Artist_2024_0035,2024,2.89,550,Blues,synthetic,2026-08-08T00:56:44.307637,2435,True,illustrative_synthetic
Album_2024_0036,Artist_2024_0036,2024,2.94,122,Rock,synthetic,2026-08-08T00:56:44.307637,2436,True,illustrative_synthetic
Album_2024_0037,Artist_2024_0037,2024,4.14,50,"Metal, Classical, Rock",synthetic,2026-08-08T00:56:44.307637,2437,True,illustrative_synthetic
Album_2024_0038,Artist_2024_0038,2024,4.4,166,"Ambient, Alt. Rock",synthetic,2026-08-08T00:56:44.307637,2438,True,illustrative_synthetic
Album_2024_0039,Artist_2024_0039,2024,3.36,62,"Folk, Indie Rock, Country",synthetic,2026-08-08T00:56:44.307637,2439,True,illustrative_synthetic
Album_2024_0040,Artist_2024_0040,2024,3.29,2131,"Experimental, Country",synthetic,2026-08-08T00:56:44.307637,2440,True,illustrative_synthetic
Album_2024_0041,Artist_2024_0041,2024,3.88,675,Jazz,synthetic,2026-08-08T00:56:44.307637,2441,True,illustrative_synthetic
Album_2024_0042,Artist_2024_0042,2024,3.04,724,"Experimental, Classical, Folk",synthetic,2026-08-08T00:56:44.307637,2442,True,illustrative_synthetic
Album_2024_0043,Artist_2024_0043,2024,3.27,228,"Metal, Blues",synthetic,2026-08-08T00:56:44.307637,2443,True,illustrative_synthetic
Album_2024_0044,Artist_2024_0044,2024,4.04,586,"Jazz, Ambient, Pop",synthetic,2026-08-08T00:56:44.307637,2444,True,illustrative_synthetic
Album_2024_0045,Artist_2024_0045,2024,3.19,5059,Folk,synthetic,2026-08-08T00:56:44.307637,2445,True,illustrative_synthetic
Album_2024_0046,Artist_2024_0046,2024,2.68,208,"Jazz, Experimental",synthetic,2026-08-08T00:56:44.307637,2446,True,illustrative_synthetic
Album_2024_0047,Artist_2024_0047,2024,3.91,50,Electronic,synthetic,2026-08-08T00:56:44.307637,2447,True,illustrative_synthetic
Album_2024_0048,Artist_2024_0048,2024,3.26,50,"Indie Rock, Ambient, Jazz",synthetic,2026-08-08T00:56:44.307637,2448,True,illustrative_synthetic
Album_2024_0049,Artist_2024_0049,2024,4.18,527,"Electronic, Folk",synthetic,2026-08-08T00:56:44.307637,2449,True,illustrative_synthetic
Album_2024_0050,Artist_2024_0050,2024,3.48,72,Pop,synthetic,2026-08-08T00:56:44.307637,2450,True,illustrative_synthetic
Album_2024_0051,Artist_2024_0051,2024,3.64,2523,"Punk, Experimental",synthetic,2026-08-08T00:56:44.307637,2451,True,illustrative_synthetic
Album_2024_0052,Artist_2024_0052,2024,2.82,281,Classical,synthetic,2026-08-08T00:56:44.307637,2452,True,illustrative_synthetic
Album_2024_0053,Artist_2024_0053,2024,3.41,50,"Pop, Experimental, Alt. Rock",synthetic,2026-08-08T00:56:44.307637,2453,True,illustrative_synthetic
Album_2024_0054,Artist_2024_0054,2024,3.68,50,"Reggae, Metal",synthetic,2026-08-08T00:56:44.307637,2454,True,illustrative_synthetic
Album_2024_0055,Artist_2024_0055,2024,2.67,981,"Folk, Jazz",synthetic,2026-08-08T00:56:44.307637,2455,True,illustrative_synthetic
Album_2024_0056,Artist_2024_0056,2024,3.43,50,Metal,synthetic,2026-08-08T00:56:44.307637,2456,True,illustrative_synthetic
Album_2024_0057,Artist_2024_0057,2024,4.43,770,"Hip-Hop, Electronic",synthetic,2026-08-08T00:56:44.307637,2457,True,illustrative_synthetic
Album_2024_0058,Artist_2024_0058,2024,3.51,50,Rock,synthetic,2026-08-08T00:56:44.307637,2458,True,illustrative_synthetic
Album_2024_0059,Artist_2024_0059,2024,4.62,50,Classical,synthetic,2026-08-08T00:56:44.307637,2459,True,illustrative_synthetic
Album_2024_0060,Artist_2024_0060,2024,3.88,50,"Blues, Metal, Classical",synthetic,2026-08-08T00:56:44.307637,2460,True,illustrative_synthetic
Album_2024_0061,Artist_2024_0061,2024,2.74,196,"Electronic, Ambient",synthetic,2026-08-08T00:56:44.307637,2461,True,illustrative_synthetic
Album_2024_0062,Artist_2024_0062,2024,3.49,129,"Indie Rock, Country, Metal",synthetic,2026-08-08T00:56:44.307637,2462,True,illustrative_synthetic
Album_2024_0063,Artist_2024_0063,2024,3.75,207,"Ambient, R&B",synthetic,2026-08-08T00:56:44.307637,2463,True,illustrative_synthetic
Album_2024_0064,Artist_2024_0064,2024,4.19,98,"R&B, Pop",synthetic,2026-08-08T00:56:44.307637,2464,True,illustrative_synthetic
Album_2024_0065,Artist_2024_0065,2024,2.26,50,"Country, Metal",synthetic,2026-08-08T00:56:44.307637,2465,True,illustrative_synthetic
Album_2024_0066,Artist_2024_0066,2024,3.01,80,Rock,synthetic,2026-08-08T00:56:44.307637,2466,True,illustrative_synthetic
Album_2024_0067,Artist_2024_0067,2024,3.66,5371,Alt. Rock,synthetic,2026-08-08T00:56:44.307637,2467,True,illustrative_synthetic
Album_2024_0068,Artist_2024_0068,2024,3.97,50,"Hip-Hop, Pop, Rock",synthetic,2026-08-08T00:56:44.307637,2468,True,illustrative_synthetic
Album_2024_0069,Artist_2024_0069,2024,3.04,129,"Metal, Folk",synthetic,2026-08-08T00:56:44.307637,2469,True,illustrative_synthetic
Album_2024_0070,Artist_2024_0070,2024,3.45,50,Hip-Hop,synthetic,2026-08-08T00:56:44.307637,2470,True,illustrative_synthetic
Album_2024_0071,Artist_2024_0071,2024,3.23,50,"Ambient, Classical, R&B",synthetic,2026-08-08T00:56:44.307637,2471,True,illustrative_synthetic
Album_2024_0072,Artist_2024_0072,2024,3.9,50,"Metal, Ambient, Pop",synthetic,2026-08-08T00:56:44.307637,2472,True,illustrative_synthetic
Album_2024_0073,Artist_2024_0073,2024,2.78,50,Reggae,synthetic,2026-08-08T00:56:44.307637,2473,True,illustrative_synthetic
Album_2024_0074,Artist_2024_0074,2024,3.73,223,Punk,synthetic,2026-08-08T00:56:44.307637,2474,True,illustrative_synthetic
Album_2024_0075,Artist_2024_0075,2024,3.0,597,"Experimental, Electronic, Blues",synthetic,2026-08-08T00:56:44.307637,2475,True,illustrative_synthetic
Album_2024_0076,Artist_2024_0076,2024,3.85,1814,"R&B, Punk, Classical",synthetic,2026-08-08T00:56:44.307637,2476,True,illustrative_synthetic
Album_2024_0077,Artist_2024_0077,2024,3.59,191,"Classical, Rock",synthetic,2026-08-08T00:56:44.307637,2477,True,illustrative_synthetic
Album_2024_0078,Artist_2024_0078,2024,2.89,192,"Classical, Metal, Folk",synthetic,2026-08-08T00:56:44.307637,2478,True,illustrative_synthetic
Album_2024_0079,Artist_2024_0079,2024,3.74,50,"Indie Rock, Metal",synthetic,2026-08-08T00:56:44.307637,2479,True,illustrative_synthetic
Album_2024_0080,Artist_2024_0080,2024,3.32,175,"Punk, Hip-Hop",synthetic,2026-08-08T00:56:44.307637,2480,True,illustrative_synthetic
Album_2024_0081,Artist_2024_0081,2024,3.45,259,"Reggae, Ambient",synthetic,2026-08-08T00:56:44.307637,2481,True,illustrative_synthetic
Album_2024_0082,Artist_2024_0082,2024,2.93,120,"Electronic, Pop",synthetic,2026-08-08T00:56:44.307637,2482,True,illustrative_synthetic
Album_2024_0083,Artist_2024_0083,2024,3.31,59,Country,synthetic,2026-08-08T00:56:44.307637,2483,True,illustrative_synthetic
Album_2024_0084,Artist_2024_0084,2024,2.93,50,"R&B, Classical",synthetic,2026-08-08T00:56:44.307637,2484,True,illustrative_synthetic
Album_2024_0085,Artist_2024_0085,2024,3.72,1777,"Hip-Hop, Punk",synthetic,2026-08-08T00:56:44.307637,2485,True,illustrative_synthetic
Album_2024_0086,Artist_2024_0086,2024,3.71,57,Alt. Rock,synthetic,2026-08-08T00:56:44.307637,2486,True,illustrative_synthetic
Album_2024_0087,Artist_2024_0087,2024,4.02,89,"Hip-Hop, Experimental, Jazz",synthetic,2026-08-08T00:56:44.307637,2487,True,illustrative_synthetic
Album_2024_0088,Artist_2024_0088,2024,3.37,135,"Punk, Reggae",synthetic,2026-08-08T00:56:44.307637,2488,True,illustrative_synthetic
Album_2024_0089,Artist_2024_0089,2024,3.36,190,"Ambient, Experimental",synthetic,2026-08-08T00:56:44.307637,2489,True,illustrative_synthetic
Album_2024_0090,Artist_2024_0090,2024,3.58,199,Blues,synthetic,2026-08-08T00:56:44.307637,2490,True,illustrative_synthetic
Album_2024_0091,Artist_2024_0091,2024,3.53,50,"Hip-Hop, Blues, Reggae",synthetic,2026-08-08T00:56:44.307637,2491,True,illustrative_synthetic
Album_2024_0092,Artist_2024_0092,2024,4.01,1453,"Blues, Reggae",synthetic,2026-08-08T00:56:44.307637,2492,True,illustrative_synthetic
Album_2024_0093,Artist_2024_0093,2024,3.59,79,"Pop, Country, Hip-Hop",synthetic,2026-08-08T00:56:44.307637,2493,True,illustrative_synthetic
Album_2024_0094,Artist_2024_0094,2024,3.08,71,"Ambient, Pop",synthetic,2026-08-08T00:56:44.307637,2494,True,illustrative_synthetic
Album_2024_0095,Artist_2024_0095,2024,4.32,50,Folk,synthetic,2026-08-08T00:56:44.307637,2495,True,illustrative_synthetic
Album_2024_0096,Artist_2024_0096,2024,3.41,579,Folk,synthetic,2026-08-08T00:56:44.307637,2496,True,illustrative_synthetic
Album_2024_0097,Artist_2024_0097,2024,3.27,54,"Metal, Jazz",synthetic,2026-08-08T00:56:44.307637,2497,True,illustrative_synthetic
Album_2024_0098,Artist_2024_0098,2024,3.5,50,Metal,synthetic,2026-08-08T00:56:44.307637,2498,True,illustrative_synthetic
Album_2024_0099,Artist_2024_0099,2024,3.53,598,"Electronic, Pop, Rock",synthetic,2026-08-08T00:56:44.307637,2499,True,illustrative_synthetic
Album_2024_0100,Artist_2024_0100,2024,4.11,294,"Ambient, Metal",synthetic,2026-08-08T00:56:44.307637,2500,True,illustrative_synthetic
Album_2025_0001,Artist_2025_0001,2025,3.93,380,"Punk, Experimental",synthetic,2026-08-08T00:56:44.307637,2501,True,illustrative_synthetic
Album_2025_0002,Artist_2025_0002,2025,2.92,50,"Punk, Ambient",synthetic,2026-08-08T00:56:44.307637,2502,True,illustrative_synthetic
Album_2025_0003,Artist_2025_0003,2025,3.4,227,Reggae,synthetic,2026-08-08T00:56:44.307637,2503,True,illustrative_synthetic
Album_2025_0004,Artist_2025_0004,2025,3.6,50,"Rock, Alt. Rock",synthetic,2026-08-08T00:56:44.307637,2504,True,illustrative_synthetic
Album_2025_0005,Artist_2025_0005,2025,2.84,279,Indie Rock,synthetic,2026-08-08T00:56:44.307637,2505,True,illustrative_synthetic
Album_2025_0006,Artist_2025_0006,2025,4.23,101,Metal,synthetic,2026-08-08T00:56:44.307637,2506,True,illustrative_synthetic
Album_2025_0007,Artist_2025_0007,2025,3.12,1289,"Metal, Reggae",synthetic,2026-08-08T00:56:44.307637,2507,True,illustrative_synthetic
Album_2025_0008,Artist_2025_0008,2025,3.36,807,"Rock, R&B",synthetic,2026-08-08T00:56:44.307637,2508,True,illustrative_synthetic
Album_2025_0009,Artist_2025_0009,2025,2.88,271,"Ambient, Folk, Blues",synthetic,2026-08-08T00:56:44.307637,2509,True,illustrative_synthetic
Album_2025_0010,Artist_2025_0010,2025,3.57,89,"Ambient, Pop, Reggae",synthetic,2026-08-08T00:56:44.307637,2510,True,illustrative_synthetic
Album_2025_0011,Artist_2025_0011,2025,3.73,293,"Electronic, R&B",synthetic,2026-08-08T00:56:44.307637,2511,True,illustrative_synthetic
Album_2025_0012,Artist_2025_0012,2025,3.61,460,"Ambient, Metal",synthetic,2026-08-08T00:56:44.307637,2512,True,illustrative_synthetic
Album_2025_0013,Artist_2025_0013,2025,3.97,50,"Alt. Rock, Indie Rock",synthetic,2026-08-08T00:56:44.307637,2513,True,illustrative_synthetic
Album_2025_0014,Artist_2025_0014,2025,3.82,84,"Classical, Jazz",synthetic,2026-08-08T00:56:44.307637,2514,True,illustrative_synthetic
Album_2025_0015,Artist_2025_0015,2025,3.75,95,"Jazz, Pop",synthetic,2026-08-08T00:56:44.307637,2515,True,illustrative_synthetic
Album_2025_0016,Artist_2025_0016,2025,3.5,2671,"Electronic, Folk",synthetic,2026-08-08T00:56:44.307637,2516,True,illustrative_synthetic
Album_2025_0017,Artist_2025_0017,2025,3.46,645,"Blues, Ambient, Classical",synthetic,2026-08-08T00:56:44.307637,2517,True,illustrative_synthetic
Album_2025_0018,Artist_2025_0018,2025,3.91,461,Classical,synthetic,2026-08-08T00:56:44.307637,2518,True,illustrative_synthetic
Album_2025_0019,Artist_2025_0019,2025,3.43,76,"Indie Rock, Jazz, Rock",synthetic,2026-08-08T00:56:44.307637,2519,True,illustrative_synthetic
Album_2025_0020,Artist_2025_0020,2025,3.23,50,Classical,synthetic,2026-08-08T00:56:44.307637,2520,True,illustrative_synthetic
Album_2025_0021,Artist_2025_0021,2025,2.99,179,Punk,synthetic,2026-08-08T00:56:44.307637,2521,True,illustrative_synthetic
Album_2025_0022,Artist_2025_0022,2025,3.5,50,Punk,synthetic,2026-08-08T00:56:44.307637,2522,True,illustrative_synthetic
Album_2025_0023,Artist_2025_0023,2025,3.82,786,"Experimental, Blues",synthetic,2026-08-08T00:56:44.307637,2523,True,illustrative_synthetic
Album_2025_0024,Artist_2025_0024,2025,3.67,745,"Electronic, Punk, Classical",synthetic,2026-08-08T00:56:44.307637,2524,True,illustrative_synthetic
Album_2025_0025,Artist_2025_0025,2025,4.15,767,"Rock, Punk, Metal",synthetic,2026-08-08T00:56:44.307637,2525,True,illustrative_synthetic
Album_2025_0026,Artist_2025_0026,2025,3.57,239,"Electronic, Ambient",synthetic,2026-08-08T00:56:44.307637,2526,True,illustrative_synthetic
Album_2025_0027,Artist_2025_0027,2025,2.91,64,"Metal, Indie Rock, Pop",synthetic,2026-08-08T00:56:44.307637,2527,True,illustrative_synthetic
Album_2025_0028,Artist_2025_0028,2025,2.87,1199,"Country, Alt. Rock",synthetic,2026-08-08T00:56:44.307637,2528,True,illustrative_synthetic
Album_2025_0029,Artist_2025_0029,2025,3.42,50,"Blues, Indie Rock",synthetic,2026-08-08T00:56:44.307637,2529,True,illustrative_synthetic
Album_2025_0030,Artist_2025_0030,2025,3.22,1274,"Rock, Punk, Pop",synthetic,2026-08-08T00:56:44.307637,2530,True,illustrative_synthetic
Album_2025_0031,Artist_2025_0031,2025,3.4,198,"Rock, Ambient",synthetic,2026-08-08T00:56:44.307637,2531,True,illustrative_synthetic
Album_2025_0032,Artist_2025_0032,2025,4.0,3027,Electronic,synthetic,2026-08-08T00:56:44.307637,2532,True,illustrative_synthetic
Album_2025_0033,Artist_2025_0033,2025,2.86,188,"Electronic, R&B, Rock",synthetic,2026-08-08T00:56:44.307637,2533,True,illustrative_synthetic
Album_2025_0034,Artist_2025_0034,2025,3.72,62,"Experimental, Jazz, Blues",synthetic,2026-08-08T00:56:44.307637,2534,True,illustrative_synthetic
Album_2025_0035,Artist_2025_0035,2025,3.22,64,Hip-Hop,synthetic,2026-08-08T00:56:44.307637,2535,True,illustrative_synthetic
Album_2025_0036,Artist_2025_0036,2025,4.0,547,"Indie Rock, Blues",synthetic,2026-08-08T00:56:44.307637,2536,True,illustrative_synthetic
Album_2025_0037,Artist_2025_0037,2025,3.36,956,"Country, Rock, Punk",synthetic,2026-08-08T00:56:44.307637,2537,True,illustrative_synthetic
Album_2025_0038,Artist_2025_0038,2025,3.71,364,Reggae,synthetic,2026-08-08T00:56:44.307637,2538,True,illustrative_synthetic
Album_2025_0039,Artist_2025_0039,2025,3.03,50,Metal,synthetic,2026-08-08T00:56:44.307637,2539,True,illustrative_synthetic
Album_2025_0040,Artist_2025_0040,2025,3.51,750,"Metal, Electronic, Ambient",synthetic,2026-08-08T00:56:44.307637,2540,True,illustrative_synthetic
Album_2025_0041,Artist_2025_0041,2025,3.64,93,"Pop, Ambient, Blues",synthetic,2026-08-08T00:56:44.307637,2541,True,illustrative_synthetic
Album_2025_0042,Artist_2025_0042,2025,3.14,157,"Ambient, Folk",synthetic,2026-08-08T00:56:44.307637,2542,True,illustrative_synthetic
Album_2025_0043,Artist_2025_0043,2025,3.56,98,Punk,synthetic,2026-08-08T00:56:44.307637,2543,True,illustrative_synthetic
Album_2025_0044,Artist_2025_0044,2025,3.55,50,"Folk, Experimental",synthetic,2026-08-08T00:56:44.307637,2544,True,illustrative_synthetic
Album_2025_0045,Artist_2025_0045,2025,2.49,243,Blues,synthetic,2026-08-08T00:56:44.307637,2545,True,illustrative_synthetic
Album_2025_0046,Artist_2025_0046,2025,3.66,51,"Jazz, Reggae",synthetic,2026-08-08T00:56:44.307637,2546,True,illustrative_synthetic
Album_2025_0047,Artist_2025_0047,2025,4.22,50,"Classical, Jazz, Alt. Rock",synthetic,2026-08-08T00:56:44.307637,2547,True,illustrative_synthetic
Album_2025_0048,Artist_2025_0048,2025,3.47,83,"Folk, Jazz",synthetic,2026-08-08T00:56:44.307637,2548,True,illustrative_synthetic
Album_2025_0049,Artist_2025_0049,2025,3.45,200,Blues,synthetic,2026-08-08T00:56:44.307637,2549,True,illustrative_synthetic
Album_2025_0050,Artist_2025_0050,2025,3.81,50,"Jazz, Punk",synthetic,2026-08-08T00:56:44.307637,2550,True,illustrative_synthetic
Album_2025_0051,Artist_2025_0051,2025,4.72,169,Metal,synthetic,2026-08-08T00:56:44.307637,2551,True,illustrative_synthetic
Album_2025_0052,Artist_2025_0052,2025,3.09,129,"Ambient, Reggae",synthetic,2026-08-08T00:56:44.307637,2552,True,illustrative_synthetic
Album_2025_0053,Artist_2025_0053,2025,2.74,95,"Classical, Folk, Alt. Rock",synthetic,2026-08-08T00:56:44.307637,2553,True,illustrative_synthetic
Album_2025_0054,Artist_2025_0054,2025,4.42,3801,"Rock, Pop",synthetic,2026-08-08T00:56:44.307637,2554,True,illustrative_synthetic
Album_2025_0055,Artist_2025_0055,2025,3.15,573,R&B,synthetic,2026-08-08T00:56:44.307637,2555,True,illustrative_synthetic
Album_2025_0056,Artist_2025_0056,2025,3.3,285,Punk,synthetic,2026-08-08T00:56:44.307637,2556,True,illustrative_synthetic
Album_2025_0057,Artist_2025_0057,2025,3.09,170,"Ambient, Classical",synthetic,2026-08-08T00:56:44.307637,2557,True,illustrative_synthetic
Album_2025_0058,Artist_2025_0058,2025,3.18,992,"Ambient, Electronic",synthetic,2026-08-08T00:56:44.307637,2558,True,illustrative_synthetic
Album_2025_0059,Artist_2025_0059,2025,3.26,211,R&B,synthetic,2026-08-08T00:56:44.307637,2559,True,illustrative_synthetic
Album_2025_0060,Artist_2025_0060,2025,4.05,90,"R&B, Electronic, Indie Rock",synthetic,2026-08-08T00:56:44.307637,2560,True,illustrative_synthetic
Album_2025_0061,Artist_2025_0061,2025,2.76,90,"R&B, Metal, Pop",synthetic,2026-08-08T00:56:44.307637,2561,True,illustrative_synthetic
Album_2025_0062,Artist_2025_0062,2025,3.6,219,"Ambient, Classical",synthetic,2026-08-08T00:56:44.307637,2562,True,illustrative_synthetic
Album_2025_0063,Artist_2025_0063,2025,3.32,202,Metal,synthetic,2026-08-08T00:56:44.307637,2563,True,illustrative_synthetic
Album_2025_0064,Artist_2025_0064,2025,3.42,395,"Hip-Hop, Jazz, Blues",synthetic,2026-08-08T00:56:44.307637,2564,True,illustrative_synthetic
Album_2025_0065,Artist_2025_0065,2025,3.91,621,"Classical, Punk",synthetic,2026-08-08T00:56:44.307637,2565,True,illustrative_synthetic
Album_2025_0066,Artist_2025_0066,2025,3.91,50,"Rock, Experimental",synthetic,2026-08-08T00:56:44.307637,2566,True,illustrative_synthetic
Album_2025_0067,Artist_2025_0067,2025,3.86,8599,"Hip-Hop, Experimental, R&B",synthetic,2026-08-08T00:56:44.307637,2567,True,illustrative_synthetic
Album_2025_0068,Artist_2025_0068,2025,3.83,50,Ambient,synthetic,2026-08-08T00:56:44.307637,2568,True,illustrative_synthetic
Album_2025_0069,Artist_2025_0069,2025,3.11,631,"Pop, Alt. Rock",synthetic,2026-08-08T00:56:44.307637,2569,True,illustrative_synthetic
Album_2025_0070,Artist_2025_0070,2025,3.36,50,"Folk, Country, Metal",synthetic,2026-08-08T00:56:44.307637,2570,True,illustrative_synthetic
Album_2025_0071,Artist_2025_0071,2025,3.93,50,"Metal, Indie Rock, Alt. Rock",synthetic,2026-08-08T00:56:44.307637,2571,True,illustrative_synthetic
Album_2025_0072,Artist_2025_0072,2025,2.92,67,"Pop, Country",synthetic,2026-08-08T00:56:44.307637,2572,True,illustrative_synthetic
Album_2025_0073,Artist_2025_0073,2025,3.63,56,"Folk, Alt. Rock",synthetic,2026-08-08T00:56:44.307637,2573,True,illustrative_synthetic
Album_2025_0074,Artist_2025_0074,2025,3.02,50,"Experimental, Pop, Classical",synthetic,2026-08-08T00:56:44.307637,2574,True,illustrative_synthetic
Album_2025_0075,Artist_2025_0075,2025,3.33,609,Reggae,synthetic,2026-08-08T00:56:44.307637,2575,True,illustrative_synthetic
Album_2025_0076,Artist_2025_0076,2025,3.71,50,Metal,synthetic,2026-08-08T00:56:44.307637,2576,True,illustrative_synthetic
Album_2025_0077,Artist_2025_0077,2025,3.48,985,Experimental,synthetic,2026-08-08T00:56:44.307637,2577,True,illustrative_synthetic
Album_2025_0078,Artist_2025_0078,2025,3.91,50,"Blues, Electronic, Alt. Rock",synthetic,2026-08-08T00:56:44.307637,2578,True,illustrative_synthetic
Album_2025_0079,Artist_2025_0079,2025,3.4,559,"Metal, Country, Ambient",synthetic,2026-08-08T00:56:44.307637,2579,True,illustrative_synthetic
Album_2025_0080,Artist_2025_0080,2025,2.84,614,"Rock, Folk, Hip-Hop",synthetic,2026-08-08T00:56:44.307637,2580,True,illustrative_synthetic
Album_2025_0081,Artist_2025_0081,2025,3.51,13332,Indie Rock,synthetic,2026-08-08T00:56:44.307637,2581,True,illustrative_synthetic
Album_2025_0082,Artist_2025_0082,2025,4.29,102,"Electronic, Ambient",synthetic,2026-08-08T00:56:44.307637,2582,True,illustrative_synthetic
Album_2025_0083,Artist_2025_0083,2025,3.37,104,"Jazz, Pop, Alt. Rock",synthetic,2026-08-08T00:56:44.307637,2583,True,illustrative_synthetic
Album_2025_0084,Artist_2025_0084,2025,3.6,1603,Rock,synthetic,2026-08-08T00:56:44.307637,2584,True,illustrative_synthetic
Album_2025_0085,Artist_2025_0085,2025,3.82,233,"Alt. Rock, Rock",synthetic,2026-08-08T00:56:44.307637,2585,True,illustrative_synthetic
Album_2025_0086,Artist_2025_0086,2025,3.58,317,Indie Rock,synthetic,2026-08-08T00:56:44.307637,2586,True,illustrative_synthetic
Album_2025_0087,Artist_2025_0087,2025,3.8,309,"Blues, Experimental, Jazz",synthetic,2026-08-08T00:56:44.307637,2587,True,illustrative_synthetic
Album_2025_0088,Artist_2025_0088,2025,3.97,577,"Folk, Punk, Jazz",synthetic,2026-08-08T00:56:44.307637,2588,True,illustrative_synthetic
Album_2025_0089,Artist_2025_0089,2025,3.21,443,"Country, Metal, Ambient",synthetic,2026-08-08T00:56:44.307637,2589,True,illustrative_synthetic
Album_2025_0090,Artist_2025_0090,2025,3.65,1897,Rock,synthetic,2026-08-08T00:56:44.307637,2590,True,illustrative_synthetic
Album_2025_0091,Artist_2025_0091,2025,3.82,50,"Classical, Country, Ambient",synthetic,2026-08-08T00:56:44.307637,2591,True,illustrative_synthetic
Album_2025_0092,Artist_2025_0092,2025,2.93,50,"Indie Rock, Classical",synthetic,2026-08-08T00:56:44.307637,2592,True,illustrative_synthetic
Album_2025_0093,Artist_2025_0093,2025,3.67,178,Hip-Hop,synthetic,2026-08-08T00:56:44.307637,2593,True,illustrative_synthetic
Album_2025_0094,Artist_2025_0094,2025,3.3,907,"Punk, Hip-Hop",synthetic,2026-08-08T00:56:44.307637,2594,True,illustrative_synthetic
Album_2025_0095,Artist_2025_0095,2025,3.39,57,"Reggae, Pop",synthetic,2026-08-08T00:56:44.307637,2595,True,illustrative_synthetic
Album_2025_0096,Artist_2025_0096,2025,2.33,464,Reggae,synthetic,2026-08-08T00:56:44.307637,2596,True,illustrative_synthetic
Album_2025_0097,Artist_2025_0097,2025,3.15,408,"Classical, Electronic, Country",synthetic,2026-08-08T00:56:44.307637,2597,True,illustrative_synthetic
Album_2025_0098,Artist_2025_0098,2025,4.01,50,"Rock, Alt. Rock, Metal",synthetic,2026-08-08T00:56:44.307637,2598,True,illustrative_synthetic
Album_2025_0099,Artist_2025_0099,2025,3.83,440,Ambient,synthetic,2026-08-08T00:56:44.307637,2599,True,illustrative_synthetic
Album_2025_0100,Artist_2025_0100,2025,3.57,265,"Pop, Blues",synthetic,2026-08-08T00:56:44.307637,2600,True,illustrative_synthetic
Album_2026_0001,Artist_2026_0001,2026,3.18,327,"Blues, Ambient, Jazz",synthetic,2026-08-08T00:56:44.307637,2601,True,illustrative_synthetic
Album_2026_0002,Artist_2026_0002,2026,3.26,910,"R&B, Punk",synthetic,2026-08-08T00:56:44.307637,2602,True,illustrative_synthetic
Album_2026_0003,Artist_2026_0003,2026,3.33,1279,Indie Rock,synthetic,2026-08-08T00:56:44.307637,2603,True,illustrative_synthetic
Album_2026_0004,Artist_2026_0004,2026,3.44,475,Rock,synthetic,2026-08-08T00:56:44.307637,2604,True,illustrative_synthetic
Album_2026_0005,Artist_2026_0005,2026,3.95,912,Blues,synthetic,2026-08-08T00:56:44.307637,2605,True,illustrative_synthetic
Album_2026_0006,Artist_2026_0006,2026,4.0,50,"Pop, Classical, Folk",synthetic,2026-08-08T00:56:44.307637,2606,True,illustrative_synthetic
Album_2026_0007,Artist_2026_0007,2026,3.96,87,Reggae,synthetic,2026-08-08T00:56:44.307637,2607,True,illustrative_synthetic
Album_2026_0008,Artist_2026_0008,2026,4.02,3956,"Country, Rock",synthetic,2026-08-08T00:56:44.307637,2608,True,illustrative_synthetic
Album_2026_0009,Artist_2026_0009,2026,3.83,845,"Rock, Alt. Rock",synthetic,2026-08-08T00:56:44.307637,2609,True,illustrative_synthetic
Album_2026_0010,Artist_2026_0010,2026,3.56,50,Ambient,synthetic,2026-08-08T00:56:44.307637,2610,True,illustrative_synthetic
Album_2026_0011,Artist_2026_0011,2026,3.66,867,"Country, Hip-Hop, Folk",synthetic,2026-08-08T00:56:44.307637,2611,True,illustrative_synthetic
Album_2026_0012,Artist_2026_0012,2026,4.14,512,"Hip-Hop, Country",synthetic,2026-08-08T00:56:44.307637,2612,True,illustrative_synthetic
Album_2026_0013,Artist_2026_0013,2026,3.11,2211,"Country, Classical",synthetic,2026-08-08T00:56:44.307637,2613,True,illustrative_synthetic
Album_2026_0014,Artist_2026_0014,2026,3.18,2192,"Pop, R&B, Jazz",synthetic,2026-08-08T00:56:44.307637,2614,True,illustrative_synthetic
Album_2026_0015,Artist_2026_0015,2026,3.41,369,"Alt. Rock, Metal",synthetic,2026-08-08T00:56:44.307637,2615,True,illustrative_synthetic
Album_2026_0016,Artist_2026_0016,2026,3.33,501,"Electronic, Folk, Rock",synthetic,2026-08-08T00:56:44.307637,2616,True,illustrative_synthetic
Album_2026_0017,Artist_2026_0017,2026,3.16,439,"Ambient, Jazz",synthetic,2026-08-08T00:56:44.307637,2617,True,illustrative_synthetic
Album_2026_0018,Artist_2026_0018,2026,3.52,50,"Indie Rock, Classical",synthetic,2026-08-08T00:56:44.307637,2618,True,illustrative_synthetic
Album_2026_0019,Artist_2026_0019,2026,3.66,2392,"Reggae, Indie Rock",synthetic,2026-08-08T00:56:44.307637,2619,True,illustrative_synthetic
Album_2026_0020,Artist_2026_0020,2026,4.37,407,"Blues, Classical",synthetic,2026-08-08T00:56:44.307637,2620,True,illustrative_synthetic
Album_2026_0021,Artist_2026_0021,2026,3.86,338,"Electronic, Punk, Jazz",synthetic,2026-08-08T00:56:44.307637,2621,True,illustrative_synthetic
Album_2026_0022,Artist_2026_0022,2026,4.26,181,"Country, Alt. Rock, Pop",synthetic,2026-08-08T00:56:44.307637,2622,True,illustrative_synthetic
Album_2026_0023,Artist_2026_0023,2026,3.56,50,"Blues, Electronic, Reggae",synthetic,2026-08-08T00:56:44.307637,2623,True,illustrative_synthetic
Album_2026_0024,Artist_2026_0024,2026,3.22,815,"Ambient, Blues",synthetic,2026-08-08T00:56:44.307637,2624,True,illustrative_synthetic
Album_2026_0025,Artist_2026_0025,2026,3.65,320,Metal,synthetic,2026-08-08T00:56:44.307637,2625,True,illustrative_synthetic
Album_2026_0026,Artist_2026_0026,2026,2.87,179,Pop,synthetic,2026-08-08T00:56:44.307637,2626,True,illustrative_synthetic
Album_2026_0027,Artist_2026_0027,2026,2.92,545,Folk,synthetic,2026-08-08T00:56:44.307637,2627,True,illustrative_synthetic
Album_2026_0028,Artist_2026_0028,2026,4.02,93,"Blues, Metal",synthetic,2026-08-08T00:56:44.307637,2628,True,illustrative_synthetic
Album_2026_0029,Artist_2026_0029,2026,3.29,1227,"R&B, Rock, Hip-Hop",synthetic,2026-08-08T00:56:44.307637,2629,True,illustrative_synthetic
Album_2026_0030,Artist_2026_0030,2026,2.84,1251,Ambient,synthetic,2026-08-08T00:56:44.307637,2630,True,illustrative_synthetic
Album_2026_0031,Artist_2026_0031,2026,2.56,191,"Blues, Pop",synthetic,2026-08-08T00:56:44.307637,2631,True,illustrative_synthetic
Album_2026_0032,Artist_2026_0032,2026,3.06,67,"Experimental, Hip-Hop, Ambient",synthetic,2026-08-08T00:56:44.307637,2632,True,illustrative_synthetic
Album_2026_0033,Artist_2026_0033,2026,3.55,277,Classical,synthetic,2026-08-08T00:56:44.307637,2633,True,illustrative_synthetic
Album_2026_0034,Artist_2026_0034,2026,3.92,901,"R&B, Electronic",synthetic,2026-08-08T00:56:44.307637,2634,True,illustrative_synthetic
Album_2026_0035,Artist_2026_0035,2026,2.77,346,"Ambient, Reggae",synthetic,2026-08-08T00:56:44.307637,2635,True,illustrative_synthetic
Album_2026_0036,Artist_2026_0036,2026,3.12,105,Blues,synthetic,2026-08-08T00:56:44.307637,2636,True,illustrative_synthetic
Album_2026_0037,Artist_2026_0037,2026,4.19,1368,Country,synthetic,2026-08-08T00:56:44.307637,2637,True,illustrative_synthetic
Album_2026_0038,Artist_2026_0038,2026,3.18,158,Ambient,synthetic,2026-08-08T00:56:44.307637,2638,True,illustrative_synthetic
Album_2026_0039,Artist_2026_0039,2026,3.21,50,Experimental,synthetic,2026-08-08T00:56:44.307637,2639,True,illustrative_synthetic
Album_2026_0040,Artist_2026_0040,2026,3.49,2482,Alt. Rock,synthetic,2026-08-08T00:56:44.307637,2640,True,illustrative_synthetic
Album_2026_0041,Artist_2026_0041,2026,3.41,78,"Alt. Rock, Experimental",synthetic,2026-08-08T00:56:44.307637,2641,True,illustrative_synthetic
Album_2026_0042,Artist_2026_0042,2026,3.6,1747,"R&B, Experimental, Classical",synthetic,2026-08-08T00:56:44.307637,2642,True,illustrative_synthetic
Album_2026_0043,Artist_2026_0043,2026,3.92,200,"Ambient, Folk",synthetic,2026-08-08T00:56:44.307637,2643,True,illustrative_synthetic
Album_2026_0044,Artist_2026_0044,2026,3.78,121,R&B,synthetic,2026-08-08T00:56:44.307637,2644,True,illustrative_synthetic
Album_2026_0045,Artist_2026_0045,2026,3.4,50,"Indie Rock, Classical",synthetic,2026-08-08T00:56:44.307637,2645,True,illustrative_synthetic
Album_2026_0046,Artist_2026_0046,2026,3.62,50,"Hip-Hop, Country, Folk",synthetic,2026-08-08T00:56:44.307637,2646,True,illustrative_synthetic
Album_2026_0047,Artist_2026_0047,2026,3.28,667,Ambient,synthetic,2026-08-08T00:56:44.307637,2647,True,illustrative_synthetic
Album_2026_0048,Artist_2026_0048,2026,3.62,177,"Indie Rock, Metal",synthetic,2026-08-08T00:56:44.307637,2648,True,illustrative_synthetic
Album_2026_0049,Artist_2026_0049,2026,4.19,120,"Rock, Folk",synthetic,2026-08-08T00:56:44.307637,2649,True,illustrative_synthetic
Album_2026_0050,Artist_2026_0050,2026,3.34,815,"Rock, Experimental",synthetic,2026-08-08T00:56:44.307637,2650,True,illustrative_synthetic
Album_2026_0051,Artist_2026_0051,2026,3.43,50,"Ambient, Blues",synthetic,2026-08-08T00:56:44.307637,2651,True,illustrative_synthetic
Album_2026_0052,Artist_2026_0052,2026,3.43,286,Blues,synthetic,2026-08-08T00:56:44.307637,2652,True,illustrative_synthetic
Album_2026_0053,Artist_2026_0053,2026,3.7,50,Metal,synthetic,2026-08-08T00:56:44.307637,2653,True,illustrative_synthetic
Album_2026_0054,Artist_2026_0054,2026,3.39,199,"Hip-Hop, Blues",synthetic,2026-08-08T00:56:44.307637,2654,True,illustrative_synthetic
Album_2026_0055,Artist_2026_0055,2026,3.94,279,"Reggae, Experimental, Folk",synthetic,2026-08-08T00:56:44.307637,2655,True,illustrative_synthetic
Album_2026_0056,Artist_2026_0056,2026,3.7,299,"Jazz, Reggae",synthetic,2026-08-08T00:56:44.307637,2656,True,illustrative_synthetic
Album_2026_0057,Artist_2026_0057,2026,3.53,220,"R&B, Jazz",synthetic,2026-08-08T00:56:44.307637,2657,True,illustrative_synthetic
Album_2026_0058,Artist_2026_0058,2026,3.56,110,Indie Rock,synthetic,2026-08-08T00:56:44.307637,2658,True,illustrative_synthetic
Album_2026_0059,Artist_2026_0059,2026,3.07,198,"Punk, Hip-Hop, R&B",synthetic,2026-08-08T00:56:44.307637,2659,True,illustrative_synthetic
Album_2026_0060,Artist_2026_0060,2026,3.54,808,"Jazz, Punk",synthetic,2026-08-08T00:56:44.307637,2660,True,illustrative_synthetic
Album_2026_0061,Artist_2026_0061,2026,4.19,2648,"Country, Pop",synthetic,2026-08-08T00:56:44.307637,2661,True,illustrative_synthetic
Album_2026_0062,Artist_2026_0062,2026,3.96,274,"Electronic, Hip-Hop, Punk",synthetic,2026-08-08T00:56:44.307637,2662,True,illustrative_synthetic
Album_2026_0063,Artist_2026_0063,2026,3.23,71,"Blues, Country, Hip-Hop",synthetic,2026-08-08T00:56:44.307637,2663,True,illustrative_synthetic
Album_2026_0064,Artist_2026_0064,2026,3.91,50,Reggae,synthetic,2026-08-08T00:56:44.307637,2664,True,illustrative_synthetic
Album_2026_0065,Artist_2026_0065,2026,2.98,95,"Electronic, Experimental, Jazz",synthetic,2026-08-08T00:56:44.307637,2665,True,illustrative_synthetic
Album_2026_0066,Artist_2026_0066,2026,3.61,152,Pop,synthetic,2026-08-08T00:56:44.307637,2666,True,illustrative_synthetic
Album_2026_0067,Artist_2026_0067,2026,3.13,94,"Punk, Blues",synthetic,2026-08-08T00:56:44.307637,2667,True,illustrative_synthetic
Album_2026_0068,Artist_2026_0068,2026,2.88,412,Punk,synthetic,2026-08-08T00:56:44.307637,2668,True,illustrative_synthetic
Album_2026_0069,Artist_2026_0069,2026,3.21,50,"Punk, Indie Rock",synthetic,2026-08-08T00:56:44.307637,2669,True,illustrative_synthetic
Album_2026_0070,Artist_2026_0070,2026,3.43,50,"Reggae, Electronic, Blues",synthetic,2026-08-08T00:56:44.307637,2670,True,illustrative_synthetic
Album_2026_0071,Artist_2026_0071,2026,3.21,50,Punk,synthetic,2026-08-08T00:56:44.307637,2671,True,illustrative_synthetic
Album_2026_0072,Artist_2026_0072,2026,2.91,1778,"Folk, Blues, Classical",synthetic,2026-08-08T00:56:44.307637,2672,True,illustrative_synthetic
Album_2026_0073,Artist_2026_0073,2026,3.55,137,Punk,synthetic,2026-08-08T00:56:44.307637,2673,True,illustrative_synthetic
Album_2026_0074,Artist_2026_0074,2026,3.28,60,"Electronic, Metal, Alt. Rock",synthetic,2026-08-08T00:56:44.307637,2674,True,illustrative_synthetic
Album_2026_0075,Artist_2026_0075,2026,3.09,2906,"Hip-Hop, Experimental",synthetic,2026-08-08T00:56:44.307637,2675,True,illustrative_synthetic
Album_2026_0076,Artist_2026_0076,2026,3.7,50,"Blues, Punk",synthetic,2026-08-08T00:56:44.307637,2676,True,illustrative_synthetic
Album_2026_0077,Artist_2026_0077,2026,3.18,451,"Jazz, R&B",synthetic,2026-08-08T00:56:44.307637,2677,True,illustrative_synthetic
Album_2026_0078,Artist_2026_0078,2026,3.74,164,Alt. Rock,synthetic,2026-08-08T00:56:44.307637,2678,True,illustrative_synthetic
Album_2026_0079,Artist_2026_0079,2026,3.59,99,Experimental,synthetic,2026-08-08T00:56:44.307637,2679,True,illustrative_synthetic
Album_2026_0080,Artist_2026_0080,2026,3.85,1135,R&B,synthetic,2026-08-08T00:56:44.307637,2680,True,illustrative_synthetic
Album_2026_0081,Artist_2026_0081,2026,3.67,127,"Pop, Jazz, Metal",synthetic,2026-08-08T00:56:44.307637,2681,True,illustrative_synthetic
Album_2026_0082,Artist_2026_0082,2026,3.37,50,Indie Rock,synthetic,2026-08-08T00:56:44.307637,2682,True,illustrative_synthetic
Album_2026_0083,Artist_2026_0083,2026,3.0,174,"Reggae, Folk",synthetic,2026-08-08T00:56:44.307637,2683,True,illustrative_synthetic
Album_2026_0084,Artist_2026_0084,2026,3.27,151,"Reggae, Pop",synthetic,2026-08-08T00:56:44.307637,2684,True,illustrative_synthetic
Album_2026_0085,Artist_2026_0085,2026,2.91,267,Metal,synthetic,2026-08-08T00:56:44.307637,2685,True,illustrative_synthetic
Album_2026_0086,Artist_2026_0086,2026,3.44,50,Blues,synthetic,2026-08-08T00:56:44.307637,2686,True,illustrative_synthetic
Album_2026_0087,Artist_2026_0087,2026,3.58,1299,"Reggae, Blues",synthetic,2026-08-08T00:56:44.307637,2687,True,illustrative_synthetic
Album_2026_0088,Artist_2026_0088,2026,3.41,1090,Rock,synthetic,2026-08-08T00:56:44.307637,2688,True,illustrative_synthetic
Album_2026_0089,Artist_2026_0089,2026,3.2,206,Pop,synthetic,2026-08-08T00:56:44.307637,2689,True,illustrative_synthetic
Album_2026_0090,Artist_2026_0090,2026,3.84,256,Punk,synthetic,2026-08-08T00:56:44.307637,2690,True,illustrative_synthetic
Album_2026_0091,Artist_2026_0091,2026,4.0,603,Alt. Rock,synthetic,2026-08-08T00:56:44.307637,2691,True,illustrative_synthetic
Album_2026_0092,Artist_2026_0092,2026,3.61,50,"R&B, Hip-Hop, Metal",synthetic,2026-08-08T00:56:44.307637,2692,True,illustrative_synthetic
Album_2026_0093,Artist_2026_0093,2026,2.83,92,Electronic,synthetic,2026-08-08T00:56:44.307637,2693,True,illustrative_synthetic
Album_2026_0094,Artist_2026_0094,2026,3.35,50,"Country, Reggae, Alt. Rock",synthetic,2026-08-08T00:56:44.307637,2694,True,illustrative_synthetic
Album_2026_0095,Artist_2026_0095,2026,4.27,418,"Reggae, Blues, Classical",synthetic,2026-08-08T00:56:44.307637,2695,True,illustrative_synthetic
Album_2026_0096,Artist_2026_0096,2026,3.88,591,"Indie Rock, Electronic, Alt. Rock",synthetic,2026-08-08T00:56:44.307637,2696,True,illustrative_synthetic
Album_2026_0097,Artist_2026_0097,2026,3.32,1283,"Ambient, Metal",synthetic,2026-08-08T00:56:44.307637,2697,True,illustrative_synthetic
Album_2026_0098,Artist_2026_0098,2026,3.31,3712,"Blues, Pop",synthetic,2026-08-08T00:56:44.307637,2698,True,illustrative_synthetic
Album_2026_0099,Artist_2026_0099,2026,2.71,116,"Alt. Rock, Experimental",synthetic,2026-08-08T00:56:44.307637,2699,True,illustrative_synthetic
Album_2026_0100,Artist_2026_0100,2026,3.47,163,"Electronic, Ambient, Reggae",synthetic,2026-08-08T00:56:44.307637,2700,True,illustrative_synthetic
